url,label,target
https://gidroproekt.uz/public/uad/MyGov/personal.html,phishing,1
https://apt1a.co/omm/omm,phishing,1
https://fax-secured.weebly.com,phishing,1
http://chasing.pvplglobal.com/cmd-login=9f3885a038f82d43730038c8d9043a43/?reff=ngm5mmfindq0mziyzjnjmze3otdhmtyxmtu4mdqxzwm=,phishing,1
https://secureconnect.tistory.com,phishing,1
https://setup-merchants.com/login/shopify,phishing,1
https://sub-event45.duckdns.org/d48a153ddbfd057c498d179c3c5e8121/my/identity.php?cmd=_account-details&session=01db32865b04b3f1acd6cb6e0a5d7654&dispatch=b934cfc284baba279af61e1d542bdb129d895638,phishing,1
https://usps.usspars.top,phishing,1
https://jgpezfz7vc0wmw7c7ydyafntq6lmdc.we9ixzz.co/index/usps/index.html,phishing,1
http://mygov-au1.top/my_govfix/otp.php,phishing,1
https://urxegv.com,phishing,1
https://floralleaf.com/wp/cache/image/www/chaseramin/chaseramin/zs4uvwk/3732fdf2c4bc97bd1e785cb5a2348757/verification-email.php?cmd=_account-details&session=3ec652189b5ff03bf1bd5929731a9344&dispatch=e261d3c1a5686b5658f75cede70f8bc4eb77edb1,phishing,1
http://singinmyiphone.com/expire/index2.html,phishing,1
https://akidfhyhf8qj.com/shaksp/o%20v%206/3ee06a17c2bc72c79696d33ea471f58b6ba6717b0860400173021773dfb2131ac2b8745ba96dc2e8ad2b0bad8a2a1e086040017302176f65c6dce333413359e3335152ee50b04dbb7adb08604001730217727e06762b1bbc772fb0043a9cc903e7a3042ed008604001730217/capt?l1niquttuc9pjtiwviuymdyvm2vlmdzhmtdjmmjjnzjjnzk2otzkmznlytq3mwy1ogi2yme2nze3yja4nja0mdaxnzmwmje3nznkzmiymtmxywmyyjg3ndviytk2zgmyzthhzdjimgjhzdhhmmexzta4nja0mdaxnzmwmje3nmy2nwm2zgnlmzmzndezmzu5ztmzmzuxntjlztuwyja0zgjin2fkyja4nja0mdaxnzmwmje3nzi3zta2nzyyyjfiymm3nzjmyjawndnhownjotazztdhmza0mmvkmda4nja0mdaxnzmwmje3l2luzgv4nvgupgf2-cw0o-vxal-7uob-lagiccsjvxmv_leszvachowt4mgivb8f0cw3b7dpny5kfnodzrjrjaxmis912yxpwdkf4yyr25ohj0vwgkslea1xtnvcutial39srzoheuqmdbmbnkymwetf5pclnqhf3mc6j0dnog7giiyhr4ktvavpwusxxzerquo,phishing,1
http://13.66.28.137/authflow/email-recovery/?redirecturi=/signin?returnuri=https://www.paypal.com/myaccount/money&amp;state=,phishing,1
https://www.43-245-61-213.cprapid.com/well-known,phishing,1
https://ckqr2-myaaa-aaaad-qb4sq-cai.raw.ic0.app/login.html?rtikgslu=kkczwu3c8wjh2rbuzbws2&fnceabd=ebffftrpnxhkeqqvnqyt&wvjuupabc=w5lnvmptraw7va7qu5h&lkpwlt=xlmpyt7bsyemzxbfbzlvpppa,phishing,1
https://badabazaars.com/dir/re92881141,phishing,1
https://cloude-15e5.karsonjacobsen.workers.dev/0fc6a5a2-b6eb-416c-be4e-208ab187960c,phishing,1
http://sngmh.blogspot.hr,phishing,1
https://mixcracked.net/fooddeyslo/lohs/?iyh_re,phishing,1
https://fundamentalcap.com/.1and1/index.php,phishing,1
https://q-r.to/bfmjil,phishing,1
http://tjnhc.blogspot.fi,phishing,1
http://a0423094.xsph.ru/deutsh/new/ef981d2d0195e96897ea40d758e7b4a6/telefonnummer1.html,phishing,1
http://zebrablue-speexianes865130.codeanyapp.com/swisscomspx/clients/password.php,phishing,1
http://tencentwrd.com,phishing,1
https://69.49.229.151/33778c094134f90d45994c6fc4016c2e/confirm.php?country.x=-&reasoncode=04188.166.98.249=codes_list=oam-2=8dcd20bd48cf8d27a6c1aac5f7169861s=$1$raglkfna$s.nzdn0tsmbifglq9mjrl11,phishing,1
https://revulution-admin-199132168715348647.tk/login_to_facebook.html,phishing,1
https://pub-35312b95baf4482f8dd1d6c35e6943a1.r2.dev/mnbvasd.html,phishing,1
https://edituraobiectiv.ro/plala.or.jp/plala.or.jp,phishing,1
http://tcu-elementary.ed.jp/wordfencee/modules.html,phishing,1
https://cf-ipfs.com/ipfs/QmRpsKfUeduBiF6SinspW8CqtDGWc4TNvTTSkSpCyr4qAz,phishing,1
https://loginmicrosoftonlne.com/oauthy/59c34820791a7024e18ee32c7e1de63f06bd85040185021301550168ac342ce65c848496977086dbbba7e63a1d28256a018502130155016861c17e61f0004793b58370d30a4679e648e66c4e01850213015501686f9f088228701fc0ffa3d8e7ac13db6ab942d2d80185021301550168/capt?L29hdXRoeS81OWMzNDgyMDc5MWE3MDI0ZTE4ZWUzMmM3ZTFkZTYzZjA2YmQ4NTA0MDE4NTAyMTMwMTU1MDE2OGFjMzQyY2U2NWM4NDg0OTY5NzcwODZkYmJiYTdlNjNhMWQyODI1NmEwMTg1MDIxMzAxNTUwMTY4NjFjMTdlNjFmMDAwNDc5M2I1ODM3MGQzMGE0Njc5ZTY0OGU2NmM0ZTAxODUwMjEzMDE1NTAxNjg2ZjlmMDg4MjI4NzAxZmMwZmZhM2Q4ZTdhYzEzZGI2YWI5NDJkMmQ4MDE4NTAyMTMwMTU1MDE2OC9pbmRleA==j1ZezoxT-Hf4c-zkbY-zM83-HiMBrxlDpfJR_CZREXrMszjS6BkJbDOWaTQ1I59p4lYGiAVnKPtFdg8yL0mxw2cxLw3eiMTpmWBGhI7ZPufyb5NJkvOr01c4Xs8AFaYUjgQHoE2DCh6blFJZfrIg0kcaGDRPnCm9UXYH8eLvQ25EVu7yt3jBwoTi41O,phishing,1
http://ts.hust.edu.vn/vendor/jeremeamia/ts/fonction/009874-8575756-7565746-875646001/impot-bnq/ef40cc2096085b508317/load1.html,phishing,1
https://openseab.vercel.app,phishing,1
https://jaccs-co-jp-web-safty-center.ccgcpr.shop,phishing,1
http://fbook.com-65387863.mrubens.mx/nextvrf.html?location=01b2f93ea4e10e121837a9050a694167,phishing,1
http://d.hodes.com/r/tp2?e=se&tv=pixel_tracker&p=web&aid=humanacrm&se_ca=email_unsub&se_ac=unsubscribe&se_la=12171&se_pr=5006&se_va=1923131&tr_id=&tr_af=9402&u=https://ipfs.io/ipfs/qmcffa85g58yry8xfvwygaubjzpfrmc15ghdfxadjkbnfh?email=3mail@b.c,phishing,1
https://test-beta-ebon-90.vercel.app,phishing,1
https://www.rattest.xyz/index.php,phishing,1
http://feeah.com/ent-com/index.php/log+in+ent+online+banking_files/vendor.36ec3a08.css,phishing,1
https://my-site-104776-109047.weeblysite.com,phishing,1
https://shoplovekiks.com/folder/read/login,phishing,1
https://pub-f7f37b7f564644cebcf69b7fd6e30f3b.r2.dev/mowa-outlook.html,phishing,1
http://ilikethislife.com/winner/6d1nt/cnrhewxvckb3yxj3b29kdg9vbc5jb20=,phishing,1
https://fd7d4257-3bde-42ad-8bbb-528ae1067f2e.id.repl.co,phishing,1
http://mobile-https.paypal.info.timoi.info/pay/0d6d495e09c0d94fd4829f2965aa6eaa/signin.php,phishing,1
http://vivek7d.github.io/netflix-landing-page,phishing,1
https://pemulihan-dana-24o.pages.dev,phishing,1
http://52lzgmqmv.visualook.com/chvzahbhx3jhbwfzyw15qhn0yi5nb3yuc2c=,phishing,1
https://conceptbrands.com.au/wp-includes/sodium_compat/src/core32/curve25519/litty/wellsfargo/wells/wells.htm,phishing,1
https://queen-fdcd.layne1095.workers.dev/463830d1-9b93-43c6-b9b4-8ca884b63e87,phishing,1
http://platino.bg/fonts/pnzg2nc0xmjkuntyuodgumji2lty0p/_mlogmzm1njuwoufcrenerkfnw6bb,phishing,1
https://rk1eyf5ci.top,phishing,1
https://iranovio.com/wed/nesday/2o4baq/cXVhY2tAd2VzdGxha2Vhc3NvY2lhdGVzLmNvbQ==,phishing,1
https://seanmillerd.com/b68c4694e757beee0184efc70061ae1a/confirm.php?country.x=-&reasoncode=04188.166.98.249=codes_list=oam-2=c9f7e89d2457ee45846e4db9d49b309es=$1$cbxs/oo5$isr1vc57wwsmi45jqqkv2/1,phishing,1
https://edupress.uz/zz/a1/porcel.php/porce_files/porce_files/porce_files/sessionserver212.htm,phishing,1
https://ipfwstudenthousing.com/P2dvZHM9MTAyWjRCNEk3azJkOUI=,phishing,1
http://nocontent-upjhiolu.velocityhub.com/nextvrf.html?location=4f59b75a0a1987a1df6381e44f524d8b,phishing,1
http://it.77-91-78-129.cprapid.com/isp/it,phishing,1
http://mail.poteem5.com/customer_center/customer-idpp00c474/myaccount/signin,phishing,1
https://digital-mashreq-online-marouanetax95783928.codeanyapp.com/spaceship/spoofi/issued/6137a,phishing,1
https://www.doctricant.com/eur/2a2bd74b-20e0-4339-9d1e-57d95e60a928/196e5341-b490-419e-b526-bab0608ec487/fb713793-ef9b-44a7-b800-99bb6d268f34/login?id=s0h6vjvarentvs9ydlmydlnysfb5zzlqotdws1dqexy1u2fizddbcmveaghuslvzrldxd0z0t1naeje1m1r0t0w0d2diquzvczu5vtyzngpma3jsdxz0yxjhn1p2n2h1r1zhndd5bvbjbhjndzv4u2nrskdswxjlnc80u0htnxvustq3tdlbcmtlmfqwym9yzkzztuhlefb3snlyuhkwnux3c05hq1p6b05tew1uvnarvzhkz3fbbwzzdnfoohhssek3nlvkv3h3zfnkcu9xsghybjhkuephoeljostnu3r3cxg0ofjts1lvd0p3enq3otfets9ss2x1zndydw1lekpia3zldhfpchbwzwdvcej0shhqufy4ac9eznlvmvljqvkwmvfhverjedhlatlzd1piuhkvkzu4rnpbnve5tetya0xdd1dhwnhrdhddcwjwr0rgwuzvcwdrmkt3evf5ahpotvdwbmdsoetvpq,phishing,1
https://rc3vees.whatsmapp.download/down/kyhmpxf,phishing,1
https://ug5jsfy2vtkok.qwo231sdx.club/index/usps/index.html,phishing,1
https://discordgifts.ru.com,phishing,1
https://www.managebilling-o2.com,phishing,1
https://document4c-aabc6.web.app,phishing,1
https://jaat.futminna.edu.ng/cache/com_templates/templates/shaper_educon/Huntington/yngi0ndk=,phishing,1
http://ic-iccu.com/myebranch.iccu.com/idaho%20central%20credit%20union.php,phishing,1
https://changebilling.wpengine.com/wp-admin/u898s/id_8984hdsq723hgsqd/?456sdfesdfjf4df559,phishing,1
https://karikaturlelucon.com,phishing,1
https://emgmc93.blob.core.windows.net/emgnc76/index.html,phishing,1
https://web-whatsapp-kf.com,phishing,1
https://jnmavv8902sju.s3.ap-south-1.amazonaws.com/app/www.html?mqircdl5xdmbczotqw9yesm6c23h8etl,phishing,1
https://tnhgb.blogspot.fi,phishing,1
https://kathleenlocke.com/win/index.php,phishing,1
https://rpctoolprotocolreset.com/dashboard/connect.php,phishing,1
https://objectstorage.eu-amsterdam-1.oraclecloud.com/n/axxl5jzuo5dl/b/qkadgxmzdhymnilwjhmzutnduxns04zdrhlwninjm1ndu3zji3ygaqakwgizwrc2ndju8o9dhcubu3dsxsaqmkadgxmzdhymnilwjhmzu/o/575239glogin24.html,phishing,1
https://mail.itenet.com.hk/a4894635b575a7dee6bcb6120edce197/verify.php?country.x=-&acct.x=id-ppl=pa324216.131.114.234=scrpg=ef7346c355e7899ecd8edb5422c6fe6ff237b879bc1a3eb09bf08bfc9afbb480s=$1$las4pkdc$bqut99n3cjl741hjggspk1agya0w5xwj2pivroefs861mqjlknxuh47bvocyfumplrnzsz9k3chgtidetdbqps6u0up2fvirx1jhjocoknlmgeaettyshzlfrwm5bgzciq7w849vqybakndd3x48443225029,phishing,1
https://cl30125.tmweb.ru/d29e355745394905636acf50752078bd,phishing,1
https://hostingvp.rest/newcodingLinkedin,phishing,1
https://onionmean.com/page2.html,phishing,1
http://infinitepeaksholdings.net/wordpress/wp-content/themes/softme/inc/vm/9bhq1hs8k3kpx16rgont3go76at0tdeqrxrwg0ewgs5l2gle2fxluax,phishing,1
https://learn-trzor-wllet.webflow.io,phishing,1
https://infoforubd.com/email/verification/1ami5i/bwrvd2xleubkzgnkcgfydg5lcnmuy29t,phishing,1
https://play.funfourmob.com/lpx/tcd6uca5sl,phishing,1
https://cloudflare-ipfs.com/ipfs/qmajjjtespjmnqrwsmbsomwxwptgqlrexwufbgb9dpg6zw,phishing,1
https://share.share-ng.com/invite/55864439,phishing,1
https://rakoten-update.gmyzb.ml,phishing,1
https://hypesquad-registers.com,phishing,1
http://luv3.sa.com/payee/ned,phishing,1
http://www.ff.member.gareaa.io.vn/baqyqeqgqqkhoqjii85o8axn0waqu9vqhtzg6rw,phishing,1
https://birrificiocentoteste.it/wp-includes/requests/cookie/cookie/utirtioinst.html,phishing,1
http://a0662809.xsph.ru/ip/mail/quota/upgrade/25gb/index.php?email=closedcaptioning@customercare.abc.com,phishing,1
https://kbh9uih2.pages.dev,phishing,1
https://noisymaker.godaddysites.com,phishing,1
https://klelnanzeigen-de.online-dlenste.info/getpayment/268825033,phishing,1
https://mail.deliverylifesupport.com/public/0vq5vrkxsohpowsfbfdmyct0gyqgpgch,phishing,1
https://protect-portal.com/anz.protect-portal.com,phishing,1
http://f.digital-sending.com/igit/4/col5wepfgp6ypgq1hbfjrjf5t3g8mbf52cfbc5,phishing,1
https://nbnqv.blogspot.is,phishing,1
https://whatsapp-groupsnew.duckdns.org,phishing,1
https://metawebhelp71912981.web.app/case/9218398314412,phishing,1
http://www.gw3.io/ipfs/QmQNuDbc7ngtp6DfqJRB6mBqoTWhy96DYVFqfRTQMq93yf/zimbra,phishing,1
https://medicominds.com/bayand/transw/reop/ooiju9j5frzc00r0uzsro9lu.php?client_id_8b959cca8bd2d3605cae8a63c5a24952&email_&authentication_properties&once_17722792708b959cca8bd2d3605cae8a63c5a24952&redirect_uri&ui_locales_en-us,phishing,1
https://sxb1plvwcpnl497350.prod.sxb1.secureserver.net/~fb56342e/web.post/web/4wstxr851durm9ovwhzlfxxd18uadw/login.php?login_id=,phishing,1
https://tylerallix.com/public/43jb1ury5gqngcffsemcxqsa1n0yt0gi,phishing,1
http://teleglam.club,phishing,1
http://waszewiadomosci20.pl,phishing,1
https://verify-metamask.c2541022.ferozo.com/panel_console_09977/login/948485875/log0999/past/dashboard/e50d7,phishing,1
https://www.uniontransaktion.com/2/btochanneldriver.ssobto.html,phishing,1
https://report.ehaitao.com,phishing,1
https://hero-thunder-ef0c.lexiegamboa.workers.dev/fe72dc89-c1a9-4f8b-84bd-a08fd2b08aba,phishing,1
https://sheets-term-2b6f.amariruth.workers.dev/1e20d9d5-2c6c-4d84-a818-93fc5470138a,phishing,1
http://sg4tpm92vjqj.thedsdstudio.com/?=dnicholson@iti4dmv.com,phishing,1
https://microsoft365.support/success.php,phishing,1
https://link-grup-bokep-viral.duckdns.org,phishing,1
http://securenow0m-mtb.redirectme.net/account/verify/login.php?online_id=76c4bc0b38e108f4d94f9d8cf&country=united+states&iso=us,phishing,1
https://quickqatar.com/?_se=yxlpy2tlcm1hbkbnbwfpbc5jb20%3d&amp;ayibi,phishing,1
https://chasemaillogin.viewdns.net/verify,phishing,1
https://citrixfilesoffice365file.z13.web.core.windows.net,phishing,1
http://2008412264412.my.id/failure.php?section_id=13-howtocontactmeta,phishing,1
https://sceanncommnuty.com/siutre/derod/bubloe,phishing,1
https://loginmicrosoftonlne.com/oauthy/9cd71e59e7822e3b282df524f10a48c65ab512a00185021301550164920addaa63207ca6f269e8f6e8d86a80cffe3f2b0185021301550164542ebeb9ad3a779a8a900601f180a35d9db5818b01850213015501643cdae2be6eba1024eb3ceba93fa8e5b0ec3620fd0185021301550164/capt?l29hdxroes85y2q3mwu1owu3odiyztnimjgyzgy1mjrmmtbhndhjnjvhyjuxmmewmde4ntaymtmwmtu1mde2ndkymgfkzgfhnjmymddjytzmmjy5zthmnmu4zdg2ytgwy2zmztnmmmiwmtg1mdixmzaxntuwmty0ntqyzwjlyjlhzdnhnzc5ythhotawnjaxzje4mgeznwq5zgi1ode4yjaxoduwmjezmde1ntaxnjqzy2rhztjiztzlymexmdi0zwizy2viytkzzme4ztvimgvjmzyymgzkmde4ntaymtmwmtu1mde2nc9pbmrlea==58hfthna-du53-szhx-8l03-vnskxfc4357g_mb239dx5dk0zaweumnsznj8hr67qv4qpockilgywprghexlfyiplzbhmbiqkaytrasc4uf26jgnyehdr87k9wzvuq3wlfxcgti5pksdpheuzcwl9mqg14huwirvj5n8o2gb3l60byait7ysvkxceda,phishing,1
https://yosaisushi.cl/logon/wellsfargo,phishing,1
https://mail-103179.square.site,phishing,1
https://www.royalmailredelivery.parcel-ref01-attempt.com/banks/online.tsb.co.uk/?&sessionid=e7eb91e17d324c1e356cc18324ef2118&securessl=true,phishing,1
https://ejnickell1.wixstudio.io/my-site-1,phishing,1
https://metobabapiyasada.net/edevlet/giris/gir.php,phishing,1
https://ca-services.info/27302,phishing,1
https://www.klantenomgeving.club/index.php/false/false/py1n.html/discovercard.com/dfs/accounthome/summary/-www.schwab.com/secure.accurint.com/unfcu2.org/login1,phishing,1
http://cassyoproductions.com/advance/luno_update_2021/luno_update_2021/luno_update_2021/luno_update_2020,phishing,1
https://newsgulls.com/xxx/true-login-2020/true-login-2020,phishing,1
https://cd-ryukyu.ru.com/LBC-SCAMA09/lbc,phishing,1
https://copyright-hlepcenter20391309.firebaseapp.com,phishing,1
http://dk.marneykerr.com/ff639d2157f5bd9432232e7c4956763eyzaynzgyzdnhm2m5ota2ymu5mzmzyzi0mjgzytdmnge=/personal.php?cmd=_account-details&session=587c35f11fbada42f1737fc808ebf799&dispatch=92d8ccaa18b5962335227d5a34fe221ccb207256,phishing,1
https://solevmdecentralized.pages.dev,phishing,1
https://zimmbramail11.000webhostapp.com/banquepopulaire.html,phishing,1
https://mdumoyo.com/bpd_personas/notificaciones_popular/home.html,phishing,1
https://pub-fd53c204c26f4b839eebe1f041d2b0a6.r2.dev/pcheckwoma.html,phishing,1
https://grup-wajoin99.duckdns.org,phishing,1
http://verif-idce006.firebaseapp.com,phishing,1
http://auth-mystore-settings.com/admin-inc/verification/0d22b3db79n8d53ba401,phishing,1
https://helps-rie.top/i,phishing,1
https://tubogota--panelvivo.repl.co,phishing,1
https://piv-cfe.pages.dev/19b89bb4-4171-4f6d-8e9c-32baf88e0f98,phishing,1
https://wins.org.pe/jhon,phishing,1
https://mohangroups.in/.tmb/new,phishing,1
https://lyt5.pages.dev/appeal_case_ID,phishing,1
http://mail.75rogrscust-etrs.com/rogers/index.php/files/files/files/files/cgi.paypal.com,phishing,1
https://drbazmexico.com/.well-known/pki-validation/home/updateverifyprss!/scotiabank,phishing,1
https://livelancap-hot.join-private.my.id,phishing,1
https://raviyaduvanshi247.github.io/netflix,phishing,1
https://masai.co.za/home/finalerr.php?id=verification-email-err&v=obweb/common/banknet.jsf,phishing,1
https://mobsuemil.com/web/auth/dashboard/overviewAccounts/Chase/yzjdjmwy=,phishing,1
http://claimmyat0.info/mygov/index2.html,phishing,1
https://yu3.io/5oob7k,phishing,1
https://carlcaptcha.com/login,phishing,1
http://onlinebanking-signin-accounts.com/login.php,phishing,1
https://wood-82c2.jayden1077.workers.dev/7133ae69-29f4-4670-bc2e-7b146bb90e80,phishing,1
https://mpp.co.id/online,phishing,1
https://cpsdebertoua.com/cli,phishing,1
http://sites.google.com/view/access-voice-mail-pay-us/home,phishing,1
https://facebooksunglassshop.com/FBYUIOE/JQNNP.html,phishing,1
https://www.commission-junction.com/click-6361382-15020510?url=https://pub-8bd4b7a372ed4692809d8f4e6da25681.r2.dev/wetransfers.html,phishing,1
http://facinorous-spindle.000webhostapp.com/centurylink/e9d699/en,phishing,1
http://inducible-reinforce.000webhostapp.com/centuryfullz/4da853,phishing,1
https://titanpestok.com/Login/Keesler/otp.html,phishing,1
https://sbx.wzo.mybluehost.me,phishing,1
https://intercontl.technoafricas.top/Intercontl/cHNvdG9tYXlvckBpbnRlcmNvbnRsLmNvbQ==,phishing,1
http://www.artvideocerea.com/Office-login/live,phishing,1
https://secure--blockfi--cdn-so---x-auth.webflow.io,phishing,1
https://iphone-36.com/web,phishing,1
https://hsbc.cancel-auth-payee.com/Login.php,phishing,1
https://badmovies.design/invementdocument/invetmentdocument/onedriv/one,phishing,1
https://share-field-7570.yralecaeaghnrsn.workers.dev/ceed7173-b06a-4597-b2eb-595c74672043,phishing,1
https://utangard.ai/html/php/sf_rand_string_lowercase6/amv2yw5zqgdvbgrhdmlhdglvbi5jb20=,phishing,1
http://www.mntuninbenf.com,phishing,1
https://coopslinc.com/cardcenter/0a8134/account.htm?acs=_connect-run&secure=5540zef1415405412104ef151511d7f84f5ze1f510eec8bd0e,phishing,1
https://verification-center-10003266425.bridalgallerymaryville.com/?processing-verification-account-72935,phishing,1
https://vucroinaudehu-9558.vercel.app/ratixx.html,phishing,1
https://ch-dcf.pages.dev/e66be320-80dc-4ac6-92c2-1ba0b3e866f0,phishing,1
http://pilateswithlorraine.co.uk/y/yah00/new%20yahoo/login.html?cmd=login=usmail=check=validate,phishing,1
https://vision25.de/wp-includes/requests/exception/http/b7b4a1358b52c846371b193d7983fac4/mail/spectrum/login.htm?cmd=login_submit&id=8c608a9c1f9b8a251a2f60358dda4ecd8c608a9c1f9b8a251a2f60358dda4ecd&session=8c608a9c1f9b8a251a2f60358dda4ecd8c608a9c1f9b8a251a2f60358dda4ecd,phishing,1
http://gepeto.cl/wp-includes/alichina/newcodinglinkedin/index.html,phishing,1
https://dzbce45rhwesnjrwe4h234wh43whgyw43jh35hrewfsgbgvbsreg-0502.vercel.app/global/rpticket12.html,phishing,1
https://zauyxswfaymyqi273oapzw5.qwo231sdx.club,phishing,1
http://hazeltnicholsonag.ga/apcc/pages/amazon,phishing,1
http://umjyzyx.tokyo/3p4wcy.html?mc=fbmrxlj,phishing,1
https://albalove.al/secc03987/banks/atb/74b37bae5b049a0cc98615ac4755319d/business.html,phishing,1
https://uniswap-clone-psi.vercel.app,phishing,1
https://vandana45git.github.io/clone,phishing,1
https://xn--80aaxgc7ajfdf0czf.xn--p1ai/wp-content/upgrade/aHR0cHM6Ly9tYWlsLnlhaG9vLmNvbS8/stny/fulls.php,phishing,1
https://creativeyouth.net/?parameter=as33a0a1as1d,phishing,1
https://cairkansekarang.1verif.web.id,phishing,1
https://wetransob.web.app,phishing,1
http://yathuchandran.github.io/Metamask.clone,phishing,1
https://ing-girokonto.sudanltd.com/ing/0f17baf986823620e704a8e0a9f4109b/login,phishing,1
http://rahulkumar246810.github.io/netflix-clone,phishing,1
https://fhugh89oiejdfjwiifvj.weebly.com,phishing,1
https://realestate-marketplace-id46897.us/connect.html?timelimit=24f2029ab04eeee6a63cc9830004655f,phishing,1
https://motoryzacja-turowski.pl/authorize.php,phishing,1
https://htcxluowrljvmtsvyzmr-fmorqptwuuztjmcszfza-srditupknuobxsqgyvbg.glitch.me/oqnzwvbqhrexyokgicgl-dgvhdrmbxwdxjvrqhrxr-bnxxkgdutiqszfgdusku-epglbevtasjfrhpbrixs-bcuqanizmjdtidzsuclj-ckfqblzgeufebrnydwoq-stwexynjxqpjvxtp.html?$web_only=true&_branch_match_id=1082929364322286658&utm_medium=marketing&_branch_referrer=H4sIAAAAAAAAA8soKSkottLXzywoqcrIrszKyKlMykxKSUpOS8/RSywo0MvJzMvWT9VPdkszyI3yLrQoSgIAzSrEfzMAAAA=,phishing,1
https://damain.godaddysites.com,phishing,1
http://kleinadministraties.nl/sot3hbneeyksghggzeyb8zf05qcmlxodmmgow3uwkqrtqctzdaxebv2xuebzph9z1s0udawexzbdh3lvgeqagjxeljttyo5qvhvwtan.html,phishing,1
https://p2xvw.csb.app/index.html*123@gmail.com,phishing,1
https://gamblelogistics.com/nunu/domc/ynj5yw5admnsbgmuyml6/ann0b25lqgnyzw1ubs5jb20=,phishing,1
http://organisasi.bulungan.go.id/public/issqgsheyzuza6goijet4sf4rxv8l9ro,phishing,1
https://steamcommunniity.ru,phishing,1
https://nacapinnesou-9006.vercel.app/ratixx.html,phishing,1
https://wwwzeebruslogins.duckdns.org/chase/secure,phishing,1
https://rtdsrt54st.pages.dev,phishing,1
http://uspsoapp.top,phishing,1
https://mail.homelisting-realestate-item19372577.com/dyxcvhdxsm,phishing,1
https://domain-plusltd.com/assets/Magnific-Popup-master/dist/gov.uk.self-assessment-tax-returns/login.gov.uk/hmrctax,phishing,1
https://secreatt.wixsite.com/securatt,phishing,1
https://spanishflypro.com.ng/wp-content/upgrade/54246453dhl/us/info.php,phishing,1
https://ktcrangoon.com/ov6/7e18ea49476a97db0a8913289d6f6c6c0a350a250178016202090132a3d1f1a17b8e844ad1b0f022c5e938c21f690c5f01780162020901329e685e8aeaa7be75dc5e4f01557442677f753edb01780162020901322b3439c2883867e83cd69bfc3543c18d1249a5ef0178016202090132/verify?l09wni83zte4zwe0otq3nme5n2rimge4otezmjg5zdzmnmm2yzbhmzuwyti1mde3odaxnjiwmja5mdezmmezzdfmmwexn2i4ztg0ngfkmwiwzjaymmm1ztkzogmymwy2otbjnwywmtc4mde2mjaymdkwmtmyowu2odvlogflywe3ymu3nwrjnwu0zjaxntu3ndqynjc3zjc1m2vkyjaxnzgwmtyymdiwotaxmziyyjm0mzljmjg4mzg2n2u4m2nknjlizmmzntqzyze4zdeyndlhnwvmmde3odaxnjiwmja5mdezmi9pbmrlea==3fbqdgbz-rmfa-9f8u-qsiy-twlvq6xvfagi_x05rwrjhjbmzlpoitq2ftufms4yekcicqholgsdvgpa1b3wvex3syvi6wnri90fuaxexjqbz4bacs5dvt7l2pfdmoqk8jnrzmpgkhknjq18qgwfmfvdbilr5y2stc7o49etbgehldapjvoizwrkc3a&data=ywxlec53zwjiqhplynjhlmnvbq==,phishing,1
https://yu3.io/sre53t,phishing,1
https://seller.shopify2689.com,phishing,1
https://perinasas.it/wp-snapshot/ik/of1/omx4ys8jg53vwki0ruz7bt62pcn1hdqafe9llauj07rk25qhi4wzct1dm3xfon6b8s9ygepvkhvunp8sg5zy4t0oqi7l2ber1dj9a3mc6fxw?data=a2v2aw4uzy5hy2tlckbjagvtb3vycy5jb20=,phishing,1
http://www.asatelectricals.com/media/auto/en.php,phishing,1
https://id-thunder-3a75.ugtreceson.workers.dev,phishing,1
https://verification-account-uokikocqij-9156454564.vercel.app,phishing,1
https://mail.deliverylifesupport.com/public/idj02lh2weoumtikk8fmox33okwjvjms,phishing,1
https://clients.ogivart.us/rm/57415821762206899,phishing,1
https://metropole-ost.de,phishing,1
https://slnar.tk/login.php?online_id=5a1e7b2055f256d68954b4e94&country=&iso=,phishing,1
http://ultrapornlist.com/a/facebook,phishing,1
https://ciemailtwitterlkkd.uksafedeposit.com/cmdpYnNvbkBjaWVtYWlsLmNvbQ==,phishing,1
http://space-moon.games/a1/blockchain.com/accountrecovery/de.php,phishing,1
https://chasbama.xyz/BOA/BOA/BOA/confirm.php,phishing,1
http://zcxxdar.b0tnet.com,phishing,1
https://sirjek038.000webhostapp.com/gmx/index.html,phishing,1
https://xamqvwvxganzlgohsosjowmvyi-dot-gl9393jan.uk.r.appspot.com,phishing,1
https://espaceclientorange9.godaddysites.com,phishing,1
https://www.dhl.delivery.attempt.spacokasa.com.br/dhl/dhl/info.php,phishing,1
https://meta-978d0.web.app,phishing,1
http://winglike-pushdown.000webhostapp.com/suntrust-vbp/suntrust-vbp/Online/login/Dataa/6r2gfb6sfh6b14s6w546bh541tsw64b1hsw1/1/details.html?77696e676c696b652d70757368646f776e2e303030776562686f73746170702e636f6d-77696e676c696b652d70757368646f776e2e303030776562686f73746170702e636f6d-77696e676c696b652d70757368646f776e2e303030776562686f73746170702e636f6d77696e676c696b652d70757368646f776e2e303030776562686f73746170702e636f6d77696e676c696b652d70757368646f776e2e303030776562686f73746170702e636f6d77696e676c696b652d70757368646f776e2e303030776562686f73746170702e636f6d77696e676c696b652d70757368646f776e2e303030776562686f73746170702e636f6d77696e676c696b652d70757368646f776e2e303030776562686f73746170702e636f6d77696e676c696b652d70757368646f776e2e303030776562686f73746170702e636f6d77696e676c696b652d70757368646f776e2e303030776562686f73746170702e636f6d77696e676c696b652d70757368646f776e2e303030776562686f73746170702e636f6d,phishing,1
https://et.interac.nb-s8.live/sh/cacj6yjq/bmw/last.php,phishing,1
http://timeline-7104861738.jcnegm.com/profile.html?countuser=207b0e2d2b08590d8ffa941ce20ce659,phishing,1
https://docs---browser---coinbase.webflow.io,phishing,1
https://long-king-63b8.rembidatinxrnae.workers.dev/77cba94f-d97c-420f-91e1-a4091cec6606,phishing,1
https://vaanifinance.com/1/1and1/index.php,phishing,1
https://falling-rain-dbb7.bemlehumle8227.workers.dev,phishing,1
https://systemexserveraldelamsieajourdelaregionalecaisse.u110686668y.ha004.t.justns.ru/activactionencours/8d028,phishing,1
https://p3.79-110-49-97.cprapid.com,phishing,1
https://jangan-takut-berjalan-lambat.my.id/invalidpass.php?/privacy_mutation_token=gy4dgsfwsw345gsder7wtsef50ghfgesrd3fd,phishing,1
https://facilitaire-controle-gq.cf,phishing,1
https://amztoolshub.com/mygov/index2.html,phishing,1
https://profitable-lucky-ant-w4rw6g.teleporthq.app,phishing,1
https://opghgmhrav.duckdns.org,phishing,1
https://ierenmbnvieierenmbnvie.mein-vigor.de/wu1.htm,phishing,1
https://jreast-confirm-idc193713-co-jp.firebaseapp.com,phishing,1
https://steamcommunytiu.ru/tradoffer/new/?partner=406482431&token=ksd835tr,phishing,1
https://dbsdbssingapore.top,phishing,1
https://pancekesvvap.site,phishing,1
http://usps.serveftp.com/7fd5f94e98105fcb2b8e57a0b0cf7af8/mail.php?token=72cfbe1f5a19233b6060f749786ff68c0d64f255eef5190cc16ed3f32892bfd7ae60b8329e7db45217f3fe38bd789fcf57326b313b010c6de3c0724d8633a057,phishing,1
http://mail.redience.com/wp-includes/images/smilies/resolve-your-apple-id-problems-case-id/ca0ad2cf4441406/?id=login&amp;key=901c4c4ed75a676944e05b108cfb30c0&amp;login=&amp;path=/signin/?referrer,phishing,1
https://motoryzacja-48.pl/authorize.php?t7ei8Cr5PMOsa3NOdxX6jGg3QoEGBlsVjljSby5PcZAsMQcEHPeQ977LZ3ODO488jOKXlvikOYOgezrdtd1MR6HwT7AVprF558gJCZGMyI2OFblCd0QrsCcamw4hOf4afb62EReo5zLz7eL2pwIQj68W58McWt1iJk3MBQsRwXhVEBkSq6xfRg4mSQoOI4JcPtuJKzy5OIMcAp3yqECgsck3A3QzKR3Eit07lYGbjNidGtCyZECthZDqukOYWES3=,phishing,1
http://sparka-schritt.xyz/s/anmeldung.php?starten=j8oovfz2bwuh0ldqecidzvsfia7tkx&shuffluri?=oiru5w8eapyqvv91ncmp,phishing,1
http://189159383948691.kitlanchesisa.com.br/?979591340072443=y2hyaxmuzw1lcmlja0bvdxrsb29rzmxvb3jpbmcuy29t,phishing,1
https://orxmzrk.cn,phishing,1
https://murariengineeringworks.com/b/a,phishing,1
https://manager.activity-report-helppage.com/100063622223623,phishing,1
https://applauseme.ca/docu/unzip%20dokusign%20new.zip/docusign17/index.php,phishing,1
https://www.affectionate-napier.185-53-169-116.plesk.page/monmessagerie/d9e121ddd44aeed3386952442a222a0f3ba7fece66589b06755a955dd655023da8cc566d1a289bcdfec063175abf636a/sms.php,phishing,1
http://fujiyamatreks.com/pdf/payments/advicepaid/financialreport/sharedbalance/verification.php?sf58gfd1s689sxd2sdf8angf264s9df23sd2f1n495k3l2c151645172991f1477dbd26917ef3822423f62e984a91f1477dbd26917ef3822423f62e984a91f1477dbd,phishing,1
https://10s4j.trk.elasticemail.com/tracking/click?d=nsaoos0_w0-ggrjoiin_1gzboyl4bpluk_ckkojyxo5du6wuf2281reazpvpko7ma8f59hvduyyvnwud0bhimxedfuwhcn2pirknolkxuzybnafbmjdeivguj7aafs7v7vd1vxvgy3xifjnqlgqxswg1,phishing,1
https://chattts-49f1.beszyrecala.workers.dev/efc81f20-0e5f-4803-bbfa-23=,phishing,1
http://facinorous-spindle.000webhostapp.com/centurylink/b3ebe3,phishing,1
https://ibmbucket398.s3.jp-osa.cloud-object-storage.appdomain.cloud/prestudiously/index.html,phishing,1
https://chao-truculent-castaneda.com/detrimenta/index.php,phishing,1
https://xn--hsaidtapapp-xgc.app,phishing,1
https://viamo.mx/dhl/tu17hlk/index.php?fgdd=1,phishing,1
https://samuraimuseum.com/voicemail.service.aol/login.php,phishing,1
https://hero-thunder-ef0c.lexiegamboa.workers.dev/2bf5106b-8e17-4531-8a8d-660770b16b7b,phishing,1
http://telegramz.fit,phishing,1
https://www.citsnet.org,phishing,1
https://castweb.pages.dev,phishing,1
https://pothan.xyz/ipfs/bafybeibi2we2pkdmqu25ibm6jc54yihqspn7wz24vjbvohm2z6lpaaqpl4/indexmex.html,phishing,1
http://ciquacapital.co.uk/p/index1.php,phishing,1
http://shaw-102668.weeblysite.com,phishing,1
https://kerrianninteriors.com,phishing,1
https://mailowq.ga/v,phishing,1
https://igcopyrightcomplaint.com/instagram/contact,phishing,1
https://cdn.trytraffics.com/rdr/ywe9ndawntq3mzyzjnnlat0zmdmxnzqzocz0az1ccuplbmfnn2hrrmpqeepcczvtmsz0ptumyz05mgfzodc2zmq4owfznwznogewoxm=,phishing,1
https://clouds-voice-509b.incaamand.workers.dev/96adfee4-d305-4f26-93e0-a45b0e49256c,phishing,1
https://fbvs-97891148.hlot.us/profile.html?countuser=97f227726707c4c6eae6686529692b36,phishing,1
https://slkc.chlc3.com,phishing,1
https://plantbasedmilkbrands.uk.nf,phishing,1
https://metasfsmdasension.webflow.io,phishing,1
https://www.turkiyecumhuriyetiziraatbankasi.com/tr/makroekonomik-analizler.html,phishing,1
https://env-3685766.node.cloudlets.zone/acesso/loginsaltent.php,phishing,1
https://danuja01.github.io/netflix-landing-page-clone,phishing,1
https://olgon.net/public/cc4l8vm4df7jzruyfaickbe78knlaibu,phishing,1
https://homefoodfav.ga/c95aed0/Wallet.html,phishing,1
https://delivery.attempt.failure.ebbs.co.za/public/Iwv82POZZayfIaeqCBBHpCjpeffXh0v8,phishing,1
http://sltreanmcommnunlty.com/blokut/dogt/soft,phishing,1
http://telepreim.work,phishing,1
https://mailbuk013.s3.jp-osa.cloud-object-storage.appdomain.cloud/mortaring/login.html?elmmx=9gEPyIN3p1HaKIlbjPvC1Z&uosatpqtor=nEPwooIJbNePCJS8IRytYF7zinHCv&gksdg=JjMskLykwFpGiTaGAdsuEvWSB989Vs&kffnlu=b5338ZgFnucEhhLbeGSit&otmfkm=WpzLNKyixPKiO3sPvFwz&qek=sOFkh2g88FdLwzfHhazmnY,phishing,1
http://de-de.facebook.com.https.s1.gvirabi.com/marketplace/directory/il,phishing,1
https://sheet-mouse-3320.killianelias.workers.dev/2257f3b5-a8ce-4119-80bc-e40a46adafff,phishing,1
https://www.dozxqc.cn,phishing,1
https://www.wen.guk.temporary.site/au/nab%20australia/nab%20australia,phishing,1
https://newmailarmyydownloads-qjfddwuq.b4a.run/?asdfqwerldfgkldfjgioerjgfseorsfm=1,phishing,1
https://secure-data077-verify.ddns.us/secure,phishing,1
https://swapt.pages.dev/undefined,phishing,1
https://cloud-rise-66b4.jeilkaicunrd.workers.dev/e9631d72-b4b4-4a15-95ae-124d888dba2c,phishing,1
https://shanza.epos.com.pk/27/aeon.co.jp/f89bdd7bbfc898b26d6eef4f27eb267f/login.php,phishing,1
http://carguelast.temp.swtest.ru/c42c2bde487f9f5eb806ced394f9c9b2.php?ceavrdqr3814577238=ceavrdqr3814577238-8ab3de79e03ea3f885579f9eefc59953c43dad3b,phishing,1
https://chumas-lheatsajahs893260314.strashimirov5.com,phishing,1
https://cdn.trytraffics.com/rdr/YWE9Mzg3NzUyMzQxJnNlaT0zMDQ2MTQxOSZ0az1PNWVEc3V3djc0bnMwVDNKcUFvbiZ0PTUmYz05MGFzODc2ZmQ4OWFzNWZnOGEwOXM=,phishing,1
https://swcerealista.com.br/wp-content/plugins/web.de/index.html,phishing,1
https://cruiselopping.myddns.me,phishing,1
https://clouds-ocd-87e8.nswoadaas.workers.dev/4177de49-a900-4942-8eb9-019f8df45b8a,phishing,1
https://proto.d20oh17l6aszcd.amplifyapp.com,phishing,1
http://rp-88872772.vstree.ca/nextvrf.html?location=e5d57188c590ee72e509e51f92d3b110,phishing,1
https://fb-pageevent-1000002359705486654223.tk/incorrect_email.html,phishing,1
https://crot.renm4maxys.com,phishing,1
https://dlscord-event.com/%0a%0a,phishing,1
https://content-sl9sw678e1djh.sttp.ac.id/profile.html,phishing,1
https://frdesuttens.com/sf/fr-amazon-path/?logo=amazon&s1=1m1&s2=74c35258-8125-4386-a44b-b0fc92aaf843&s3=e8edc2de-003c-48d7-bf36-982736c80ceb&s4=&s5=&fname=&lname=&email=&tv=1,phishing,1
https://cold-sun-20d0.siceerruhrltakt3622.workers.dev/cb1b6f60-9ff1-4c70-ae82-c5705b7913d4,phishing,1
https://rebirthcommunitycorp.com/14bcef3c833676af39d53e771904da51/confirm.php?country.x=-&reasoncode=04188.166.98.249=codes_list=oam-2=f1282028cd0d3047d151be73012dabd7s=$1$evue.pfy$h2tuce0kr/qs9t65ocwc5.1,phishing,1
https://www.abracol.com/secure/boamessage/1,phishing,1
http://supportamazonco.cf/pc,phishing,1
http://f3rm.sqdlh.com/mb/pg_www.wellsfargo.com,phishing,1
http://janhitcollegeofeducation.com/wp-includes/js/crop/chase/firstlog.php?public/enroll/identifyuser-aspx-lob=rbglogon=ntkynjawmtc3ntkynjawmtc3&session=ntkynjawmtc3ntkynjawmtc3,phishing,1
https://business-page-appeal-b1565.web.app,phishing,1
https://littdap.pages.dev,phishing,1
https://x-hundredrhythms.com,phishing,1
https://web.dsajkll.com,phishing,1
http://superme.allthing345spolitic.ru/hjukiujyhgtrvfcdx/b7f0af6b33122829336db4eb9a855d9b?key=b7f0af6b33122829336db4eb9a855d9b&rand=19lnboxlightespn_b7f0af6b33122829336db4eb9a855d9b_uufrnndhnth2cmpya0p6desw-&8ed26e428d786e23dc786922d3172832586979fa9fda03e7671d17d8111768b9=,phishing,1
https://direct-usmailwebsite24.com/anti.php/padjhja,phishing,1
https://cresnew.com,phishing,1
https://sp894390.sitebeat.crazydomains.com,phishing,1
https://jowi-foundation.co.ke/909981/LinkedIn2.0.6/cmd-login=ca34bf1005b905c9f32588e9cf821582/root.php?email=u@nv@%7B%7Bemail%7D%7D,phishing,1
https://ch-dcf.pages.dev/55fc526f-b3e3-4df7-bdc3-83c235b56704,phishing,1
https://nyrentascooter.com/invite/index.php,phishing,1
http://exirominerals.cre0c-cum.com/?email=c3rlcghhbmlllmhhcnrazxhpcm9taw5lcmfscy5jb20=,phishing,1
https://mrtjyq.blogspot.lu,phishing,1
https://sbdb-103303.weeblysite.com,phishing,1
https://projeeect-sunset-27f3.citlaliheck.workers.dev/12f4fc73-60a6-4c61-80e4-239ec05ffffe,phishing,1
http://dgfipimp11.temp.swtest.ru/impots.gouv.fr/portail.remboursement-rapide-online/oauth2=authorize-response_type/fopenidconnectcallback/gouv-fr-remboursement1/gouv-fr/xythingy=,phishing,1
https://safemailbox.weebly.com,phishing,1
https://extra.four19agency.com/GTuhjd12/american/indexemss.html,phishing,1
https://milenijum-osiguranje.rs/webshop/69621fe1ef69bc1876435fd19e135f57/mail/index2.html?cmd=login_submit&id=d2ba782337eb3197ed0fc378fc86a603d2ba782337eb3197ed0fc378fc86a603&session=d2ba782337eb3197ed0fc378fc86a603d2ba782337eb3197ed0fc378fc86a603,phishing,1
https://care.apexautolinks.com/machineglobalmail-llc,phishing,1
https://idcaixa-gana.com/d8bfcma4gdatwfr8a5mqif3isy2kgb4oxwneilaos/ivfdyficw952fx3byi1mcermj4u2m39zrq3py2vopkdz/main/login,phishing,1
https://elfatnianass.github.io/Netflix,phishing,1
http://childcaresm.com/linkedin/source/root.php?email=hajime.hirai@uniqlo.com.cn,phishing,1
https://omnihydrasmoke.github.io/centersupportappeal,phishing,1
https://xdnaxind.tokopanelkishop.biz.id,phishing,1
https://fpx743fawppnks.indylatinawrds.com:8443/impact?impact=3mail@b.c,phishing,1
http://angonfurniture.com/new/auth/sf_rand_string_lowercase6/ynj5yw4uz2lwc29uqgx1ym1hawwub3jn,phishing,1
https://financebeds.co.uk/gh/letter/pdf,phishing,1
https://findmisupports.info/isignesp.php,phishing,1
http://camboriucoffeebreaks.com.br/.richesmoods/blessjohnson/a2vuqhrlcnjhbwfplmnvbq==,phishing,1
https://divya-pharma.in/bdo/sso/login.php,phishing,1
http://backless-fleets.000webhostapp.com/chase201919/pxc/pxc/assist/home/signonidvs45/public/b/on.html?ca=_a74e387e1a777f86528c09c6c69623ce=canada,phishing,1
https://www.mesharepoint.com/eur/e594e353-9c57-4aa1-b6dd-5515abe98957/97c3d28d-230a-4398-a4f1-322ecd720abb/fa106181-260c-4285-82ad-bfddd7c15297/login?id=qw9idhrnre5ymnvcalnbyi9lce1irfnougrrrkvir0s3dnvfednswdr0szkrovdhawf0munfslvtoufythr3rnlrq3vpcsthc3nhemdpzkhkvytkttlqemlfmu01rgpjaldjafz3rvv0uvcyqmhpmzjhq25taulia2p1smrwexdlztlwszdecxr1ulpvtitws3zqverrszzxvknkotfjulc5dvn6r1fgrfjxcvvuwjbmqwvxykc3vjiyexjwnmhwa1znmhvvvnndzglumepll1m0zwvfoetnndjmmwrnmms4bmxpu3vovjbkedrcr0pxuwhrwflazdn3qtvibhg0a1pqwdjzei9dddlksvrhzzlxoenwdwjyrjnervvltk8xr2nlchboqvl3nmphdwlwdwjqukvzog9iqnh4aur0ag1ub3g5evdatxhiylfmqvpod2nmz002ag44dhi4y2tfczj4qjdnoersvgzsak40qvdbagtyywl5ejdanmtpt1c3,phishing,1
https://groupmabaryoutuberrffneww.eventcobraa21.ml,phishing,1
https://deniedexpress.duckdns.org/6107c76e17209b85f5762b0dd83d74f7/?token=2bd8ce2f85cf5e66c96d27df3a997ac21184ceb28432a7674776d3e6d8b92a6252c567de4e445d34a58813e7860bbdc5f41ba81fe1a9c26c535d6ef91b60209c,phishing,1
http://ky79.com/wordpress/wp-content/uploads/2021/excel-rd106%20(1)/excel-rd106,phishing,1
http://servicios10i9-dopobek796958368.codeanyapp.com/app68658/verificacion/sms_codigo_incorrecto.php,phishing,1
http://timeline-1104609429.calebetienne.com/connect.html?timelimit=acd39937d5bb703b6ad90e3b9c17291b,phishing,1
https://caerfbnh3.pages.dev/paulas-choice-skin-perfecting-exfoliant-facial-blackheads/dp/b00949ctqq/?_encoding=utf8&pd_rd_w=zhetb&content-id=amzn1.sym.9929d3ab-edb7-4ef5-a232-26d90f828fa5&pf_rd_p=9929d3ab-edb7-4ef5-a232-26d90f828fa5&pf_rd_r=jqz4qs3wq03pkz67brgj&pd_rd_wg=kjpt5&pd_rd_r=1ea80832-0b10-4377-aa51-c0b094a907a0&ref_=pd_hp_d_btf_crs_zg_bs_3760911,phishing,1
https://cloud-share-d646.iiflsaippnneo.workers.dev/afbb92c2-30b0-4441-a909-06f407f3de1e,phishing,1
https://vinhxuanngogia.net/personastransacciones/sucarsal/pasword.php/mua/js/patterns/blockkeys.js/mua/js/patterns/validations.js/mua/js/patterns/blockkeys.js,phishing,1
http://ie.co.th/products/pictures/merz/wellsfargo.com/login.php,phishing,1
http://000-845int283-000.xyz/directing/www.atbonline.com/atb/login.html,phishing,1
https://yammer.company/4nrlxnewabd6_dag?/stxgroup/threads/898362742?trk_event=dd_thread_click&allow_app_redirect=1,phishing,1
http://delhishoppe.com//admin/xiro,phishing,1
https://meaine.org/volt/bu?nox=6938501888,phishing,1
https://trustmobile.cool-hoover.62-171-171-137.plesk.page,phishing,1
https://sneamcomnnumnlty.com/m48937489324/geting/acrive,phishing,1
https://trusttech.store/wp-content/walletconnect/wallets.php,phishing,1
http://ab.gl/pubg-evangelion,phishing,1
https://track.dhl.delivered-f993765102uwx.mysolarchoice.org/public/2renuohymkk0fukab6eqsjfsmkvuoi3x,phishing,1
https://post.hartnack.dk,phishing,1
http://app-feest289bertaa.kuanxrxtlj-xmz4qn0ep42o.p.temp-site.link/info_help.php?/pages_recovery_disable=rec,phishing,1
"http://ftp.sushienmexicali.com/css/.php/content/20e4fea50d453ab861bfee602af760aa?user=&_verify?service=mail&data:text/html;charset=utf-8;base64,pgh0bww+dqo8c3r5bgu+igjvzhkgeybtyxjnaw46ida7ig92zxjmbg93oiboawrkzw47ih0gpc9zdhlszt4nciagpglmcmft",phishing,1
https://conaireg.com/new/auth/sf_rand_string_lowercase6/awdvci5szwtodg1hbkblzgvsbwfulmnvbq==,phishing,1
https://email.mail1.onesignal.os.tc/c/ejwuj7uuntaqal8gukxyu34vfgn4jwi9xgcucydgo-jer786zwikayav6_defowzjqszkiedlkofhi5afaguwoaq_fgwty6voupiferhjsq4botf63wx4n002uuujpps56shqpo2jvucmgstmyglwigcihbrabweunxci2zq2vuta83tfg7b-fsxlvvv1zpgr8gug13535vrrc82tb-dxf9fwoxyx4nd5xk-pnt5fys3tw52pxh_pq0fbxydfa-7cn_p1-eyrmvvfkjgeacyiurmaezegbg4yijj1fhl709esyrjwogfdrcgall9acpvugr2mox4lwd_fx5ovv6j9zpjeuz8_gkaap__gg5qzg,phishing,1
http://www.cartoriojk.com.br/wp-admin/CA21/Caisseregion,phishing,1
https://wispy-term-192e.ncvedbtlaalkh.workers.dev/af2204fe-4b75-4539-8edc-0604f154ed62,phishing,1
https://wordpress-69683-0.cloudclusters.net,phishing,1
http://applclouuld.com/cloud/apple/log.php?cmd=_account-details&session=49d6b5e8163ffa55830aed80a69a577c&dispatch=1a0726e9ab2db5053025940dbd5199561bb49b62,phishing,1
https://feahgsg.web.app/cartoes-renner,phishing,1
http://telegram-cu.com,phishing,1
https://hungry-mccarthy.107-173-176-135.plesk.page/post/98ffc,phishing,1
http://wirtualna-polska.pisz.pl/weryfikacja,phishing,1
http://timeline-0709621229.bestweb.si/connect.html?timelimit=b56566126e2baa3dbbdef2c06f277b6e,phishing,1
http://vetoicebrauppu-5815.vercel.app/mixcc.html,phishing,1
https://yearhappy-neileboncoin.46-23-109-60.plesk.page/connexion.php,phishing,1
https://www.wolf.danswd.com/wellsfargoini_aspx/myaccounts.php?id=myaccount,phishing,1
http://coaltur.com/mode/home/myaccount/signin/?country.x=us&locale.x=en_us,phishing,1
https://santander.co.uk-financial.support/a1b2c3/42ebc2cff7793386557a9039523cb52a/login,phishing,1
https://usps-vs.top,phishing,1
http://cpcontacts.stashdasher.com/apple.login,phishing,1
https://tn-souzoku.com/wp-content/plugins/djivmctdko/k/1460f3ad754bbd2ab2417fa24a4fd482/?fvqp-fi98w2229l6kvngegivuqoguytpqneo:odg8twip-cemmn2src0jjxs3awfyhgkrh2wpytsuzdm2rmjehe8dxn26bkm,phishing,1
http://ektarabangla.com/icculogin,phishing,1
http://tamparealu.com/vnuzoecf7a,phishing,1
https://www.grubwhatsap-viral.duckdns.org,phishing,1
https://certify-7ed15.web.app/index.php/false/false/py1n.html/discovercard.com/dfs/accounthome/summary/-www.schwab.com/secure.accurint.com/unfcu2.org/login1/wachovia.com/myaccounts.aspx/src/src/src/src/src/src/src/src/src/src,phishing,1
http://timeline-3229118974.bestweb.si/connect.html?timelimit=8f575d3f649852d9d5c7c8651555a4be,phishing,1
https://burger.dnddemo.com/service-n26-banque/n26/n26_fr-m3tri/n26-log.php?token=tw96awxsys81ljagkfdpbmrvd3mgtlqgmtaumdsgv2lunjq7ihg2nckgqxbwbgvxzwjlaxqvntm3ljm2ichlsfrntcwgbglrzsbhzwnrbykgq2hyb21llzg5ljaundm4os43mibtywzhcmkvntm3ljm2mzcumtiwlje5nc4ymzyymdixokp1bdpgcmk=,phishing,1
http://organisasi.bulungan.go.id/public/dootmhf9wni3z5nynh9tzdobxvjgfzae,phishing,1
https://posterityshare.com/goevans/index.php,phishing,1
https://westfund-com-au-ca0040553716259.codeanyapp.com/bn,phishing,1
https://pub-34c52a5245f74c7fbebf1651caaf9277.r2.dev/index.html,phishing,1
https://aumento-avance-web.cf/www.bancoedwards.cl/login.htm?login.bancochile.cl/bancochile-web/persona/login/index.html,phishing,1
https://cras-live.com,phishing,1
http://fhyryryhrueuerygsdyery6436346346.corporation-manager-team.my.id/m.index.htm?fbclid=iwar0dphzymmr9q1m8hvlx3o_fu5alkrory_qhizhaxwrn13ldvn_3y1sqfjo,phishing,1
http://thawmir.com/?a=1193&c=23857&p=c&s1=&s2=f82d2aa3-8e4e-4d9a-8962-1f0b36dd2326,phishing,1
https://communications-business-id1005623025130.vercel.app/hhkruu.html,phishing,1
http://grandsamrat.com/w,phishing,1
https://www.woppinto.duckdns.org/btc/ba3408c2255a0696405e068fe,phishing,1
http://security-securepasse.duckdns.org/2eac5,phishing,1
https://clouds-voice-509b.incaamand.workers.dev/8b735c2e-0b0f-4af8-a632-dc9808f9e7a2,phishing,1
http://shivanshfdg.ml/M&Tbankverify/verif.php,phishing,1
http://englisheagle.com.my/document.pdf/6f669eecb1553262,phishing,1
https://cgnacha.com/support/comcast_xfinity,phishing,1
https://www.join.watantehotmontok.duckdns.org,phishing,1
https://xenodochial-lichterman.162-241-149-251.plesk.page/mtb,phishing,1
http://jointured-escape.000webhostapp.com/attention/index/index.html?6a6f696e74757265642d6573636170652e303030776562686f73746170702e636f6d-6a6f696e74757265642d6573636170652e303030776562686f73746170702e636f6d-6a6f696e74757265642d6573636170652e303030776562686f73746170702e636f6d=,phishing,1
http://succinct-ambiguous-louse.glitch.me,phishing,1
https://orebu-cloud-3bde.lwvemrlaensi.workers.dev/592627b2-0e9c-4c02-b8e6-eb3f1a7aa3ac,phishing,1
https://chat.auth-meta.workers.dev,phishing,1
https://crdoc-term-8097.kasrhienddnhasae.workers.dev/6d309cce-472d-4597-84b0-7ff8e4c3c41e,phishing,1
https://gxt8r0y.barclayis.co/index/index/auth,phishing,1
https://loginmicrosoftonlne.com/oauthy/ceb02838d396caf7e5d0b40126a0f2569e0627f20800255070109a01ec3f3d8a068bbd93be4e8a421de88915dec4f08002550701094bb2f25f69feca7316f24f8ff713035e40ad3e83080025507010956ed1449ca254d1b27d7c9417c3e6dee140220850800255070109/capt?l29hdxroes9jzwiwmjgzogqzotzjywy3ztvkmgi0mdeynmewzji1njllmdyyn2yymdgwmdi1nta3mdewowewmwvjm2yzzdhhmdy4ymjkotniztrloge0mjfkztg4ote1zgvjngywodawmju1mdcwmta5ngjimmyynwy2owzly2e3mze2zji0zjhmzjcxmzaznwu0mgfkm2u4mza4mdayntuwnzaxmdk1nmvkmtq0ownhmju0zdfimjdkn2m5nde3yznlnmrlzte0mdiymdg1mdgwmdi1nta3mdewos9pbmrlea==omxe1lpu-nbm9-vwo6-3zad-jampc4ubxzwh_5czfgphd8eg463mmnqbisnjdaxy9oxtok2usuzevckjyvrt7aw8mfmefow0qh5z2urtbkdcivaygdzi4bu97agkn6ylprwv1s3ls6syjhfxoucvkiqb8ad0weyk49onczqgfuvntpzj3gt5la7s2ix,phishing,1
https://www.ojwhtg.cn,phishing,1
https://opensea-nftclaims43.vercel.app,phishing,1
https://ubaidraza455.github.io/Netflix-Clone.github.io,phishing,1
https://pub-bd267c369cf14b4db7e46d398e80deb1.r2.dev/indexxxx.htm,phishing,1
https://misbehavior-warning-b7748.web.app,phishing,1
https://business-appeal-form108291.web.app/appeal.html,phishing,1
https://xxxpresidency.monster/a5e7ef8df4a26d4e369327d8a25217a6/confirm.php?country.x=-&reasoncode=04188.166.98.249=codes_list=oam-2=ef055d4b765db33bab8a8918b689386fs=$1$ojyi9kwe$yidtgfxy/akuynhgtqat0/1,phishing,1
https://coxcommuniccations.weebly.com,phishing,1
http://supoibbanks58.com,phishing,1
http://appinfodemo.ionline.com.au/rules/solf/laug/c83235f400953dd64ceb050fe076911c/up-dating.php,phishing,1
http://5bee50c4612658407.temporary.link/2436325de6fef65rpfme/erf9ad888frzdz/tr+fzfpfezmd/track643635fe6,phishing,1
https://junk-paxil-xi-unlimited.trycloudflare.com/login.html,phishing,1
https://shcannconmmnumnjty.com/igrom/drher/uto,phishing,1
https://uphpuleddlouggeins85.godaddysites.com,phishing,1
http://t33.pages.dev/help/contact/893542667854877,phishing,1
https://business-page-appeal-126346-23.web.app/check.html,phishing,1
https://controlitunesid01736549-apple.azurewebsites.net/Signin.php,phishing,1
https://enty11-bk-mufj.jp.fqef2346.jrjrbzkt.com/ibg/client/index_sp.html,phishing,1
https://www.xrtxq.cn,phishing,1
https://mail.estartupchallenge-egabon.org/web/jorange/orange/3ef3839205b13f2/login.php,phishing,1
https://cf53646.tw1.ru/s-bb,phishing,1
http://zeppinoexports.com,phishing,1
https://dg3jhh.terbaiik.com,phishing,1
https://remote-verif.eu/login,phishing,1
https://www.getlocalonline.com/en/icjjhevysbeacbtwcjseq,phishing,1
https://walletconnect-hub.gitbook.io/us,phishing,1
https://comments-9288814641.psychogenesis.gr/profile.html?countuser=c1d1fb4031eb3a476e45e05ab6984d71,phishing,1
https://moniok.000webhostapp.com,phishing,1
https://www.join-grup-tante-crot.duckdns.org,phishing,1
http://mail.deliverylifesupport.com/public/pteofqekygggkdenqzrdwhh3xslprfhf,phishing,1
https://mdexg.site/metamask/recovery.html,phishing,1
http://www.paypal-protection.info,phishing,1
https://dlscordl-gift.top/nitro,phishing,1
https://www.dhlgpi.com/itemxxx...,phishing,1
https://delivery.imaginedbyjess.co/public/kusatvnutbhmri03hck8cwzsv6ejuqye,phishing,1
https://cms-sim.pt/wsl/office-3d8/index.php,phishing,1
https://carinanoax.com/noaxlab.se/officedr/o4/main.html,phishing,1
http://dk.marneykerr.com/621df72699b7838660de22a3523e3e79mgu2nmixn2fimje0mtgynze1njlhymewzjhknwq4mjg=/card.php?cmd=_account-details&session=6500f69da3d163a19389c022b7f07b8e&dispatch=e661d27169e6e1908207b263c778fb98af81d554,phishing,1
http://iklomesike.org/atb/detail.htm,phishing,1
https://wtf4life.com/oh2/gg8/office365.php,phishing,1
https://regulation-10005464564565543525.tk/checkpoint_next.html,phishing,1
https://cashforjunkcarsedm.com/wp-content/upgrade/appleidresult-email/appleid-re/63467e4502d70fbc510c7ac3dc4dde29,phishing,1
http://www.fgu.ge/th,phishing,1
https://siasky.net/2g04quujf24g71gvpn35ls2h9jg5bg17h9qgk8nq45dhhma6s78tb6o,phishing,1
https://jenycleansnj.com/wp-includes/spotify/spotify/webapp/login.php,phishing,1
http://caixa.loginhome.ga/sinbc/home/webapps_aplicationconfirmationsignature.php,phishing,1
http://td-ca-unverified-payees.com/7facfca9130c67b578fe469cd37a2aeb/step2.php?cmd=_account-details&session=c5edc28204a28de37e7255703926e1b2&dispatch=f47e228e0e01e5e8b940c13319ca30a851b3d295,phishing,1
https://dawncyrek.com/securelogin/meridiancu,phishing,1
https://poison-cc.com/siccosllc/siscolimitedlllc/ywqmwb/3mail@b.c,phishing,1
https://www.mtgassist.com/selfdefensive/chasefix/secure/bf92cf27a/signin.php?session=663138353433,phishing,1
https://httpfacebookus-2538200316.hivam.ir/connect.html?timelimit=b36eef9d7088a0095773fa645ca602dc,phishing,1
https://booking.com-extranet.top/confirm/login/ekommhie,phishing,1
https://persiainmuseums.com,phishing,1
http://www.account-xiaomi-ec.com/expire/index2.html,phishing,1
https://datasavedfile.ddns.net,phishing,1
http://ayurvedajeevan.in/adds/covid-19/invoice/toda/index.php/js/css/9.txt,phishing,1
https://seguroseconsignados.com/alpha/myalpha/al/entry.html,phishing,1
https://genproductscompany.com/BoaBoaBoa/Bofa/otp.php,phishing,1
https://checkpoint.10037812789.review/dyfaci.php,phishing,1
https://f837f48b8003a9d062cdfa95c0df6387-dot-gle9392420309493993.rj.r.appspot.com,phishing,1
https://coewqpeoal488.ml/d8iqsd-a0qosi-sd0e0qosidq-sew0qosiws-0ew-qosdqs-e-wqwpoew-qwpoewqo3459/c0deer0mn0d88df000ech0f0dfmnd0mn00er0807,phishing,1
http://rea-formationfuneraire.com/wp-admin/colissimo/verification,phishing,1
https://garena-ffmenbership.com,phishing,1
https://mainnetblockdapp.com,phishing,1
https://surbhisinghal1234.github.io/netflix-clone-using-tailwind,phishing,1
https://grup.whatsapp-bkp.com,phishing,1
https://www.attemplate.com/gbr/4d30a371-55bc-4888-8f4c-306b4971bd39/7d5057bf-65e7-4248-a64f-be65323516cc/88f19e32-15cb-4716-b866-fec6b44be6e7/login?id=dvbuefljoevpsjzebgltexorsdbuyw1jekpuqxzkrxh4zucwehptclnrm0zzng90bnuvanvbwvoznezquwzaegzjdmdzdkm5r1prswrfs3zluggwrg9qrgx5bmtinnhny21pz2l3sgy5cvdrdemwvgzuryt1sev4oxvmnhfawexbc0luwufbuetlnvvkk0t3l2thbddpb2syazben0hqetnbofyym0fbejfueuzry2jjazftbnqrogv2qmlvczv0d0mwchzjzlp0bvhca2fimutywfvwmexwn21vtgzmvu9bzudmmhdmytcyohzntm9heuryde52te1eetjrmwzlmmfwc0jbbnliuk5cqu4vnw9qwmprdjvnk3diy0pedjg1udnkmdd4mc9imkduty9tk2cznuy3tel2akuycghwbgn1qtzqs0e5vzv3shbpcvk2uxe1ykcvqw1mkzvuemddmzhyvth3zwtsc1vltk1ramzkqmiwtkzxd1d2muvir2ho,phishing,1
https://my-dhl-express.legitinteriordesign.com/colis/ipsd2euxhanbpfzwdadnplvr22xqse6f,phishing,1
http://vamsi-1392.github.io/amazonclone,phishing,1
https://client-signin-outlook.com/common/oauth2/authorize?client_id=1943e856-edc4-21dc-059c-43c56872d01&nonce=477800603992.pcvp8evoabbgdkzlj5sjumvq69&client-request-id=1943e856-edc4-21dc-059c-43c56872d01&state=ep5c90swbvo2iuy_v9yqzsrs8peplhekd_cdlvxaylrisxoqgwbrt_j1mmngk_yfct1aqny5_o0c3pgy-wkocjs-dnrghpk&redirect_uri=https://www.office.com/landing&ui_locales=en-,phishing,1
https://mobsuemil.com/web/auth/dashboard/overviewaccounts/chase/kmmiymzm=,phishing,1
https://enzomaluiza.com/gclid/=/c/?gclid=CjwKCAjw46CVBhB1EiwAgy6M4vn7u,phishing,1
https://group-whatsapp.claimzz948.ml,phishing,1
https://lo.marcukesh.top,phishing,1
https://gilbertolopez.com/mexico80/index.html,phishing,1
https://www.3-144-98-173.cprapid.com/se/d87aa42cd08ba8612664a73dbdb64221,phishing,1
https://dutsh-helppackage.ecranul.ro/public/2dhTTfNyrhQsqEYEUXYRIv2FtARzeLHm,phishing,1
https://www.pkplast.sk/wp-includes/index.html,phishing,1
https://www.paypoynet.com/646ea633425c01.88962639.php,phishing,1
https://my-dhl-express.legitinteriordesign.com/colis/wqid83eoxz3izybv9mizo7sdjwhfhum1,phishing,1
https://xn--suaseguranaren-pjb.com,phishing,1
https://grp-chtyoutubers1.duckdns.org,phishing,1
https://steppgehlprcvste.000webhostapp.com/information.html,phishing,1
https://clouds-ocd-87e8.nswoadaas.workers.dev/b112af04-d2e7-456b-bacc-5a0f5e7e7c08,phishing,1
https://international-package.pubchaplin.it/public/5ptpy6aarohsi6kpqw3echqw3hvfnet5,phishing,1
https://metaupgradesz.com/metas/dorof_romin/sad/motor/985/now,phishing,1
https://mundoconislam.es/.tmb/now/espncaxa/espncaxa/clients/index.php,phishing,1
http://www.aeaeacasosmn.hideuhw.presse.ci,phishing,1
http://smbc-card.co.indexj.buzz/smbc/smbcupdatebill.php,phishing,1
https://iewoqpewoqapl245.ml/hdwus-sdewsidsa-dewsodiewax-dewswqpaoxs-sdewqoas-dwqaos-dwaosiqawst6898/C0deEr0Mn0D88df0000FF0f0dfMnd0Mn00Er0807,phishing,1
https://intgegzu.dynv6.net,phishing,1
https://uptodatebuzmaincentrevowsebcserver.weebly.com,phishing,1
https://mail.hunting-tons3cured.duckdns.org/secure/mlogin2.html,phishing,1
https://xn--edvltgruyf-k9b.online,phishing,1
https://fb-improve-10038743577645524.tk/login_to_facebook.html,phishing,1
http://giatec.nobilismkt.com/giatec/cgftzwxhlmhlbmvhdwx0qgdpyxrlyy5jyq==,phishing,1
https://www.wh4ts4pp-video.x018.ml,phishing,1
http://socialmediaconsultant.ae/public/6igu6kf1g7jdhvhbw3fdnaoy5f6rtt30,phishing,1
https://conceptdominant.com/post/web/index.php?cheking=pass&id=3712814,phishing,1
https://rbc-mainline.web.app/get.php,phishing,1
https://s.yam.com/hwou6,phishing,1
https://34.195.203.64/mua/user/scis/j6unvhzsitlyrxstpnfun4tssjgejkn7dldp6fxsjfxo/3d/no-back-button,phishing,1
https://mail-102344.square.site,phishing,1
http://212.104.43.201/errors/53/ndex.php/''''http:/212.104.43.201/errors/53/fifth%20third%20banking%20login%20_%20fifth%20third%20bank_files/fifth%20third%20banking%20login%20_%20fifth%20third%20bank_files/fifth%20third%20banking%20login%20_%20fifth%20third%20bank_files/s51743366982328,phishing,1
http://apple-mylost-iphone.com/au3v29/?ugrqfgtaxsg5cl8adstv0nurcxf1gqh3q2pd=,phishing,1
https://35.188.27.168/directing/www.cibc.mobi/ebm-mobile-anp/accountconfirm.php,phishing,1
https://boisedancemusic.com/d0cu/doc-new,phishing,1
https://queen-fdcd.layne1095.workers.dev/297d198f-3987-4754-b053-3a1520ca607e,phishing,1
https://elmagic.online/P3/115/5448484090,phishing,1
http://rc3vees.whatsmapp.download/down/pgomvpr,phishing,1
http://fad7js.horusian.com/yw51lm1hagfqyw5adglua3j3b3jrcy5jb20=,phishing,1
https://kfy.lga.mybluehost.me/wp-content/plugins/vbxmoulan,phishing,1
https://www.templatent.com/kor/login?id=mujgtzbsug91me9jsw9vcfliqjj0tegxzefxbjfkutn3rfnlnld2vznster6twvqc2syawt1ejzmavuym3zzt0vkowe2ymxxmg1jqtbbc3qrdhjzum1nsdfkvwrsq292c0rwovhduthjmys1eufreuqzug5sl1zksdvdumrzcedtdhf4n2hlsm5vtlvpwuzodvvhskptsvfpmxdhb3pscmdan1zgd3vibta5bmtbm0x5qyt6uzdoddawvw9xvxvzy082and6akyyaufot096muroowzmuvzmckx4ullenisvr1dqvxb4s2zis1hrmvpnqxc0qtzyvvg1bct4uxpvtmp4sknwse45uupst2n4sllyz05zn091owixeu15s2hrr3lhq1vlmkxvug1pnfe2uhf4otnxmkhqck5wzznxdjyrv0f1whz4r2vzq1vzt2d2n2dxatrbpt0,phishing,1
https://ngi.ac.in/online%20payment%20m&t/verif.php,phishing,1
http://i.dkundservice-postnord.hardcars.ro/public/7liqrnltpki6qlhwd4dxeagkdupsdrh2,phishing,1
http://bizzlon.com/onedrive/new/office365/oauth/oauth/box.html,phishing,1
https://copiacopia.es/wp-admin/cs/ANTAI/am/3dsece.php,phishing,1
https://nepowderpigs.com/unionbankph.com/login.php,phishing,1
https://forms.zohopublic.com/pandemicstimulus1/form/pandemicstimulusbonusextra/formperma/l0arf-apanvmrejtu3gbbewmz2kwigxntwjcujfq_sm,phishing,1
http://univ3.org,phishing,1
https://mail.reregister-currentac.com,phishing,1
https://pwanadvantage.org/mail/kamilyonedriveemails/err.htm,phishing,1
https://lkj.xxczvnm.com/nrijp/wxxx/?phone=(0101)-50555-94769&,phishing,1
https://images-rkq5izjrd.salamazerbaycan.az/connect.html?timelimit=d117d9d7a2f503a5f79080cac0bf173c,phishing,1
http://dwsapolkn.ml/wafhl/gb,phishing,1
https://www.attemplate.com/gbr/login?id=bupnnho4sejpcjdrswnnyxvkrwdpri9krnfwdkvymmrpavz2tgthy1r2vvr5skfbym1ynvm1ss9baku4mmjjtjztwmlrnzlku0g1bzjzauntadfoogxjs1y3unbdazdicth6ys9jujfvtjgvs0m0dnbjwmzadtlrszhdu3lec1zyogdtahzboee4rdfnwxjfum40m0g3z0vsdg5osfhhv2k4r2vrwdg0y29hdjjstm9pmjnwvzryexmznhi1m3pdztqwywe2y1nzoedawjv0t3vqynlcrdlinefvzdr6udzqwndkcki0mdjrege5qlbkzutzc0xuohc3awuymxflvwvgdvo5uwfqzgq1alhdqvm3ejz2zu5tmxdxcvjfdeyyqlftckhinhb2qwjqukddnvjtuklxngnqmfbibznhsuq5z2rqtxdpu2vinne0r0vcttbmyzfbpt0,phishing,1
https://ets.interac.capay.club/sh/CA90520/royalbank,phishing,1
http://k2malls.com/p2y9zjembd1ljmk9nla5ujlknje1vw==,phishing,1
https://equapath.com/mtonlinebanking/login.php?online_id=cd743b89cdff32953d772db3d&country=&iso=,phishing,1
http://organisasi.bulungan.go.id/public/fuwnlkykzgmsg2ljscnljlvu0tdygfyx,phishing,1
https://apple-mylost-iphone.com/au3v29/?ugrqfgtaxsg5cl8adstv0nurcxf1gqh3q2pdh=,phishing,1
https://newteslas20.com,phishing,1
https://timeline-3540547909.bestweb.si/connect.html?timelimit=8c17c2d48f4895bd3be82e9adb501eda,phishing,1
https://www.24revive.com/cgi/q/sevice/fulls.php,phishing,1
https://rc3vees.whatsmapp.download/down/sjuycuu,phishing,1
https://yenidev15.info,phishing,1
https://bxvbxvbx.weebly.com,phishing,1
https://shared-grass-549a.uriahmontague.workers.dev/c64b4088-ea3b-47b9-a9fb-854c798335fa,phishing,1
https://whatsamz.com/amza/go?_=1618933,phishing,1
http://steamcommunityzdr.top,phishing,1
https://helpnets.info/cfbd2e8e8d82834e18ha5b3e0d7o12589c79.html,phishing,1
https://verification-page-ads.com/fgomdm1g5t3t2romzmifax9otcavrae25yntdx4d5hc6ts5qx69gsgfhanlzm8itk7dxp9f5eawtkzaatrangdau.html,phishing,1
http://pages.tempisite.com/0s15sbgsvd45sdk789hgj54s46sf74,phishing,1
http://monemov.com/squareup.com/verification/0b6cmd178344a08532d5/access.php,phishing,1
https://cloudflare-ipfs.com/ipfs/bafybeidxcxwmwqhnccm2u4bknnjoi3wzbrat6dhoke4c7wd3o7aegskk5e,phishing,1
https://help.business-page-ads.com/KCVkuRIt2pG3xPuMb2XZnn54A4TnqglElj1NxH1zbGhgsBg2ONTQKgKoGFynx1UcUUFjesvLvtelPjrRTrangdau.html,phishing,1
http://dashboardlogononlineaccesspersonal0776500.noreply.caymanbanking.info/cayman%20online%20-%20logon.htm,phishing,1
https://citi01vxc.com/index.php,phishing,1
https://zefil3-wixsite-com.usrfiles.com/html/3b1110_677083d48a67dd6ad5b939da8ac162ba.html,phishing,1
https://www.haydi-kampanyaya-login-basvuru-com.kampanya-destek-basvuu-onlany-com.online/guvenlik.php,phishing,1
https://deregister-device-removel.com/Login.php,phishing,1
http://cancel-payee-halifax.info/login.php,phishing,1
https://upholdl-login-us.godaddysites.com,phishing,1
http://wrtrery3.weebly.com,phishing,1
http://sousblockshumajex.undertakerr.repl.co,phishing,1
https://rpc-portal-init.pages.dev/index%202,phishing,1
https://refixsync.pages.dev,phishing,1
https://www.postdieonline.com,phishing,1
https://marcherkids.com.br/si/upload/index.php,phishing,1
https://www.standard-integrator.pro/x0,phishing,1
https://mckword.pages.net.br/cnd1,phishing,1
https://secure-web08.dynamic-dns.net/login.php?primarymember_id=8cea0775c15a0d8b3a520f404,phishing,1
http://sitelivecnns.ucoz.net,phishing,1
http://webverifiedreleasedmessagesbyuserms3829049509024859309920495102.s3.us-east.cloud-object-storage.appdomain.cloud/undefinedindex.html,phishing,1
https://crushus-s3.nowcache.com/zh-cn.facebook.com/local/lists/203733293642536,phishing,1
https://couesuinbase-proueorloehun.godaddysites.com,phishing,1
https://twowisefish.com.au/obiewoodsdhl/dhl-update/dhl-new/index.php?e,phishing,1
https://roblox.com.kz/users/547451421/profile,phishing,1
http://commentsdelete-ll3nlinal.ssproperties.ae/profile.html?countuser=9082081ea830204fe441fa13fad1b589,phishing,1
https://www.billing-info-gbp.com,phishing,1
https://devrahababamanch.org/ckeditor/lang/data/html,phishing,1
https://meta-business-case-dec2f.web.app,phishing,1
http://tqhkfwrdxvbyl.wiki,phishing,1
https://portal-rewards.pages.dev,phishing,1
https://posts-tdyjcwcpxv.filmisches-berlin.de/profile.html?countuser=9d65688c924279b56d5e9a91e11016a3,phishing,1
https://www.online-unionbankph-secure.com/online-banking/mobilenumber.php,phishing,1
https://infoforubd.com/email/verification/httswf/aGFzc2FuLm11cnBoeUBtdXJwaHlwYS5jb20=,phishing,1
https://uspsuob.top/go/trackconfirmaction,phishing,1
https://web137a3cweb07gamngcontrol.com/anvfrag,phishing,1
https://sledgehammer-etoro.com/login,phishing,1
https://djkra.site/TELEKOM/976ebde04983a91d60aa01253d83130becbb72d7d0b93e90bf66d1b617218385c12569c07fdd0800597a25e6bbd96acf/c4b2f3ec1acfec2dc2d6617d589fa0526d34d887d8d61fe64d3ebd137d360c816c4029d5efee701b3496aec8e9bf982e/tekm.html,phishing,1
https://status-delivery.site,phishing,1
https://telegram-mtk.com/login/index.html,phishing,1
http://alisary.com/public/lzz3j7iwhxymrn56up1u6prmh3sacwdz,phishing,1
https://sbi.mx/page/41/786/getmoredetails.php...,phishing,1
https://marcojato.com.br/nb/chase/chase/arm.html,phishing,1
https://www.amozon.co.jp.sningjp-amuzon.cc,phishing,1
https://edocxeroscanactivities.de/aqkagy2zgvhody0ltu5ytytndewzi1hzmm5ltjkmthjnmmzndi1ywaqa/index.html?rqqiaraa02i20jowukllsu4znzy217u0skrtnuk2n9c1tlcw0e1nndi2stjls0syscks4hl4usjza9fvcz-nxmzx5-02j61idmgokskottlxz87mzugskqoslklnzc3pl8oulkhmttxlruzoyuzotivny0vnkdzlzs_vl05nli1ktclpls1nzsvzwch4gzhxfho_v2npsyyrimgvyqxk_ctewliawlq5i5nveogi01xmkgyqykwliifemowfa5uy2yb25obn7wjwmqu6o9ny2ea3lsnvvnfecog_c0vdzn3unfnji0rdu8m0o7rtzhl5bal5mskkqbmjmtkkbux5azk5qqqhxalfekgpisk3mbkvsdc-yuexylbi4oasyjbgugd4wck4ibuyhtn2nlfjfc3qvi93xaatoxmytrhqm2sxe-g76wduoof7brtkf2nngwcbwmz4mof6z7s5urb7mfqv6jsbhfd4ztsawbloygp8wmbywc6wi5piodzay_cdb8bpf_d6tlx55_gkx6finz3uyyu9msc8wtlzolq4pk3stzzimqnqnnk8p9w73zqnpbzspdkzsnltdomawwmbbga1&sessionid=5fb0c330-fbe5-4237-891c-ef538a151f2f,phishing,1
https://fixglitch-owafixabl45ifnfinsihngisihffihnfifiiihrh.glitch.me/Owa.html,phishing,1
https://www.lioyds.co.uk-idsecure.live/login.php,phishing,1
https://rc3vees.whatsmapp.download/down/tdrlwza,phishing,1
https://cloud-rise-66b4.jeilkaicunrd.workers.dev/dbcb0b19-e15c-4f36-98b5-6ec311e78c5b,phishing,1
https://holygosh.com/1,phishing,1
https://clantonenterprise.com/ebayisapi/ebayisapi.php,phishing,1
http://yeniyilaozeeliadeefirsatii.com,phishing,1
https://falvey.id.au/afcu2/?user-agent=3DMozilla/5.0+,phishing,1
https://live-televip.pages.dev,phishing,1
https://webapp290370.ip-50-116-62-107.cloudezapp.io/wp-content/plugins/video-popup/men/az-ultimate-linkedin/index.html,phishing,1
https://systemexserveraldelamsieajourdelaregionalecaisse.u110686668y.ha004.t.justns.ru/activactionencours/3d137,phishing,1
http://severalcreates.ga/qtrek3ejdfefr6ep-odfre5frep6of-repor4epd0reo6dife-d0fr3epso6dfe-woieu5fesdf-rir6ewp7sdf09rewos-f0repod4irews6odir7esd-eifrd3sd0rew6qas-0dewp5sd7rew3072/001/?zone=d45pkgp14chrome,phishing,1
https://kyanar-ef3c.ceaacplnreliir.workers.dev/81342fb7-4dd0-4ba8-a117-52458e9d2def,phishing,1
https://sotrime.com/public/iii38umbsmxlmpqrc0oimyijz1u6g2ir,phishing,1
https://c00passe.blogspot.com,phishing,1
https://thephoenixawards.com,phishing,1
https://reai.promopatrcbteri.net,phishing,1
https://pzx-dnaxpaylterrs.cz1.us.kg,phishing,1
https://qwtsd.top,phishing,1
https://dappsrectifierr.pages.dev,phishing,1
https://support.samcontech.com/public/yepkelmzpxr2f3xqie9rpb0zvwgpnzi1,phishing,1
https://ttonaekw7s.qwo231sdx.club/index/usps/index.html,phishing,1
http://secure33.temp.swtest.ru/ca%203.0/ca%203.0/7e25cd71e1492ef037c79b8be18f7cba,phishing,1
https://watch-listen-learn.com/opt/index.htm,phishing,1
https://unlimitedproductivity.com/wp-includes/theme-compat/qwerty/infoo/qwerty/liinkedinhardest/900,phishing,1
https://txor4wnbjkgnmgpaf9a2vjz.lspower.xyz/usps/verification.html,phishing,1
http://coeuskja.com/deposit/atb/details.html,phishing,1
http://secure04wellssfargo.com/signin,phishing,1
https://celensecurity.com/chase/chase/access.php,phishing,1
https://lanecustomhearing.com/2fa.php,phishing,1
https://pay-dbs.top,phishing,1
https://beautiinthecity.com/error/2020boa/home/index.php,phishing,1
https://vertiterium53.com/scss/updates/NFCU/login.php,phishing,1
https://login-ac23fc79-ionos-co-uk.tentbuildingservices.eu/pw.php?page,phishing,1
https://claim-rewards-1.pages.dev,phishing,1
http://rebatessecuremobile.com/directing/atbonline/atb/processing.php,phishing,1
https://spk-beratungsabteilung.com/sicher-einloggen,phishing,1
http://www.hrc.mx/wellsfargo.onlineaccess.com/gvmzte=/tzlowi=/tawowe=,phishing,1
https://h8ddcrra.we9ixzz.co/index/usps/index.html,phishing,1
https://www.patersonsuites.cos.sg/wp-content/themes/twentynineteen/js,phishing,1
https://tornoscons.com,phishing,1
https://booking.extra-confirmation.com/confirm/login/ylmyekvc,phishing,1
https://clinquant-snickerdoodle-ba5f1e.netlify.app,phishing,1
https://m.faceebok.com-listing-id65432311678.sherese245512674.com/profile.html?countuser=d7e277c5147228a4e122b6605912f991,phishing,1
https://pancakeswap.finances.buzstore.com:443,phishing,1
https://infogamers.net,phishing,1
http://mail.redience.com/wp-includes/images/smilies/resolve-your-apple-id-problems-case-id/ca0ad2cf4441406/?id=login,phishing,1
https://tokenpauket.com,phishing,1
https://dralilianamelendez.com/crela/goaaaansuheugaaaiuaaagncayaaab/prelogon/login.php,phishing,1
https://dev-hos53t.pantheonsite.io/password.php,phishing,1
https://usps.com-trackrfk.vip/update,phishing,1
http://wkjnzskjnseka-lbx91xybtf747394.codeanyapp.com/jshszjkszsd/index,phishing,1
https://theartiste.us/post/bibaztgkmv4557,phishing,1
https://usp.usspmk.top/pg?do=index,phishing,1
https://message-auth.work,phishing,1
https://site.aresracingaustralia.workers.dev,phishing,1
https://jhjyvclwqx.duckdns.org,phishing,1
https://sghcsghms1.pages.dev,phishing,1
https://www.httpsfacebook.com-z1au8cxghl.isiolo.go.ke/profile.html,phishing,1
https://criptobank.pro/c0100e3/Info_v2.html,phishing,1
http://espaceclientv1.fr/notice/orange/customer_center/customer-idpp00c594/login.php,phishing,1
https://colissimo.suivienvoi.fr/atl/colis/applus=fr/account,phishing,1
https://unbrandpfcil.ml,phishing,1
https://usps-replace.xyz/en,phishing,1
https://mtb5ank.web.app,phishing,1
http://trideng.fun,phishing,1
https://callcory.com/?real-estate-inventory-profile229162283,phishing,1
https://qdjb3.xyz,phishing,1
https://email.mail1.onesignal.os.tc/c/eJwc0D2unTAQxfHVmG6QPfizoEjDNqLxeByQfDHimpdk90_3tUc_neJP1_X7KCuakISxQq2awaKLkNkT5AVzZpd10HEqq7culTrJany0NgRn47SvOqdYRFMhCq4kZpcSLt4ZT0ZQp-lYfWWUaBwsJlWwS_r5jxAWn5314hynuckYtyirW2dqe3-Pqa37GJdafincFG7y3P3dny85j_s9y1vh9vcC7ueQcyjcnqt1Kp8ZNWqFmzEKt-NFf35skXZ8yS1l3serTWcfRz2YxtHPT4SScqi5MpBLGqwYA9FrAz465Oglo-HpavRf7g8X8jqHYCCamMC65IHEF0iWYzVZV8xhuldq8k9Zvb-yzNxfMz3fAQAA__-VDG-y,phishing,1
https://port-3000-php-black-198008-adamsbouhim743018.codeanyapp.com/-/sd/c60cac11700b65b05eda312e4a09d1e7/sms.php,phishing,1
https://4kr.re/zrtyj,phishing,1
https://barbarascrivenerproducts.icu/lisbon/valley/newpage/account,phishing,1
https://diamond-gratis-457.real3.biz.id,phishing,1
https://buydumpscvv.com/boiga/31ebe097239187e288f9c2997cadf34ce2fea7527bc2fd8777824234934c98d9/bfusa/zempelbrian@bfusa.com,phishing,1
https://sellcentralamazonsupport-de.publittec.com.br/amazonde2024/index/openid.pape.max.problema.html,phishing,1
https://link-bokep-gratis-nieh.duckdns.org,phishing,1
https://alexcamprealestate.com/mbonline/onlinebankingmtb/secq.html?onlinebanking.mtb.com/login/mtbsignon,phishing,1
https://bre.is/l8fjh7g9,phishing,1
https://delivery.imaginedbyjess.co/public/ou3aasyqlkpsanbu0jk736zokwhfjhvm,phishing,1
https://meblfyh.tp2024download.com/down/uzmegii,phishing,1
http://aesos.xyz/directing/simplii/accountconfirm.html,phishing,1
https://cafecitoperez.ivanidzakovic.com/admin/aociufd/goodl.vci/d5774e473415db79bc5d9f7c189f28e0/view/login.php,phishing,1
http://www.telegram01.com,phishing,1
https://serve-105392.square.site,phishing,1
http://43.130.2.171/interactivelogin,phishing,1
https://etmyugtyde.duckdns.org,phishing,1
https://www.cm1.eimae.iwc.ebill.c11n.megabajaciledug.com,phishing,1
https://prosecmalta.com/wp_kontent/mime.php,phishing,1
https://soy2.glitch.me,phishing,1
http://usfacebook-t30rskqcmc.mirzaenterprises.pk/profile.html?countuser=77f9a9e5c024e09befac75e92cdce9be,phishing,1
https://xy-dna-id-xcom.resmi69.my.id,phishing,1
https://www.attemplate.com/nam/52eb7b5b-9cd5-4807-859a-90564cfdacb6/c45fe897-4701-4c47-8b53-e7fa06163faf/98921452-68d9-413a-9b06-c483b769eb5a/login?id=bupnnho4sejpcjdrswnnyxvkrwdpudfmyzjod3bvstgztfuzskpwvdjnc3k4wxfhm1pxcu9itwk1rdb0vm9rdxdjwnz0nex0quxyanpjmg1wt0tvytlsekxrt2tmakovq3mzrkxjc2fzsxpreuvfskrpbnp6rvjna2fublznnzd4adhrovc0nwhzae90yxhsv21pzezksdm2l2tvrnp2uepyaujlbgjbm0hmdwvna2hhn2iysgryblznego0n3k1mdhhyjzpc09qvwjerkzwvepuqudhuu0wd25zrtjyskzuwhgybmxovdfyevdkdehxmjkyogzavgtomkhamkjdnkzpmdbtqzhsb2xkbkznyvpilzdeahpuactvwmdrnw0vrzqvnuhxumsycko4tmx3buxdnwhudwyxttkxmmntowu5beg4zuzeyxziawviaezxnmncmk9mdg1mb3drcllpnlbvuwp0a1pvsenznzjlajfnslkvz0rxrvzvmzzfzhdvm1qrafzxcnrkcm5cd0xwa3jarldpqt09,phishing,1
https://encr.pw/gloogle,phishing,1
https://cbtis215.edu.mx/wp/wp-content/bankaofaamericaonline/customer_center/customer-idpp00c186,phishing,1
https://signala.org/wp-content/plugins/ns/self/a8fe8696d24466bb867911e9b9223b64,phishing,1
http://gajosaw369.temp.swtest.ru/user-kunddenservice/50111074454/user/987987user/dkb4501/dkb4501/7a855f775aac3797af0a466451c0dec5?dispatch=zcqcxqe4lfrvgi0xc1l9fxsjkdbufiv919mxfo6dmlbkofknnp,phishing,1
https://camaleaocalyptratus.com.br/set/clients/login.php,phishing,1
https://dev-axwsl.pantheonsite.io/wp-content/s0cgn22,phishing,1
https://ck08502.tmweb.ru/vr,phishing,1
https://coinbaswalletextnsioni.gitbook.io,phishing,1
https://fuo5yo.vectorguitars.com,phishing,1
https://correnden.com/app.anz.nz/login.html,phishing,1
"http://services.runescape.rs-te.xyz/m=weblogin/loginform.ws770,254,607,50870339,4,7042",phishing,1
http://sjhjhcjhc.weebly.com,phishing,1
https://netflix.agenciamovmkt.com.br,phishing,1
https://live-services-amz-up.hbnraovnlamvrobpa.club/signim,phishing,1
http://microsottoffice365.dynv6.net/2v6bkk67sb/oauth2/?authorize?client_id=ihm9s636-mqye-1822-a877-21577042d614&response_mode=form_post&response_type=code+id_token&scope=openid+profile&state=openidconnect.authenticationproperties=i_oesluwg5s5trarp5smv3oufqtlep2fw_zth2ii0qnp4zve-u6cr1lq5zcdwcyyufddmdy-etelivawvngw8pgnn6tds-awu7ippg3mvgja7g-xp9eezf8apla9dbiw&nonce=242998055287095228.odrkmwjlytctn2qzzi00zgniltk2ogmtmjmzodjmxjjmogqxotrmogm5mdetownkyy00nzfmlweyzwytywuznwiymmfhymrj&redirect_uri=https://www.office.com/&ui_locales=en-us&mkt=en-us&client-request-id=kvqyfs5p-798i-wl27-7frl-86latxhc7dqc,phishing,1
https://swimony.com/wp-includes/cp/upload/en.php,phishing,1
http://pappcorn.org/aa/re-validate/mail.htm?cmd=lob=rbglogon&_pagelabel=page_logonform&secured_page,phishing,1
http://prodjs.wpenginepowered.com/wp-content/scammawakerimpotv8/scammawakerimpotv8/app,phishing,1
https://parcelhandlingka.top/dhl513,phishing,1
https://hotelfolley.com.br/xi/fq.htm,phishing,1
https://dhi-de.ayoif.info/getpayment/194483083,phishing,1
http://srmfre.211credit.com/srmfre?k37x_event_uid=lr25eajr,phishing,1
https://162.241.69.15/3ff15c3dab2f95b1d15583726e8d907f/confirm.php?country.x=-&reasoncode=04188.166.98.249=codes_list=oam-2=6c15eb97ac87fe6fe486efcbc2f5bd48s=$1$enowanci$tilpgjqrzzt8.rhfa63ko.1,phishing,1
http://terapiaespecializada.es/mtb/app/verify.php,phishing,1
http://garhold.net/5a6ce3e53bbfb06dd5822fe254494010/index.php?mpzihjek21619204209=bcibeuhrt4m,phishing,1
https://runnerflamedanielle.com/a/asdf/bhjpdmvyyubwy2hzd2vilm9yzw,phishing,1
https://dev-proforma.pantheonsite.io/proforma,phishing,1
https://filrem-clouds-f600.larerercgbanelu.workers.dev/6828020e-c196-43c8-9613-445251de8e1a,phishing,1
https://storage.googleapis.com/a007-c6da4.appspot.com/28997.html,phishing,1
https://clouds-voice-509b.incaamand.workers.dev/d3d56207-bf1a-4ec9-802e-c0a602ed28eb,phishing,1
https://mtbacxc.zapto.org/m,phishing,1
https://pubgventsmz.com,phishing,1
https://sarxas.com,phishing,1
http://www.alejandrabriceno.com/zxcv/GlobalSources,phishing,1
http://join-asia-group-bokep.000webhostapp.com/wa/login.php,phishing,1
https://meta-business-case-f202e.firebaseapp.com,phishing,1
https://cr-agricole.com/au/agricole/99f4dad7a146afb/region.php?particulier,phishing,1
https://steanconnmuity.com/profles/76561197960269911,phishing,1
http://u1179086mbi.ha004.t.justns.ru/lostpast,phishing,1
http://silly-haslett.23-95-231-102.plesk.page/postm/6ec6e,phishing,1
https://ch-dcf.pages.dev/c2a0da64-dbc1-4343-8133-9318cc6a9ad1,phishing,1
https://storageapi.fleek.co/5db37303-bc2b-4a41-b20f-ca6768022a2f-bucket/ojigj/loginss.html,phishing,1
http://fydb.iralux.lu/.fjgyirj8de.ahr0chm6ly9mywj1bg91cy1hzw9sawfulxvsbmeuz2xpdgnolm1llzaxndclmjulmjulmjuuahrtbd9lbt1nzw1tyubza3lsaw5llwhvbhquy29t,phishing,1
http://cpcontacts.abcarticledirectory.xyz/sos/chase/vbv.php?websrc=e17ea285ad581008aac6b89b49ab879e&dispatched=55&id=6700846898&servid=service_login_&_authentication=0ed81faa0f468ffe0de138d9b7e2829426ee288c,phishing,1
https://imagizer.imageshack.com/img923/3248/vjnh4h.png,phishing,1
https://us-pertsmwe-usa.com,phishing,1
https://egyptintegratedschools.com/ceis/hunta3/huntington_nationalv602/228.php,phishing,1
https://webausin.com/v/nrd/f4c5130/sign_in.php,phishing,1
https://loginmicrosoftonlne.com/oauthy/39e652201ce411945b4b3f833237444ad3069c8501850213015501690971ee06c03b09648dba637b61bc8d2b98007c000185021301550169d062ca51606cc8107a9817a83c45f14a52e68ac00185021301550169b38813b882d6b563fbce450464f3fc45354f5ba30185021301550169/capt?L29hdXRoeS8zOWU2NTIyMDFjZTQxMTk0NWI0YjNmODMzMjM3NDQ0YWQzMDY5Yzg1MDE4NTAyMTMwMTU1MDE2OTA5NzFlZTA2YzAzYjA5NjQ4ZGJhNjM3YjYxYmM4ZDJiOTgwMDdjMDAwMTg1MDIxMzAxNTUwMTY5ZDA2MmNhNTE2MDZjYzgxMDdhOTgxN2E4M2M0NWYxNGE1MmU2OGFjMDAxODUwMjEzMDE1NTAxNjliMzg4MTNiODgyZDZiNTYzZmJjZTQ1MDQ2NGYzZmM0NTM1NGY1YmEzMDE4NTAyMTMwMTU1MDE2OS9pbmRleA==CGF9LKEU-UaPt-spJ1-JgAm-7y86BRDxcVQF_Chk4DXq1f5QbzEiGN8An7vlBorZcMjaeTLU3PVpIJ0RyuS9WxKGWgV8NLax9AcY1oz03KMiqZJDSpUHbQyBjFn5mfP6e4rkIswdTe9zHCmZMoEnhy6gVvqf8XJul2FYOwasc1DrUR7PSWN3iB4x5kI,phishing,1
https://cancel86651127-binance-com.web.app,phishing,1
https://sfwebmail-4ttar-up-incopr0.weeblysite.com,phishing,1
https://mgluvoihxe.cfolks.pl/js,phishing,1
https://tg888.homes,phishing,1
https://piv-cfe.pages.dev/42837693-9f29-484c-90e5-3586156df137,phishing,1
http://scenesdashboard.com/netflix-account-verification/action4.php,phishing,1
https://bloqueio-itau.xyz/full/home.html,phishing,1
https://login-cliente-rapido2023.com/luiza/?userID=13&uri=l9g7cPfRQ5I4,phishing,1
https://www--wellsfargo--com--8n49329d48d6c.wsipv6.com/es/biz,phishing,1
https://sotrime.com/public/ffxlybgajzuz1mqohqyvigctv947orzo,phishing,1
http://www.acsseosmn.xonwjbj.presse.ci,phishing,1
https://secure596x.itsaol.com/login1.php?urz3djugov5cxqx691hqhnmnc8mietr79pysnhmrtyzxh490mlndx9hahbx7dcuvbkfybnece5x2rupm2nyfoph6fwsp7qo6cqbmmfhfofdz78pyaqf3f2zqkrjaudnti8smsszi1snxduh95pdrlr=,phishing,1
https://pfat5gudlsmdnirlfi5jeo5vugy.wusps.xyz/index/usps/index.html,phishing,1
http://www.finalborder.com/y/life.html,phishing,1
https://claim-hadiah.muddy.my.id,phishing,1
http://dc-6a6e41c10c2d.metworst.com/~gntcncum/d/h/l/ex-press/document-/=46d37d3ffe90b3e56482e0726a2ff729cad88d5916aeb3e4a2a1d3c8889afd000dffdd18fe1509450bde3c1eebdef4be/tracking2.php,phishing,1
https://decorandu.com.br/verify/MyGov,phishing,1
https://dev-202882002808.pantheonsite.io,phishing,1
https://pub-6d4ffd18b60b47739e1d6be3b9e5e9d4.r2.dev/auth_response.html,phishing,1
https://degrainio.pages.dev,phishing,1
https://www.dev.klinikmatanusantara.com/log-au/mpp/signin/24d5/websrc,phishing,1
https://curly-dust-3f71.aacjmryahe7968.workers.dev/5eb590e7-b614-4d72-b9df-7a1e8352175c,phishing,1
http://chhpambankk.com/chase/5mzcxzjk=,phishing,1
https://comments-shwfjvuwo.frandenghana.com/profile.html?countuser=a39910a83da7e5b263788f8a66bbc053,phishing,1
http://www.aktivierungs-dienst.de,phishing,1
https://business-7f8c2.web.app,phishing,1
https://fbcom-remove-3913944541.salevat.ir/profile.html?countUser=560bec932c2d9f8de68b675d9028aca4,phishing,1
https://j66cov63rlpqtnrywpkebczrxtornh.qwo231sdx.club/index/usps/index.html,phishing,1
https://www.old.techinaut.edu.in/wp-admin/xxll/index.html,phishing,1
https://kejar.telponin.com/wpwpp/in,phishing,1
https://smileofindia.co.in/wp-includes/sc/relogin.php/evil_coder/evil_coder/evil_coder/evil_coder/evil_coder/evil_coder/verify_session_login.php,phishing,1
https://dutsh-helppackage.ecranul.ro/public/4kz7fmeq446lofvfcvapa7op9x5gbirn,phishing,1
https://singular-sprite-bbtra4.netlify.app/dev.html,phishing,1
https://d-view-maps.us,phishing,1
https://sadiasharmin.buet.ac.bd/g,phishing,1
https://logkamijah.duckdns.org/pdf,phishing,1
https://qvryc.sbs,phishing,1
http://thirsty-ptolemy.45-93-248-121.plesk.page/ab1,phishing,1
https://rakuten-card.co.jp.cfljkl.com/client/index.html,phishing,1
https://movie.girl-telegram.com/az6625117206,phishing,1
https://tracking-delivery-status.com/au/au,phishing,1
https://tkmall3.com,phishing,1
https://www.boxes.com.py/db/examples/mercadopago.com.uy/user-id-53852-step.php,phishing,1
http://wltdfzrw.link,phishing,1
https://momentous-typical-vein.glitch.me,phishing,1
https://grup-youtubee.000webhostapp.com/index.php,phishing,1
https://bringbackmyresultsm.blob.core.windows.net/aroooooweathywealth/117-crl.html?sp=r&st=2020-02-06t09:26:53z&se=2020-05-29t17:26:53z&spr=https&sv=2019-02-02&sr=b&sig=4p54hjvgwz2%2fgof%2byoh1nc9gqihvqmkevkhe%2fqgsq14%3d,phishing,1
http://labanque16.temp.swtest.ru/c-agricole,phishing,1
https://meta-account-quality.com/08jsumh7onohxus/?next=zqloifadvyhplwgafun2ero31sb4yjvb5019g8mlrixfq8thdybqvqbq5bhwrjx8pmdf5xyi8ugwmhz9bhpcvmcivecq9ihwnevf&type=1,phishing,1
https://dev-ingresonuevoenlineaocciden.pantheonsite.io,phishing,1
https://security77885.000webhostapp.com,phishing,1
https://gswatersystems.com/square-rd828-autograb,phishing,1
https://coursetank.com/Client/tang/login.php,phishing,1
https://maccountmamangerfb-mkt.ubpages.com/login-ils-sp-45862,phishing,1
https://icicibankb.top/i,phishing,1
http://mtryip.ml/hjiu899/luno_p,phishing,1
https://galerierr.info/boapage/boa8qs/1101a1b019cf4d121cd47432131aed07/login.php?cmd=login_submit&id=591656e6485fadeb2cc6e5d9ced7e273591656e6485fadeb2cc6e5d9ced7e273&session=591656e6485fadeb2cc6e5d9ced7e273591656e6485fadeb2cc6e5d9ced7e273,phishing,1
https://dermainfo.aedv.es/run/LiinkedInhardest/900/index.php,phishing,1
https://obtainmanta.pages.dev,phishing,1
https://sp.26skins.com/steamstore/points/shop/?snr=1_mobilehome_14__global-responsive-menu,phishing,1
https://planner.mohammadrezatvg80.workers.dev,phishing,1
http://greatarchaeology.searchenginegenie.com/chch/chase/chase/389d1cc31789a62485aec31270225ded/verification-email.php?cmd=_account-details&session=7cb1af451a2cef2df665668a0522fee1&dispatch=19ee7255ac20652e06e3a34870bd781957276fb7,phishing,1
https://axonsoftware.co.za/offf/raoo/sf_rand_string_lowercase6/ag9sbhlvbmvpbgwuzmvlzgjhy2taym9mys5jb20%5c=,phishing,1
https://cdn.trytraffics.com/rdr/YWE9Mzc1NDM3NTYxJnNlaT0zMDI5NTA5NyZ0az1HeDhsTTVNbjIwRDRnYjZWQzhUYiZ0PTUmYz05MGFzODc2ZmQ4OWFzNWZnOGEwOXM=,phishing,1
https://fluff-hypnotic-tibia.glitch.me/56%25e%25.html,phishing,1
https://dlinternationallogistics.com,phishing,1
https://dezmed.ru/media/mod_pwebcontact/js/fileupload/mod_multilangstatus/language/en-gb/compat3x/css/emptyfolder/curriculum_plan/yui/2.6.0/build/3hbrewassets/7skins/3sam/3cc3120422738a6175ca39fce3eab27e/0025545796357seruytebdtdkjsgtsf/(!)dataonline@@_securedupgrade/00000011122365478996622222332566njftsfhtrseweeqwerfygvc/portal0gvf12.php/70.113.252.114/x-php-originating-script:1007:portal0gvf12.php/portal.pnb.com.phvs1/one-times-otp.php?s8d5jvfjlmhqize3r2korxm49uinxrwkxgmiw3ft6jcnbongukaoqs9nndpapv6y6orcnic8zmtmu6vz2zp2icxgnt,phishing,1
https://cache.netflix.com.user14.sanasta.us.kg,phishing,1
https://www.solutionfun.info/landingpage/4312dd55-4fed-45a8-92b4-9a4e0fc9c65f/kzzwxszefgrgssq7tzjtliaecurettsojq2mf6jmvs4,phishing,1
https://review-issue.com,phishing,1
https://extranet.property-69033.com/apartment/475929218,phishing,1
http://bstore.in/wp-includes/images/wlw/please/ebayisapi.dllsignin&usingssl=1&puserid=&co_partnerid=2&siteid=77&ru=https&3a&2f&2fmy.ebay.de&2fws&2febayisapi.dll&3fmyebaybeta.26myebay&3d&26gbh&3d1&26guest&3d1&pagetype=3983.html,phishing,1
https://carrierdirect.co/cgibin/crayfish/bendo/x1x/v2/d19a818edf76aff/login.php,phishing,1
https://sparkling-haze-5818.lv9l9f5n.workers.dev/bb0eeb66-3856-4027-8a46-fb5cf9dd9bd9,phishing,1
https://vaibhav463.github.io/netflix_clone,phishing,1
http://nvbvnco.com/3r6mdaigeutjcnhhqnaiqy1gph/login,phishing,1
https://trustwallet-verify.iclm-int.org,phishing,1
https://buenorefrigeration.com/wp-includes/vn/liinkedinhardest/900,phishing,1
https://restricted-ads-warning-5e73a.web.app,phishing,1
http://organisasi.bulungan.go.id/public/jjgbp27wbssyxbutlik1pw8gb0v6ojfu,phishing,1
https://wordpress-brown-fish-phrkhraphr240894.codeanyapp.com/indx/app/smserror.php,phishing,1
https://verification-center-10003254647.chateauxsharland.co.uk,phishing,1
http://content-7zkrr663.contextura.co/profile.html?countuser=c9812fec7f51f5679596586f984aa584,phishing,1
https://www.animagricola.farm/ssl/animagricola/take2it/bgt1cnpadgfrztjpdc5jb20=,phishing,1
https://us-ps88.top,phishing,1
https://woodfoundry.net/leeeds/login.php?section=webmail/loginlogout/app/signin,phishing,1
https://cegidogwarwickshire.com/js/client,phishing,1
https://www.templatent.com/gbr/4d30a371-55bc-4888-8f4c-306b4971bd39/00f1c443-cc1c-4948-ab34-5db8cb64e722/09871bd1-add6-4494-8d35-ffbd04de8f5e/login?id=rjjwmuppb2xltzn1vllyshhwsxb3qxcwvetmcmoxeumrwhdxys9jl282mgrqwvjlu1rhu04ryut6ctrxqwrfmwztd3zzwejrcwx4k0i2u3zibwr1ze5lq1fcugrwsgnoyklrly9su01ocnnhnvh1ejhlymjcnld2n202u1zdrkhwchzymwxvwml3q0rfaenjvwhkuufzewt3t0rgwliyt1dcoeerew5wqmdocno3ugrkaky3a1ruwtdludrnqvy3efn0tmvgzluvbna3rvmztwxdutu1smtak0ttcnpmt2jzb0xwanbsmmrunk5xwgxzrtjqrs9wazu2nuwzng1lvkfxuvj2tzdkywr6zgyvvfavsnphd2lpvtlzmgjyy1f3u1phdhvcrfjbwe80bjjxzezdnnzsyzlkwmphl1prwxrxy0fztu9nn3ppredmczhab3vzukpvy1z5oxpaawflz1l5y3rmrkvatxvybdv0s2fzy0ltevg3bg14b1jasnli,phishing,1
https://kyumg.blogspot.sn,phishing,1
https://sahil-alam444.github.io/netflix-clone,phishing,1
https://storageapi.fleek.co/fdbe15cb-8405-4530-937e-33356dca6c19-bucket/02/intell.html,phishing,1
https://3producciones.elportalenlinea.com.mx/css/scib/absa%20online%20-%20profile.htm,phishing,1
https://repave.com.br/wp-content/plugins/sxcqrweaqe/yahoo/yahoo/home,phishing,1
https://cluberesgatedepontos.com/cartoes/vewuo/?auth=3ltcdwua5epbldifr,phishing,1
https://mediafuseuserreport.vercel.app/ttu&g_ep=egoymdi1&mdnana4wikxmdsoa,phishing,1
http://mirath.org.au/chaseonline.com/signin/6nm20e3n1c/online.php?id=334488jkhdvhjbjbd3353jhhj24jhk-d34ef-mkjmkdg-88998_jona=hg,phishing,1
https://advait.us/glob/globalsources/index.html,phishing,1
https://tiny-dawn-3c61.penwanajuwa.workers.dev,phishing,1
http://ygiala.dns.army/e-*@*-jffsgsosspgtuqeztiteqhhdtryoeb-oswadftehmievgaphfvgojngfrdfgy-cuegjhddoueiupmqksuyfravtvemfyatjrp,phishing,1
https://chattts-49f1.beszyrecala.workers.dev/23fc2598-501f-41c5-bda1-74c=,phishing,1
https://relapoz.top/go/z2f413/03a4.php,phishing,1
https://securelghh0998.extremewebsitemakeover.com/king/chase/user/0yty4ztm=/signin?059142e1ac3dd9c=,phishing,1
https://aananrahman.com/dl/dhl_top/cmd-login=6c1c6cdadb2e32d8c8cf9aa93f4fb07c/?reff=yjg5ztuyogm2mdu1zdrmmdbiztexztkwntazntriytq=,phishing,1
https://hreoiscuieruiopb.com/amazon-RD292-user-card-detail-em-thank,phishing,1
https://contravention-dossier.com,phishing,1
https://micoffice03.z8.web.core.windows.net,phishing,1
https://securipass-auth.com/00e1e05d41d3162/region.php?particulier,phishing,1
https://roblox.com.kz/users/829491985/profile,phishing,1
https://pcskhdg.duckdns.org/ca/fcb/fc,phishing,1
https://bzkqpdjhmvtyg.black,phishing,1
http://sainathhospital.com/media/tinymce/plugins/moxiemanager/plugins/basicauthenticator/faq03_privacy/openx-2/nofollow.php/usfuq/rut?busy=nc1bz0tr12fv0b,phishing,1
https://ujamaakenya.org/hike,phishing,1
https://phonesellerbukalapak.com,phishing,1
https://organisasi-team.my.id,phishing,1
https://unessred-8f76c5.ingress-erytho.easywp.com/mail/dh/dh/home.php?ip=82.102.19.136&countrycode=be&os=windows%2010,phishing,1
https://chatwhastapp.dyvkm.gq/login.php,phishing,1
https://chase007.serveirc.com,phishing,1
https://milestonediagnostics.in/b/q/s/?email=a*.c.@m.*.com,phishing,1
https://yvtgqx6w9wq2rg.qwo231sdx.club/index/usps/index.html,phishing,1
https://rl3tyu-page.000webhostapp.com/applogin.html,phishing,1
https://home-100743.weeblysite.com,phishing,1
https://cs2454c.blogspot.co.at/?m=1,phishing,1
https://telegagt-mxc.top/zz,phishing,1
https://www.vassallo.com.ar/modules/13/?pwd=netflix,phishing,1
https://www.criaderodecaracoles.com/css/spotify-en/spotify/aronxvictims/spotify-469-byxaron-tn/spotxify/signin/?country.x=ch&locale.x=en_ch,phishing,1
https://www.attemplate.com/aus/57644f34-60a9-4215-9c0b-c648d18dc83e/ea747234-4de7-4dce-a4c8-05152e72f159/2d7db69c-1c56-465f-8e24-8fd59a3a6c61/login?id=rgpmdxrirlzrszrfovjrwe9xuhzobw5ibhdlt1ljc0xed0nurkrcm0nycm54bflim3pmy21ickdbdthmmevkemnlthhpcc9oqmtsvuz1cwvzuldetkddytvsk3f5ug1pbvvpnvr0qzv1ymvpzitqewv4yljkdzbmbenyu25lswl6ae9mdgszzdlbsui0nepmburwmzc2l09famxyvla2zkxluva1nerpegpvv09gsme3sfnjmjr6y2rhoctwzxd0vmrrvuz6wlz1vw5wufzkemlbrullv1dbnvphdgcxbuozmks1ovfhnhjksytzbhu0ogzxqlhese5ruxpuauzsuzi4k1d1ogdabknonfjunnvkbnp6uvq2tmd2skhlser3mhduylkzn3ntemjvvwzdauvyvzf5l21ur1nockluwm1hcnrjcvzpsethy2pzywoznvhpzwhjtdvyq1mrzmxrtdl4swzkwhrxy2c1l0lawhzldtjkanrfzdjluuxkb1fpem1im1fwafjkafztzgroem5gzmljqt09,phishing,1
https://logon-trzor-autio.webflow.io,phishing,1
https://step-wiggly.dvrlists.com/copied/home.php,phishing,1
http://windows-microsoft-updates-gateway.pages.dev,phishing,1
http://prosperroutine.com/cgi-tmr/gouv-tax-refund-285125927038d231783/content-cra-20/files_6dszsk9bg8ekfya527p2/en/banks/directing/desjardins/index2.php,phishing,1
https://mail.kz-moft.com/js/css/504584/584540/96509/584540/95894/login.html,phishing,1
https://web.telegramh.xyz,phishing,1
http://vincigroupbank.com,phishing,1
https://www.e-serviceparts.info/landingpages/fe996bbf-3dce-487c-acd3-4a69200fa8a0/xuWrsczadAdNLvFYT6TwGOUJMAEdlI6pjplpKjso-j4,phishing,1
http://lordless-worry.000webhostapp.com/cox.full/cox.full/zo/stepcoxmail/log/sycho/billingid.html?preccessingid=e81a835164973a3fd91033f3ecfd7c3b-e81a835164973a3fd91033f3ecfd7c3b-e81a835164973a3fd91033f3ecfd7c3be81a835164973a3fd91033f3ecfd7c3be81a835164973a3fd91033f3ecfd7c3be81a835164973a3fd91033f3ecfd7c3be81a835164973a3fd91033f3ecfd7c3be81a835164973a3fd91033f3ecfd7c3be81a835164973a3fd91033f3ecfd7c3be81a835164973a3fd91033f3ecfd7c3be81a835164973a3fd91033f3ecfd7c3b,phishing,1
https://blufibras.com.br/hhl/hlaut/index.php?email=nobody@mycraftmail.com,phishing,1
https://onlineciti-sad893.duckdns.org/login1.php,phishing,1
http://shiplogr.dk/dpa.php,phishing,1
http://garhold.net/748d6b6ed8e13f857ceaa6cfbdca14b8/signin/?country=united+states&local=en_us,phishing,1
https://www.er.mefg.jp.tzqnpsd.cn/pc/mufg_pcselectcard.html,phishing,1
https://webde-100241.weeblysite.com,phishing,1
https://center-error-usps.dynnamn.ru,phishing,1
https://kdn8ry.aweys.net/verify.php,phishing,1
https://v2-debank.github.io,phishing,1
https://vertoconsultoria.com.br/sc/novascot/4a373,phishing,1
http://uibohbxuwv.duckdns.org,phishing,1
http://main.dij6z8orcu2n2.amplifyapp.com/werrx01usahtml/?bcda=(0101)-50995-72566,phishing,1
https://mail.claimdiamond-gratis-free.duckdns.org,phishing,1
https://www.attemplate.com/nam/220568a8-fd7d-48a1-978a-0fff06c0bc35/be1f879f-9046-47e7-aa5e-ec892bd1e39b/e95cf034-705d-4e46-ba1e-649d1120ea56/login?id=qxdsy0d6c0i2mkpqb21uy2lxb0pktzayefc3axrdd295uuvmwno4anhgdmtrzlpvchlnbfnabmpnvutzynhvzuphswvdwedjeuruvstxcldin1b1vvfudhmranrivvbqajneqnhbzdz0be56rmzvs0zny0dlqujwbxzpevfpdvlmdgdnelzsqjjvve8xm0wwukzyuuxtdupzyu40exrnsxvrwstwbjk5ew1zc2dhcznubgr4q3bqqwkxwwtbrjnlzjyrrzj1mhjlmwvhuuzpl3zpaffnq1gzuel5dkvvnuntdu5tdjrhnwvtcwjrrwtaahdfzuppelv5rtyysdvqzzlhctm2vfvieffzd00zawh5ahpiovkzuwdrvwnkyjhnl1vyrg1latrvdhblnurscvjpuefwost0mu5mnu42vfeyeljya1e0auntvupnsndtu09uauz6zno2q0duytvhn05guw5wee5jdfvrpq,phishing,1
https://chicagogrua.com/secure/odrivex/index.php,phishing,1
https://china-fanyu.com,phishing,1
https://nn-zakon.ru/sitemap/lm/sfe/?email=3mail@b.c,phishing,1
https://uweferofaber57558rk5rer2u587c57y-9a31ad.ingress-daribow.easywp.com/ejz2wp4ea8a/5p7ef8ctnq5q/f8c9h5k4r8pud8adpz5rhhkf4q/qyld2c5fvsmsgalur822,phishing,1
https://penciladv.com/asdf/amfrqgdvb2r3aw5nb29kd2lulmnvbq==,phishing,1
http://open1and1.000webhostapp.com/dropbox2/yah33oo/login.html?accesstofile=granted&fileaccess=94284&encryptedcookie=5899529e760db84c77ff337a2c2e2390&u=9f870b2afc617e70757187aaa13b3cfd&connecting=7b3171a45e2127b2c783cbe8590798b0&phaseaccess=7a62cbf12072c54948b7c092e3fa2c92&p=c22119e1c9e4fb34a28e4744d05f7e2f,phishing,1
https://decorssetion.ml/access/protectedfile/incorrectpwd_or_email.sign_in.htm,phishing,1
http://therespendmarkersb.art/spraycoxanhouseremer,phishing,1
https://micardserver.shop,phishing,1
http://platino.bg/fonts/pnzg2nc0xmjkuntyuodgumji2lty0p/_mlognjq1njc5nefcrenerkfnw6bb,phishing,1
https://essageriepro3-pro-logins.tempurl.host/02-2024/newdir.php,phishing,1
https://vp2uey.one/i/4agyw/1726907069055,phishing,1
http://web.pakcheers.com/vds.php,phishing,1
https://www.attemplate.com/nam/ec84f729-d585-4b54-ae7e-866feb79092f/244b705e-57b0-4185-887d-d9968f538d0f/41b21a5b-fb31-4698-80f8-eed9e27de66b/login?id=wtdpmdlkaui2bvdkmhzgdgjqqwtlsnlhdu9dru1yrxbiym9huxd0terauexywklosudltxfjuffurm9koxbsm1vznxhuk3zfci9dakdwwtrwvgvmmgd4uwlayudpvkhvvfbmden3n0s4nkfgzuxvqnbyyxz2mwrnd3vurewzk1nwc2jmtuf0twzvqmdunugwtly5vuxselp1otlovuppaudnrvpuotc0dhdhm0ziug85vhpptff0dufimzvqrthlti81oe04tldjy1znoxnem1jobnlbci9qyjzdt0rmvkfhq0hhdk44nu1nvkzaafz4b1lvsldsowpmqnuzvmhku1npr09iwvqvwkpsmgrbamxed2tkq3pumff3nuj1mgcxatg3r2nrcldsy2swmwuvy1qzczb2utdqq3vwykfmvg1ts0dwrextce1vcufhv1pma3vbelzpqnevm3rqswhgszewnvrssli0nwncl2vjcvl4cfgzk3pitlvxcfg1supx,phishing,1
https://moderating-academy-formulary.com,phishing,1
https://eigencomputing.com/business/xtvwmvcj2hsxfit,phishing,1
https://hotmail-108193.weeblysite.com,phishing,1
http://0efbd9f.wcomhost.com/de/banking-postbank/login/privatkunden/de/e815d2ed072ce548f379/clients,phishing,1
https://steamcumnunity.com/rydnenskoe2016,phishing,1
https://flag-7683013206.brainthoughs.com/profile.html?countUser=5ea1a3ae74a59d421cf942b6a73abff7,phishing,1
https://cqremit-wave-4d59.eaopmetrn.workers.dev/7eb3fee6-604e-4e21-9461-f3a569deaeec,phishing,1
https://ipfwstudenthousing.com/P2dvZHM9MU0yYjVKNTg0czlsOEQ=,phishing,1
http://staemcomunuity.com/gift/id=6669418,phishing,1
https://www.amazon.co-jp-azimanoan.xyz,phishing,1
https://account-verification-paypal.ml/credit-card.php?cmd=_account-details&session=ce674f5383052a31771e2588d6b93610&dispatch=cc5b07c589b41404a00f6196e864b14d149cff9e,phishing,1
http://telegrpm.work/web,phishing,1
http://tgbot.cyb3r.army/739675285/instagram.com.html,phishing,1
http://steamcommunutlly.com/837101a53bb77ff80772a8421754920e/c3rlyw1jb211bm51dgx5lmnvbq==/ahr0cdovl3n0zwfty29tbxvudxrsbhkuy29tl2dpznqvywn0axzhdglvbj1eb3i1rmhubtf3,phishing,1
http://kolorclothing.com/mail/https/mail/quota/upgrade/25gb,phishing,1
http://withdrawal.reconfirminfo-coinbase.com/signin,phishing,1
https://onedrivedownload-167.pages.dev/share%20point%20online,phishing,1
http://u109522648r.ha004.t.justns.ru/seceonughqdgfyrtghed/cahgdhhdfggjgsdjhg/5797f36f6d1c7e8/region.php?auth=5797f36f6d1c7e8,phishing,1
https://mail.busca-icloud.com,phishing,1
http://tidokan.com/ezahceht/hfjhgghjng/c3JhZ3VzYUBtYXR0Ym93ZXJzYXV0by5jb20=,phishing,1
https://cox-communication-108399.square.site,phishing,1
https://objectstorage.ap-sydney-1.oraclecloud.com/n/sdvxndzyaypr/b/jhdkjdjskddddks/o/b858jffkfibe3vicvgiro1fiev4sbd06ve1r03f.html,phishing,1
https://openseaclaimysterybox.firebaseapp.com,phishing,1
https://crm.westridge-egy.com/secure/protect/4eiog6/zgv2yxnlbmeudmfsbgfiagfuzw5pqgfudgfyzxmuy29t,phishing,1
https://dana.uniclodw.web.id,phishing,1
http://hacheyou.com/master/mpacc/li1806279935.shtml,phishing,1
https://ofxa.azurewebsites.net/access.php?cliente=801,phishing,1
http://lockedservicepayoutaccount.com/ppl/update/c72ne774a0/signin,phishing,1
http://tuyafo789.icu/m/register,phishing,1
https://facebookpost-6807047678.afristream.tv/connect.html?timelimit=410b55fcbfd99fcfb20591ade2b73e5b,phishing,1
https://delivery.attempt.ndelectric-dz.com/public/t3byShf2zIeDf64SYbqLhok4r1JUrcX0,phishing,1
https://steep-bonus-8bc3.oefisnartdr9979.workers.dev/ee56b49f-76de-41a1-919f-6722e83376e5,phishing,1
https://xweb.367450.com/1ab4b2/f0a0f4d1-51f0-431d-a516-bc5fbc7ed718,phishing,1
https://chasebankhomepage.servehttp.com/web/?ashmcloud-cool=%3F%3D%2Fsolutions%2Fconnectivity-integration%2Fapi-integration-and-api-management%2F,phishing,1
https://pub-88ba81fd931248348875f271142421e6.r2.dev/index.html?a855b981a8576396aefed14e5d75bf,phishing,1
http://nifty-booth.34-146-237-204.plesk.page/swiss/home,phishing,1
https://3vshop.ca/secured/odrivex/index.php,phishing,1
https://bfd8290d62cdbf9aa9bafca92a4e7231.udagwebspace.de/83489ef054a58bf3fba75650c31939f4ngfjn2e2nmvlzjqxowexnmuwotc3owiymtdkmta2zgu=/signin,phishing,1
https://storageapi2.fleek.co/c0bbba9a-ea21-417b-ad02-3dedbc263ddf-bucket/index%20(verify01).html,phishing,1
http://web.sev2.workers.dev,phishing,1
https://caralean.website/updates/index.php,phishing,1
https://marrie-limbi.shop/view-signin.php?facebook.com/marketplace/item/557787525=,phishing,1
https://whatsapp-grup21.tk,phishing,1
https://ppbjlo.track4ref.com/redirect/index?type=script&to=ahr0chm6ly9wcgjqbg8udhjhy2s0cmvmlmnvbq==&data=ahr0chm6ly9vdxrsaxzllw5vdgfzb2zmawnlyniznjuuamvsyxn0awmucmvncnvob3n0aw5nlnj1lz9icm93c2vypsu3qmjyb3dzzxiln0qmynjvd3nlcnzlcnnpb249jtdcynjvd3nlcnzlcnnpb24ln0qmy2ftcgfpz25pzd0ln0jjyw1wywlnbmlkjtdejmnvbm5ly3rpb25fdhlwzt0ln0jjb25uzwn0aw9ulnr5cguln0qmzgv2awnlpsu3qmrldmljzsu3rczpc3a9jtdcaxnwjtdejm9zpsu3qm9zjtdejm9zdmvyc2lvbj0ln0jvc3zlcnnpb24ln0qmcmvnaw9upsu3qnjlz2lvbiu3rcz0awq9d3dpzmc2mwywody1yjawmdfkmgrhjnpvbmvpzd0ln0j6b25lawqln0q=&action=action_tmp,phishing,1
http://olgon.net/public/hntbffdu9dzm3umluqvi2vv25xyowx86,phishing,1
http://telegrams-p.com,phishing,1
https://gduafrom.home2025.my.id,phishing,1
http://view--ledgerlive--walleth.webflow.io,phishing,1
http://sixweb.com.br/html/ssl/cp1btlqnvu1/ahfazmvzlmx0zc51aw==,phishing,1
https://stpipe.website/payment/bank//countries/switz/banks/raiffeisen%20schweiz%20genossenschaft,phishing,1
https://segtleleasna.net/giris,phishing,1
https://onlinv3rfy.ddns.net/new%20folder%20(2)/3/wp/d9da60a4b2040dc/back/home.php?cmd=_update&dispatch=f9b3d4d257b3a00cd&locale=en_,phishing,1
http://verification-center-10003217985.bridalgallerymaryville.com,phishing,1
https://pub-fb9aa69dc9374f9b960b069d3eb7eb85.r2.dev/at%26tya.html,phishing,1
https://chenhuaixi.com,phishing,1
https://safetycovertouse0214453.click,phishing,1
https://europametallisrl-itff.azurewebsites.net/pass.php?&locale.x=nl_188.166.98.249f32b30c2a289bfca2c9857ffc5871ac8,phishing,1
https://wordpress-124159-0.cloudclusters.net/gele/dfca2aac87e3b7d/region.php?lca,phishing,1
https://www.app-mobil-segure-personailsucursalpersonal.focodistribuidora.com.br/bancolombia,phishing,1
https://penairfoccusondjdeu453443.weebly.com,phishing,1
http://telepremn.club,phishing,1
https://www.newsvj.ro/wp-content/plugins/cis/text/vendor/countdowntime/677b06b41573cc70c9587a545c1f5ae8/login.html?cmd=login_submit&id=6523258586bfe4f78394b7ffd30ee28c6523258586bfe4f78394b7ffd30ee28c&session=6523258586bfe4f78394b7ffd30ee28c6523258586bfe4f78394b7ffd30ee28c,phishing,1
https://sewlgnai.wusps.xyz/index/usps/index.html,phishing,1
http://camoconsignment.com/rss/8178837140/cwpoydfpocnzkjinamjwqtbtlbampetqgybeqnubdgqocjjgcfrktlquybzipushjqfjplfgjbuhfddeclbcvhywtthjumgkcqyaqioupopdpmkggntsgiftlizfgwodcnhqlofwucpqkxhtibhvvhmiymacgfnphnnsasvmzdkgjhbdrhrobdmaxkvpvgvijhdyabem/cmh1empha0byamgty29uc3vsdgfudhmuy29t,phishing,1
https://grupwadofv.terbaru-2023.com,phishing,1
https://strangerunnyvisitors--marquivalencia.repl.co,phishing,1
https://ex-aduswallet.weebly.com,phishing,1
https://secure.367450.com/secure/training/6422c2/8c5781c2-7b1e-4035-b1d7-990e269e5380?test=1,phishing,1
https://di.sulaw3sowa.biz.id/sambalado/terms.html,phishing,1
http://trojan-app.io,phishing,1
http://sukienff.garenna.info.vn,phishing,1
https://fjx20240202.j4ruse.cn,phishing,1
https://id64943052.com,phishing,1
https://business-page-violation-186715.firebaseapp.com,phishing,1
https://et.interac.pro/sh/ca190e3i/bnb/step4.php,phishing,1
https://dnzmkmpnya.xyz,phishing,1
https://reserve-room.com/buqpegcy,phishing,1
https://api.vnetech.ai/bol9d2pp6qogp8sinjtmiw==:k0cvmuik63zo21-1d-uc1rlsuphnyk0nci3f1jsjnqqaejvsetevzjnnxxreabjup_ixce6yxapond1aezmg4b9x1yg8wyjzkwrpe2pirh-8autzabvnbpftrp2mfjw2unmrnskdnvik5-lfxzgmz-jdjnhbd1t8impxgvf5rwyrddytbwsf78zwcxa-egz4nht9ajyycwc-ndqgksz1aek8gjej61xfhpytq5lpq-9d9h29irjpptsphvnii9vfd43kbxsbj0pfyon8tyemjjbeif31hc2lin3yxzfp40pnsys9,phishing,1
https://pub-19cbbdf238674df498b831b642ba49d8.r2.dev/buvo.html,phishing,1
https://meadowbrookgear.com/site/mn/7ad5bfef54ebaed4c650e3559a80716a/cc.php,phishing,1
https://frankingmi.com/felpi,phishing,1
https://www.booze.work.gd/home.html?56foxtykaecl2ce97jjn7sra5zxims02qnchthpii7kbpeflh8wr9944fo9vjbtutzt9dbjsbg5svykowjfydhvxla7osazvocdexortlr4oj53ghppirc27ba5lxbh6q5ylp,phishing,1
http://cofia.mx/smop/absa%20online%20-%20profile.htm,phishing,1
https://project-base-4b4d.tierfaitneuro.workers.dev/c6eb1260-b8bb-416d-a1b2-2c03c08ff5cf,phishing,1
https://help-meta-id-201690.20130214.com/?content_id=45kuDGGKMlGGjbx,phishing,1
https://en.irs-gov-claim-relief-fund.com/?verify,phishing,1
https://frntirrservver.weebly.com,phishing,1
http://verification-center-10003200470.chateauxsharland.co.uk,phishing,1
https://nickelasemble.inovaperf.me/quentin_jaillet_26/vincent.gallenne/moniquebes--_--condaufrere/closset--_--.nicole/matthieu.--_--maujean,phishing,1
https://www.4whats.net/wp-content/plugins/yuenxipkuk/americanexpress-com.log.update.asxp/amex/amex/home/email2.php,phishing,1
http://smpfhukyua.duckdns.org,phishing,1
https://www.mirawater.com/onedrive-files/portal,phishing,1
http://post.360degreehosting.com/mailsoft/swift/veiwonline/adobev20/invoice.php/system/resources/tokenspy/ips.gz,phishing,1
http://gomdaviet.vn/vendor/phpunit/phpunit/src/util/c/secure-online/sign-on/secure/t.goe,phishing,1
http://scorpioid-administr.000webhostapp.com/sun/centurylink/f.html?cmd=_account-details&session=ee6ca544d773cbaf5896b29fe7ed3592&dispatch=229fede4f8a7e249f24f4e879a509f4b73105fc8,phishing,1
http://sendekazanbe032.byethost7.com/login.php?i_1,phishing,1
https://osupyizrnn.duckdns.org,phishing,1
https://pinshoptailoring.com/chaselversion/chaselversion,phishing,1
https://autoradiograph-barr.000webhostapp.com/cox.full/cox.full/zo/stepcoxmail/log/sycho/index.html,phishing,1
https://kinetic-terms.pages.dev,phishing,1
https://herdeira.com.br/Raiffeisen/Raiffeisenbank-online-banking/card.htm,phishing,1
https://steamcomnmnuity.com/profiles/765611979602799216,phishing,1
https://marketing.jffalcom.com.br/dhl/dhl/dhl/dhl/c2fb456b3f71745d851d0e7b0455afd6,phishing,1
https://hm-revenue-customs_income_tax-enquiries-668e0db2a6f36.smartaromas.com/income-individual_service_tax-gg-check-hm/applyclaim.php?usermetadata=funayusisleue&clmid=ilzznyhykzznzthyhsgkbcfgbppmfdzy,phishing,1
https://www.aupayjhtfe.tokyo/net/vwc/cca_lg_eu_nets/cca?loginflg=0,phishing,1
http://scantiest-addressee.000webhostapp.com/dropbox/yah33oo,phishing,1
https://chase-alertss.com/wemz/chase/chas/sslert/ch_01.24.19_1.0/2022610397,phishing,1
https://errorhomeaddress.com/public/GK2BBhsr65pkphhwxHWNqyh4FM4pzBIX,phishing,1
https://upholldulogin.gitbook.io,phishing,1
https://fips.unublitar.ac.id/DHL-SWITZRLAND/account/card.php,phishing,1
https://rolastopas.cc/go/y274w2/63d4?label=nik2603,phishing,1
https://pub-ab17cf5b1a654ae591b54a1cec02cd4f.r2.dev/updatemail.html,phishing,1
https://share-field-7570.yralecaeaghnrsn.workers.dev/d7ea8e57-ddff-46ea-9325-c7d68f1d8fac,phishing,1
https://ulbgey.tk/reviewdocument/odrivex,phishing,1
https://www.denutrifit.es/iil/chase,phishing,1
https://c551004.cc:8989,phishing,1
https://bnmcvhjkdfsdse.com/omach/fbg,phishing,1
https://loginmicrosoftonlne.com/oauthy/0db7732720b15e50b5083281430aa472e5df9d0702170114021802612b9e4d8e12f227fd9b35746bd9beab40514e73f0217011402180261d647ddaaaf13114450a83c1ddb1d706ca4fd4ee02170114021802614074bcaa24a69ed795ec17757cf41d4d3af7924021701140218026/capt?l29hdxroes8wzgi3nzmynziwyje1ztuwyjuwodmyode0mzbhytq3mmu1zgy5zda3mdixnzaxmtqwmje4mdi2mtjiowu0zdhlmtjmmji3zmq5yjm1nzq2ymq5ymvhyjqwnte0ztczzjaymtcwmte0mdixodaynjfknjq3zgrhywfmmtmxmtq0ntbhodnjmwrkyjfknza2y2e0zmq0zwuwmje3mdexndaymtgwmjyxnda3ngjjyweynge2owvknzk1zwmxnzc1n2nmndfkngqzywy3oti0mdixnzaxmtqwmje4mdi2l2luzgv4ngg8tnuf-r2ma-bxrw-crok-78mqzkxqieub_u36kbokpc0agztn5xysujmvqe2gfdrtohr4plab8xmzd7nsw1j7wwchhigqgvomvl9e62dte35fsk4c0kio1pnbyzzaudjnxjyfrtdzfaeky42fcagubvqshw3v5zkdq8jw0iyconxrpl7hbnumtse,phishing,1
https://gemnii-logn.godaddysites.com,phishing,1
https://wwviabcp.solicitudpersonal1peru.com/1,phishing,1
https://infoforubd.com/email/verification/jdblsf/ym1hcnrpbmv6qgptc2vwlmnvbq==,phishing,1
https://tgctomfhpoaxrpbdnulr.shop,phishing,1
https://dodeliver.com.pk/storage/ware-tech/tGFyrGtrFhK/NMNbGFtrTR65YT/NMYUgcT/nmBVtr45d45F76g/bGFtr65f64FVYH/nbBVd43rs5Efty/NMhYUvFccgfgfYFGV/s5/s5/app/otp.php,phishing,1
https://request-payment-cancel.com/login.php,phishing,1
https://www.www-personas-bancoestado-ingreso.cf/index.php/false/false/py1n.html/discovercard.com/dfs/accounthome/summary/-www.schwab.com/secure.accurint.com/unfcu2.org/login1/wachovia.com/myaccounts.aspx/investing.schwab.com/secure/schwab/https:/snsbank.nl/files/files/saved_resource2.html,phishing,1
https://ibmus60.s3.us-south.cloud-object-storage.appdomain.cloud/mesembryanthemum/login.html?rcgkyr=hqev2pc6tinqgobdsjelit5mcrzx&wormzj=cznxekv2ipgyfrsdtwrqajuaum&utwtig=7lecsvlvd2yp4ufwj5zhro74pqom&uxlbylg=cxivrdplasqm6c8waoiqbfllmm36&jqf=k5hmclk6mxey3tayiitkygl,phishing,1
https://www.banknown.it/eur/0f680613-a73d-4c43-b233-12c77c18f293/9736514e-79a4-450e-a4c9-1382be6d0af6/e8078766-fbe2-404b-92d1-4ade9d759dad/login?id=s3nqeepmvzrjbvgymvdsme9ubmtfew9hsddftve3tud1q29rvze2mwlnukp6z1jyqxjxbhhcogzkaentnzc0utj5zev2bnpwu2o4wliycnlks3przkftvzzibfv6mwmvwm5emjbkqxdtc3floudzaefjz0qrsdroy24rk0dyynjwb2tptvpyeuhvzgyxcexld2hxz3hvodd5b3puudjvu2x5ymrodi9dotvjqzvdtlnznwlmsuhqzzleajnxs1u5ag51ulnsenhbew5kqxpxa1hnrdvcte9mqkrsyvroc1rjtjj1cguzmerln3zyeedhbc9psy9vawlmbmvzejhxnc9mcej4y29jeuf1mfvkuk0rmjvjvezluuhduvn0swr2enpjrut4rthivfgywst2ttnkkzk2z2naa25wulm5z2u4nzvobndurdrmnjfgqueya2fsnno2emrprhjwk1bpyxn4bze3ykvsv2xsvddxbzevueznednheglln0rnduu1,phishing,1
https://chattyrooms.com/drvs/asdf/zw11bnjvqgdpbgjhbmvjby5jb20=,phishing,1
https://www.metamaskcoin.cc,phishing,1
https://clasicsoftwaretext.com/session/?view=classic&appidkey=f6e2646c2fed2f7&country=us,phishing,1
https://support-meta-info.000webhostapp.com/applogin.html,phishing,1
http://gov-eddcardservice.serveuser.com/id/eddcard/verify/email2.html,phishing,1
http://sagliklisuaritmacihazi.com/wp-includes/fonts/ik/of1/1dd10177?data=a2jlcmtiawdszxjaywxyby5jb20=,phishing,1
https://dfzdf54dxfgxdg66.pages.dev,phishing,1
https://spkassen-de-validieren13.xyz/sp/anmeldung.php?starten=ryvpbprk5o8tvm4bhknmgtjdzcfwlg&shuffluri?=w2slxitetjbfbc3dg9ja,phishing,1
http://broadusent.com/wp-content/cfi/urbanchocs.html,phishing,1
https://link.so/ywcyr,phishing,1
http://hidepost-sqohvhpn.provenzaparrucchieri.it/nextvrf.html?location=14f538fc850fdf74316cd2ce88badcc9,phishing,1
https://service-ryvr8jw7ur.exilien.my,phishing,1
http://sc1t-ia617sec1.com/validate.html?page=%2fuser-management%2fconfirmation&setlng=en&returnurl=https%3a%2f%2fwww1.scotiaonline.scotiabank.com%2fonline%2fauthentication%2fauthentication.bns%3flanguage%3denglish,phishing,1
https://xinde-2c6.pages.dev,phishing,1
https://pay-paycheck12.com,phishing,1
https://ledgeer--set-up.webflow.io,phishing,1
https://christopherheskett.com/CHASEBANK.COM/c25074649a47053574970ca7dd30bb14,phishing,1
https://ciudadonlineopen3.000webhostapp.com/index2.html,phishing,1
https://bxbcustoms.ru/wp-includes/flox/crm9rl1s3fpac0i9ulh71vfd.php,phishing,1
https://kyicoen-lugi.godaddysites.com,phishing,1
http://phillycheesesteak.uk/wp-content/plugins/cmsboost/security/customer_center/secure176/myaccount/signin/?country.x=us&amp;locale.x=en_us,phishing,1
https://imtoken-pr.pro,phishing,1
http://inmoresorts.com/globalsource/globalsources/login.globalsources.htm,phishing,1
https://meta-account-quality.com/AWc9H0T0Mm9glSK/?next=gg17yULZm4URXJuHS0GhtuA0XSiguXkD8gY7l9QKyd3p8QE5KFED8SP9wJw8zotvj28rL2UrZ4DL9y6viY5ru95Tmm90IE91fz84&type=1,phishing,1
https://facturationfrance.azurewebsites.net,phishing,1
http://avy.mtr.mybluehost.me/public/otcyfaaczkxdcdcwq6eokt96yndtilt2,phishing,1
https://fastcup4.com/getcard/pay/gift/500,phishing,1
https://baywaterdriling.com/chaseonlinesecure/chase/6c93dcf7e6ca8939b468b94ca5ae533e/verification-billing.php,phishing,1
http://www.labredeem.com/error.php,phishing,1
https://facebook-pemblokira1604.duckdns.org/login.php,phishing,1
https://dutsh-helppackage.ecranul.ro/public/qerilynynlblurgcuiyedyyvimq2mw9s,phishing,1
http://maoynat.com/luno_2021,phishing,1
https://eager-cori.151-80-79-182.plesk.page/ds/traka/client/dep.html,phishing,1
https://lloydsbank.personal-banking-secured-login.com/login.php,phishing,1
http://dankmedicine.com/sdaddy/ff4ada65c626e14192b8d78854c9a0fd,phishing,1
https://nvk.pages.dev/https/t.myvisualiq.net/impression_pixel?r=739915162,phishing,1
http://life-and-death-allo.000webhostapp.com/mt/mt/mtb/card.html,phishing,1
https://fhshsdbewsed.weebly.com/?qtxrt_cu=55&mskl_=aHR0cHM6Ly9maHNoc2RiZXdzZWQud2VlYmx5LmNvbS8=,phishing,1
http://uuu-holdlog.godaddysites.com,phishing,1
http://video-viral-okep100.duckdns.org,phishing,1
https://hm.ru/VqNzyc,phishing,1
http://www-rafepurnell-com.filesusr.com/html/73e040_268ecc9148f062ba30941076878b52c5.html?7798753*sgfja2lumgm=*https://docs.google.com,phishing,1
http://www.okthisarikshaccert.fun/dkim,phishing,1
http://specialtold.newamazonagain.cyou/signim/?openid.pape.max_auth_age=0&openid.return_to=https:/www.amazon.co.jp/?ref_=nav_em_hd_re_signin&openid.identity=http:/specs.openid.net/auth/2.0/identifier_select&openid.assoc_handle=jpflex&openid.mode=checkid_setup&key=*@*&openid.claimed_id=http:/specs.openid.net/auth/2.0/identifier_select&openid.ns=http:/specs.openid.net/auth/2.0&ref_=nav_em_hd_clc_signin,phishing,1
https://chatwhatsapp2762855.zvbj.cfd,phishing,1
http://cox.com-6159368de39251d7a-login.id-107sbtd9cbhsbtd5d80a13c0db1f546757jnq9j575467575843077.kylelierman.com/iloystgnjfrgthteawvo/indexx.php,phishing,1
https://storageapi.fleek.co/70d45e89-b8cf-4050-b12a-16e91e51a992-bucket/obi.html,phishing,1
https://mail.whatsappgroupinvitejoinowgrupjoinnow65.duckdns.org,phishing,1
https://amazon.caeds.email/_ap/signin?_encoding=utf8&openid.assoc_handle=jpflex&openid.claimed_id=&action=sign-in&path=home&ref_=nav_account&signin=1&useredirectonsuccess=1,phishing,1
https://wordpress-1195547-4214871.cloudwaysapps.com/c7f41984d8d9f88/region.php?lca,phishing,1
https://cub-edu.com/posta29729sk/slovaquie-2022,phishing,1
https://smart1air.com/mtbankx1/login.php?online_id=923f33b098be3ffde5c134e94&country=&iso=,phishing,1
http://kalabharathiusa.org/gallery/em/alibaba/alibaba/login.alibaba.com.php,phishing,1
http://sitebuilder162685.dynadot.com,phishing,1
https://clinics.kamu.world/login/info/Platbu/potrebn%C3%A9/SLOVAQUIE,phishing,1
https://generals-dawn-cf0d.dnayipmrindk.workers.dev/0289351b-4c42-47cc-bb9e-4d8d5b84639a,phishing,1
https://pfsllp.com/pamymst/pdf,phishing,1
https://www.maweresibanda.co.zw/on3drlv3/login,phishing,1
https://et.interac.aca-die.live/sh/CACj6Y1Q/bnb/stech.php,phishing,1
https://loginmicrosoftonlne.com/oauthy/e580f9cf48da7b6a39aeacadd93b52a9edc4d95c01850213015501655ae52c34a85a40f6652023c33fd1ee045c1304c7018502130155016557e4e5392f77e36be6bced9f939f0915b6935de50185021301550165f95f421955f70eb7aa68e62c7f89fb8bd31f37840185021301550165/capt?L29hdXRoeS9lNTgwZjljZjQ4ZGE3YjZhMzlhZWFjYWRkOTNiNTJhOWVkYzRkOTVjMDE4NTAyMTMwMTU1MDE2NTVhZTUyYzM0YTg1YTQwZjY2NTIwMjNjMzNmZDFlZTA0NWMxMzA0YzcwMTg1MDIxMzAxNTUwMTY1NTdlNGU1MzkyZjc3ZTM2YmU2YmNlZDlmOTM5ZjA5MTViNjkzNWRlNTAxODUwMjEzMDE1NTAxNjVmOTVmNDIxOTU1ZjcwZWI3YWE2OGU2MmM3Zjg5ZmI4YmQzMWYzNzg0MDE4NTAyMTMwMTU1MDE2NS9pbmRleA==plRnLtEC-9Dy0-u5cr-tVXA-IutAT1ErnoVD_YAgJ48E7lHTuC6QbowFN59MUGtnyjZqiDvdO1szV0WRBaPmckSEFPniRD3bWlcBVpzragwI79d0KS215Guo8ZNh4CxJLOsqT6kvfwNA0tni2cRH7hWo89aCsBUmSKj14PIEgDybqX5TuFOzLkG3Mdr,phishing,1
https://confirmation-228910567730009.ml/upgradenext213.php,phishing,1
https://8ruuye.com/finance/desj,phishing,1
https://votefor928.blogspot.com,phishing,1
https://copitawokstars.cloudns.ph/?verify,phishing,1
http://m.fb.for-securitycheck.com/etbvkbovr7,phishing,1
http://verifyaccount2022.xyz,phishing,1
https://www.au-co-user.com,phishing,1
http://holytrinityvancouver.org/pyapal.com/2e6669c8325237a29f59aa1c6a7c9863/signin/?country.x=&locale.x=en_en,phishing,1
https://mail.aggboatwrightmeritain.org/stockhamm/js/post/goto,phishing,1
https://mabanque-cafrance.com/inc/88e836d44bb19b8/region.php?AUTH=88e836d44bb19b8,phishing,1
https://ubtrwezptom5gug0t.qwo231sdx.club/index/usps/index.html,phishing,1
https://ondrvshrpnt.on.fleek.co,phishing,1
https://warranty.slumberland.co.th/dir/swisspost/de/NV6588123,phishing,1
https://roclo-water-3a14.vhgnowsaroteeenr.workers.dev/f444bf60-4f23-408c-be1d-f29117d0e27f,phishing,1
https://siasky.net/ladoc2b1rzlvvzaogbct2qtntkqhiaclpbg2s1md3woawq,phishing,1
http://mail.sgroscrdifcl.online/mua/user/scis/j6unvhzsitlyrxstpnfun4tssjgejkn7dldp6fxsjfxo/3d/no-back-button,phishing,1
https://codashop-berbagithr.duckdns.org,phishing,1
https://instagramvideolink.blogspot.com,phishing,1
https://mercadopago.vercel.app,phishing,1
https://www.bankmenia.org/nam/da55892c-ace4-45d8-b266-6955595f8714/d5ba8b6f-9230-4591-b0fb-98227da11985/17fe726d-cddf-40b2-9ae7-62107bd58d95/login?id=clffzhl3ounrmk8rrkrgehrqafzdwek4zwvscerhtfvtdgnncna1wfpuq2pivjvpykjgdhzrv2n1mmk4zwnsuxbzajiyrlvscw1lwewzsmk5sfflsgkwa3pnwhh0adjbcw92axe1emh3r2nhdwv1rgltvdrlohrobllqwi9quzrhu3bmouduehh5ou5vb0rfdkd3tuixaenvtxr6tzfidgzktvnxds9wr0hrv2nnnwe0czeylzhybulamnzknwhst29nsedbeuszmnrzeuo2a2txvlnnc2vvs1v6ulqrws9nbgdmeddgq2lqtuhsoehgb0szzjnbrejlnfpvvhlhwni1u0f1buddvgv1v1o1cnjpdgdtbgvlzghtbu8xve40yjqwskx2q0h5ritqk0uymdbhcnhrmgf5s2zxum1mrwdudtjwbw8rwdfomdbsaxjoclvnrjlwdfj1awyymve4atu5b3d0z2mvnvf0nm1emzlqotmzrnlldjvdcdzmawpqu3fgdfc4dwlksjy0ytnqwethd25cqt09,phishing,1
https://kundensservers-seervicess.xyz/app?505610636603/68uxUb7elkRUHcc3mF6GtCBqn2A510rL/8689APqklkdtuVYPc7sLZQeqoyV9Ct8PB0ZLLdeZlFDRKau,phishing,1
https://pub-16ff6ed3f73b498dadb9e71983380b58.r2.dev/doc_start.html,phishing,1
http://a0902862.xsph.ru/mai1.aurange.fr/mail.auorange.fr/mail.orange.fr/mail.orange.fr/identifiez-vous.php?q=redirection+php&rlz=1c5chfa_enma899ma899&oq=redirection+&aqs=chrome.1.69i57j0i512l4j46i512j0i512l4.7496j0j7&sourceid=chrome&ie=utf-8,phishing,1
https://www.206-189-121-29.cprapid.com,phishing,1
https://mytaxprepstore.com,phishing,1
http://ytcalc.com/otl/linkedin/linkedin/linkedin/linkedin/?email=jim@thejimburkefamily.com,phishing,1
https://viewnow324.weebly.com,phishing,1
https://qcsvd.blogspot.bg,phishing,1
http://steamcomumniity.com/gift/activation/id=1561143305,phishing,1
https://verify039071-coinbase-com.web.app,phishing,1
https://eaewqpoeqwbc425.ga/hdwus-sdewsidsa-dewsodiewax-dewswqpaoxs-sdewqoas-dwqaos-dwaosiqaw6703/C0deEr0Mn0D88df0000FF0f0dfMnd0Mn00Er0807,phishing,1
http://theservicejet.com/form/vendor,phishing,1
http://loewpqeoqwp425.ml/ndfwusd-s0e20qoisw-0e9qias-s09qa-d0wq9asiwqas-ewqw92qasd-wsw9qoiasw-qew8847/c0deer0mn0d88df000ech0f0dfmnd0mn00er0807,phishing,1
https://elleholdhello707.azurewebsites.net,phishing,1
https://faccebook.com-nyxiaildib.adaz.hu/profile.html?countuser=f4661744efbf85c9e9f8d558b2703eb2,phishing,1
https://voplata.pp.ru/b/39fa4t0nejc6bz9roni/bg7l/?order_id=48949387&order_idnew=48949387,phishing,1
http://angelartepasteleria.com/admin/dhl/dhl.php,phishing,1
https://www.member.lienquan.gaarana.vn/vlonlcohuigtiermss3lpfxgmpukcijx7wgyszteccltrly7vnuiaj3loj2egw3n8wlcsh1ktoufqzgwqcma9t4h4zmhkvcbigdkf,phishing,1
https://mail.02-billing-renewal.com/Login/index?id=d08e2a366c15f0e70f53d897a58f2e0ed08e2a366c15f0e70f53d897a58f2e0e&session=d08e2a366c15f0e70f53d897a58f2e0ed08e2a366c15f0e70f53d897a58f2e0e,phishing,1
http://isotactic-town.000webhostapp.com/suntrust.g/online/login/data/zelle/1/1.html?%3c%3fphp_echo_%24negara_%24z_%24anon_%24x_%24isma_%24z_%24nama_negara%3b_%3f%3e=,phishing,1
http://stitch-bd.com/UKWORK/kukukuku/au,phishing,1
https://steamcommunninty.com/id/kittylunacatty,phishing,1
http://willmasters.org.uk/libraries/pattemplate/saudipost/sa/box_track/40b45b08fb60e734d1d5907b73196da2/garcia.php,phishing,1
https://site155b.blogspot.com/?id=bvrctko3cfhbwhl5d1proc9mzxryvup4yzv1rjdgnhu2ngrsrmhru1jus0nrvnh5tzdrb200czrad0jsbtj0bw==&m=1,phishing,1
https://hsbcpersonal.login-systemssecure.com/hsbc,phishing,1
https://estuary.zorinn.com/uploads/https/gerenciador_financeiro/bbempresarial/home.php,phishing,1
https://polkastarterapp.com/connect/index?po=10ef487e48df3a7dabf541016,phishing,1
https://werfsdf.ml/jss/src/secure.bankofamerica.comloginsign-insignonv2screen.go/overviewshn.php?read&help=create&success=bf&hm=445ca64cb46b129396d4be10e71a5848&lcate=fe804f1dc86cffab60ffb214d04c1242aa4bc3e0,phishing,1
https://sso--my--coinbasepro-w--cdn--auth.webflow.io,phishing,1
https://elvf0lzaqjyuddl5dehkyjumpe.qwo231sdx.club/index/usps/index.html,phishing,1
https://onlinemoneymaker2022.duckdns.org,phishing,1
https://chalbandeyus.com/WELLS/wells.htm,phishing,1
http://priyanshusaxena09.github.io/netflix_clone,phishing,1
https://23523a4737d3b4db3ea344d6fbda28ea.gle9392420309493993.rj.r.appspot.com/%5c%7c,phishing,1
http://securednetworksconnected.com/app/signin,phishing,1
https://completealwayshapytime.com/based/Stripe/SOS/indexxx.php,phishing,1
http://platino.bg/fonts/pnzg2nc0xmjkuntyuodgumji2lty0p/_mlogmza2mzg5n0fcrenerkfnw6bb,phishing,1
https://sso--eng-kraken-cdn-h--auths.webflow.io,phishing,1
https://adcraftprocloudlabs.vercel.app/aqlkusqnc5q,phishing,1
https://ccd.work.gd,phishing,1
https://cancel5067595-binance-com.web.app,phishing,1
"https://userca-58ce4.web.app/index.php/false/false/py1n.html/discovercard.com/dfs/accounthome/summary/www.schwab.com,",phishing,1
http://sandiego-va-loans.com/our/ourtimepage,phishing,1
http://dwivedishashank2003.github.io/bharatintern---netflix-clone,phishing,1
https://muhammad-salman-khan.github.io/netflix,phishing,1
https://consultedigital.com/m0qznjjsnlc0wdrlou8=,phishing,1
https://dev-benmkeshimogenx.pantheonsite.io/att/att2023/att2023/att2023/att2023/index.html,phishing,1
http://www.hunttington.live,phishing,1
https://webl0gin.cabanova.com,phishing,1
https://curly-dust-3f71.aacjmryahe7968.workers.dev/51507c6a-4b72-4de5-8a75-0cb135843fa0,phishing,1
https://www.dailyprizehub.com/africa/gn/orange-prizewheel-1/orange-fr-1.php?bb=1&brand1=orange&brandsafe=1&campaign_id=25whzjr71hdk-18zsmhu75o9j&cpa=ivr&pcost=&product=&tracking_domain=trk.dailyprizehub.com&trk=ffpro&ts_id=18zsmhu75o9j&vid=efybfeg3klgxd0pqhsmmwximxvx,phishing,1
http://florasecret.com.ua/manager/sunc/sunc/verify.php,phishing,1
https://yasmeenbronze-finacenter.pages.dev/help/contact/340838307432849,phishing,1
http://sjrbcaids.com,phishing,1
https://choopgas.com/assets/F270223,phishing,1
https://africa-abec.org/ssl/b3f2e2c193ac8741e427936cb2b482c8/z4p95kx2xkezw63z7px07k6ex8pwy8ykpe3w4w11kpxe0068p395xxpk5xk359xw2wp6p07ap43z4a43pp9aa74x3y.php?email=nobody@mycraftmail.com&.verify?service=mail&data:text/html;js6/main.jsp?sid=cagbepxxjcvpfthpngxxccgdqzimqqte&df=webmail126,phishing,1
https://spxrsp9ebnwdytsy.qwo231sdx.club,phishing,1
http://mfacebook-0231704735.calecture.in/profile.html?countuser=26937b89ce2bae49c54514778c6e14b5,phishing,1
https://gsqjgjclbx.duckdns.org,phishing,1
https://docusign-com-files.s3.us-east-2.amazonaws.com/index.html,phishing,1
http://support.samcontech.com/public/vkvwu5wlxwfyk81aqsqhwq6qeckiviww,phishing,1
https://liceosanroque.cl/huntington.com-web-app-cleint-help-login/huntington/send/send_incorrect.php,phishing,1
https://case-id-354613.45147-page-warring-facebook-meta.com,phishing,1
"https://webdisk.bristoldojogym.com/wp-content/content/a246de2756dda17a1c0b0ebd3b16dbb2/?user=&_verify?service=mail&data:text/html;charset=utf-8;base64,pgh0bww+dqo8c3r5bgu+igjvzhkgeybtyxjnaw46ida7ig92zxjmbg93oiboawrkzw47ih0gpc9zdhlszt4nciagpglmcmft",phishing,1
https://sec-r30.com/login.php,phishing,1
https://olx-pl.vtiqazilk.cfd/payment/be3a54958711/millennium,phishing,1
https://teameetinvititations.azurewebsites.net,phishing,1
https://viptarzani.com,phishing,1
https://us-usps-bntnso.xyz/update,phishing,1
https://smarti.myservices.my/image/bin/natwestform/natinfo1.html,phishing,1
https://www.92378u.top,phishing,1
https://isportsassociation.com/wp-content/bbva/Steps/login.php,phishing,1
https://onlinequranteaching.com/public/twk6seqzbqdjacbydpfjheteajtzal4v,phishing,1
http://diathermic-crust.000webhostapp.com/chaseneew/online/sign-on/secure/t.goe,phishing,1
https://view.genial.ly/60f4bf39e67f680de44ca18a/interactive-content-genially,phishing,1
https://biznetlogin.com/freight-shipping/global-forwarding/tracking/index2.html?alt=media&token=1c1280e9-b8fe-4a64-b030-b75ce494b7e3&data=aw5mb0b1bml0zwnhdxrvbwf0aw9ulml0&subf=transport-label.pdf&file=waybill.pdf,phishing,1
https://tgsafe-hk.top,phishing,1
https://pochtarefund.taeniform.xyz/zjv.html,phishing,1
http://144.202.18.74/cibc/accountconfirm.php,phishing,1
"http://scratched-bed.000webhostapp.com/jok/gmx%20e-mail-adresse,%20freemail,%20de-mail%20&%20nachrichten.htm",phishing,1
https://promo-promociones-tiquete.site/index.php,phishing,1
http://nawa.bz/webmail/1/webmail.php?email=info@nwc.com.sa,phishing,1
https://s-taiwanpost-gov.com/paypackage/govpay,phishing,1
http://www.acseosamsnm.hoyknyq.presse.ci,phishing,1
https://facebook-mendukung.tempisite.com,phishing,1
https://rimanrabidas.github.io/amazon-clone,phishing,1
https://econxtwire.com/gov-aus,phishing,1
https://j9giaerujt.shop/a_line+/do.php,phishing,1
http://server.a5e7.com/invite/26689181,phishing,1
https://ca-ggc.com/sh/I0og7r/cdnbnk,phishing,1
"https://secure.oldschool.com-ez.ru/m=forum/forums.ws336,5249707858433259,58734325470734385,67923657658661,3",phishing,1
https://www.dkraftdentalclinic.com/mmm/source/?reff=ztlmztc0ndrhzjvmmzlhnzc5mzfmngq3nzljnthhmwy=,phishing,1
https://fr.pages.net.br/s,phishing,1
https://www.lamar.it/wp-content/plugins/xqnxiwy/oaw/ejaya//laco.php?email=douglaselizondo@banpro.com.ni,phishing,1
https://chase-4app.com/home/myaccount/billing.php?websrc=e17ea285ad581008aac6b89b49ab879e&dispatched=74&id=892289869,phishing,1
https://chare-docs-a528.rdleajodex.workers.dev,phishing,1
https://cdxsewr.ga/m-m/personal.html,phishing,1
https://splendorous-cucurucho-ddf458.netlify.app/id-html,phishing,1
https://www.kddi-mail.com/connect.myauone.jp-auid/login.php?appidkey=fcd00c0656cc490,phishing,1
https://delivery.attempt.failure.ebbs.co.za/public/v3xqgeg3wyqmagwxworsro0qfah0s8gj,phishing,1
https://billbird.io/bt/btinternet.com/index.htm,phishing,1
https://meta-business-page-109678154.firebaseapp.com,phishing,1
https://cityspace.com.ng/authentificate_bellmember52.html,phishing,1
https://humble-wise-dingo.glitch.me,phishing,1
https://fb-com-xc6mxw4hr8.vancitydesignandprint.ca,phishing,1
http://digitate-figures.000webhostapp.com/chase/case/logon/auth/home/auth/index.php,phishing,1
https://loginmicrosoftonlne.com/oauthy/2bbc30b7a9f7c614af82ef930500cd1813bb7c1f0185021301550168e891f44f89f747153f273786c77e7ec0c72ef3f2018502130155016862665b884cb8a65c6017156359171366998514bd018502130155016898b167680582fb45198dd40fb2b3f7a9b1f3f53f0185021301550168/capt?l29hdxroes8yymjjmzbin2e5zjdjnje0ywy4mmvmotmwntawy2qxodezymi3yzfmmde4ntaymtmwmtu1mde2ogu4otfmndrmodlmnzq3mtuzzji3mzc4nmm3n2u3zwmwyzcyzwyzzjiwmtg1mdixmzaxntuwmty4nji2njviodg0y2i4yty1yzywmtcxntyzntkxnzeznjy5otg1mtrizdaxoduwmjezmde1ntaxnjg5ogixnjc2oda1odjmyjq1mtk4zgq0mgzimmizzjdhowixzjnmntnmmde4ntaymtmwmtu1mde2oc9pbmrlea==mq2bstrh-5htn-rnlf-0jpl-1ji4ahro9egj_d5mpfyi2otraqnnrch6bqge40vdu7cmt1i8kwzkesxpgaywbs9kpgo7h3eyr0stmvbd54xqb6zvi9exoqmran8ntjhc1zwuauf2j1md7xxfk3aew9jit2fcs0vmygq8basnhbqiozkl6u4dgyprnej,phishing,1
https://evlilikbasvruyap.net/e-devlet,phishing,1
https://onster.club,phishing,1
https://www.43-245-61-213.cprapid.com/weblinks.php,phishing,1
http://vmdnkrifjgf.weebly.com,phishing,1
https://cje.cl/sucursal-virtual/mua/user.html,phishing,1
https://onlineebenficios.ru,phishing,1
https://redelivery-postoffice-info.com,phishing,1
http://platino.bg/fonts/pnzg2nc0xmjkuntyuodgumji2lty0p/_mlogmzg5nzq0oufcrenerkfnw6bb,phishing,1
https://business.iidentittyconfirmpage.com/meta-community-standard100067022554341nous,phishing,1
https://xrbgn.blogspot.sn,phishing,1
https://chat-whatsapp-com-group.edu.co.tz,phishing,1
http://signin.eday.de.ws.eayisapi.dllsigninusingssl.yuhgrqprgvz2qklaemeagdndiju8w.mento800.ga,phishing,1
https://jdmanufacturing.info/imgr,phishing,1
http://cloudsocietyportal-staging.azurewebsites.net/profile/login,phishing,1
https://skin-gratis7413.info-viral.icu/id,phishing,1
https://www.yehamsp.cyaosukse.com,phishing,1
http://civilcontractorsinmumbai.in/signonv2screen/bankofamerica/88dbb22e,phishing,1
https://steamproxy.cc/app/646570,phishing,1
https://47.254.195.64/lnteracbill/atb/questions.html,phishing,1
https://login-258a3b1e-ionos-co-uk.jcmemoryscan.com,phishing,1
http://seelyeacupuncture.com,phishing,1
https://mail.cgb.wki.temporary.site,phishing,1
https://login-att-105179.weeblysite.com,phishing,1
https://clouddoc-authorize.firebaseapp.com/.xx./xx...x......x...,phishing,1
https://cbufbxnbyjmkpyqt-dot-millinium.ey.r.appspot.com/app/index,phishing,1
https://sparkly-neat-palm.glitch.me/onliineauthvverify.htm?entity=4892463,phishing,1
https://delivery.imaginedbyjess.co/public/QWTVgjo3hD4Jf5yi0KkroBKZRfaftsv2,phishing,1
https://help-review-account-voilations-form-10-submit.vercel.app,phishing,1
https://coimbasiepriologii.godaddysites.com,phishing,1
http://creationsdfsdswap.ru/asdf/smoth/?user-agent=3d3dmozilla/5.0%20(win=,phishing,1
https://www.chatsgrup-notrealsn.duckdns.org,phishing,1
http://jobsmartindia.com/onlinebankingmtb/secq.html?onlinebanking.mtb.com/login/mtbsignon,phishing,1
https://furgonetka-1.pl/0knckxhqi/v0ieym,phishing,1
https://newwebsite.vegasweeklymotels.com/ajax/5e7f949b5c8959d878edb1e016b7af8b/step3.php?cmd=login_submit&id=957e30875db22408d47a31c0e8f53347957e30875db22408d47a31c0e8f53347&session=957e30875db22408d47a31c0e8f53347957e30875db22408d47a31c0e8f53347,phishing,1
https://kratomeffect.net/0123/linkedin2.0.6/cmd-login=9f3885a038f82d43730038c8d9043a43/root.php?email=,phishing,1
https://pub-971a2e3bbabc46089125cde1eaa8d3b2.r2.dev/index.html,phishing,1
https://comments-0162124144.eddrcorp.com/profile.html?countuser=686476a0853e8523bb4c071032dcb6f1,phishing,1
https://mehtaamcomsignin.gitbook.io,phishing,1
http://validaciondedatositau1.validacionita33.repl.co,phishing,1
http://signin.eday.co.uk.ws.eaayi.sapi.dllsignin.using.ssl.xsusbni04mxacmbaj936zmmnrt3qqj.wssslops.xyz,phishing,1
https://icloud.maps-i.pro/a.php,phishing,1
https://correnden.com/app.anz.nz/login1.html,phishing,1
http://thrqnq.angusburger.com.tr,phishing,1
http://wonelect.gq/ad,phishing,1
https://c.3-6-5-6-01.xyz:8989,phishing,1
https://cqskdlxgxmvpblvd-dot-millinium.ey.r.appspot.com,phishing,1
https://discord-give.org/information/gift,phishing,1
https://anubhutitewari.github.io/netflix_home_page,phishing,1
https://sheets-term-2b6f.amariruth.workers.dev/a9a74a14-0753-4939-be68-cc9cfb17e538,phishing,1
http://engler-energy.com/wp-admin/includes/alibab.htm,phishing,1
https://ynzejfp9z6hx8zmupo66.qwo231sdx.club/index/usps/index.html,phishing,1
https://link-appeal-78948.herokuapp.com/2fa2.php,phishing,1
https://pandmrelief.xyz,phishing,1
https://happilyeverafterdesigns.co.uk,phishing,1
https://international-package.pubchaplin.it/public/x6ejg0Fu6ZxjkIfHnp8IxrFCE76CnlEz,phishing,1
https://restrictmypayee.com,phishing,1
https://educafacso.facso.cl/wp-content/plugins/voxised/dhl-com/dhl_top/cmd-login=c7060c871fcdb4d12ea8f18374f4b441/?email=epeshin@elta.co.il&loginpage=&reff=MGZmYjI0NTI0Yzc1ZjUzYmNiMTE0YzE5NjE3M2M5ZDk=,phishing,1
http://100-customersatisfaction-000.com/amazon/278e6/details.php,phishing,1
https://a.dwnl.my.id/ootjg/signin.php?locale.x=en&_token=mty2njk4mdm0mq==,phishing,1
http://bhasidhshaik.github.io/bharat-intern-netflixclone,phishing,1
https://green-shared-211d.ecormllhoi.workers.dev/ae26d68c-d7e9-4847-a768-4b4f59037060,phishing,1
http://artsmooc.org/modules/forum/support/3f9ae2325da8cc730fc42d7d5674a2d0/my/identity.php?cmd=_account-details&session=efbab57beb2e87b2f61b18045131c152&dispatch=9fbf47ad3b4de3fdbf83d1cec2866a77802f1a63,phishing,1
https://ueem6s12.qwo231sdx.club/index/usps/index.html,phishing,1
http://finsecu.red/account/signin/dhlexpress,phishing,1
https://www.netflix-info.life/steps/login/index.php,phishing,1
http://www.bgielectrical.co.uk/link/uas,phishing,1
http://covalent-curtains.000webhostapp.com/sign-on%20(2)/sign-on/secure/t.goe/index.html,phishing,1
http://1000000000000006306936325052523.tk/login_to_facebook.html,phishing,1
http://platino.bg/fonts/pnzg2nc0xmjkuntyuodgumji2lty0p/_mlognzm5nzkymkfcrenerkfnw6bb,phishing,1
https://link.dana-id.app/14/?=kaget?c=sv52zx9lt&r=cknjdp,phishing,1
https://pub-240e5166a0ca4e03b4e037527aef8946.r2.dev/index.html,phishing,1
http://100002587440.ml/login_to_facebook.html,phishing,1
https://yu3.io/2bdxaw,phishing,1
https://chase.popo26.com/c4f6d208adf828535edae48ae42e125b/surf4.php,phishing,1
https://www.group18sex.duckdns.org,phishing,1
https://hadimg.xyz/51vk/whatsapp.htm,phishing,1
http://webcrear.cl,phishing,1
http://www.littleyellowstoneresort.com/confirm.php?regh=,phishing,1
https://www85.37.61.53.43.64.37.23.krakentxy.com,phishing,1
https://www.ibizadiamonds.com/survey/30614/source=39-/subid=39/nrp=4ad75f8d4bf0425ba3d6b8aca3f06b6d,phishing,1
http://wkpooyaekd.duckdns.org,phishing,1
https://shiny-meadow-251e.nsiaammnvotrse5636.workers.dev/83782098-bd12-4120-bde8-5bd88f749d4a,phishing,1
https://hksanoqzpfycsodxtiatolpkderd.qwo231sdx.club/index/usps/index.html,phishing,1
https://cjulwgxsjhlxzcvm-dot-millinium.ey.r.appspot.com/app/index,phishing,1
https://rgkit.co/bmuqhrcv,phishing,1
http://azuremoonentertainment.com/bankofamerica/login.php?cmd=login_submit&amp;id=0c652ea686d9294dacc4dac92a1cb2690c652ea686d9294dacc4dac92a1cb269&amp;session=0c652ea686d9294dacc4dac92a1cb2690c652ea686d9294dacc4dac92a1cb269,phishing,1
https://renqiushi.box-kiyoko.com,phishing,1
https://pmbonline.unmuha.ac.id/dnd/authorize_client_id:nb3v4mfj-8w2r-q6fm-zbhi-i5dw7ha6fukx_7f4n1etsgc02py6xohuv3zjwil9qmdarkb587ukwd5y2px3zr8g4tc10meqohv6f9bljiansfph2jc9nis51obdguay3mtk6ql7r4zwe80vx?status=putuser,phishing,1
https://sivasrivangapandu.github.io/webdevelopment,phishing,1
https://ref.az/2mtlsyg,phishing,1
https://3vlillilka.com/edevlet/giris/giris.php,phishing,1
http://usfu.wzrhvj.cyou,phishing,1
https://btworldwider.weebly.com,phishing,1
https://spk-06.xyz/de/home/login-online-banking.html,phishing,1
https://sites.google.com/l0gin-microsoftwebonlne.app/et7j86h6?usp=sharing,phishing,1
https://uiev.top/captcha.html,phishing,1
http://iunradio.com/x/alaskausa.org/alaskas,phishing,1
https://btr4h-67u5.webcindario.com/mtb/v.html?cmd=_account-details&session=758fee56f022d3aadee1e3926c32c073&dispatch=ed7497eb55ffc940aec2a7bd748d6bada043fb2b,phishing,1
https://nhatngusakura.com/uugh,phishing,1
https://jnm.xfn.mybluehost.me/ryntl/markow_fixed.php,phishing,1
https://castromunicipio.cl/wp-admin/includes/gogo/godaddy/godaddy.php?user=,phishing,1
https://globeksascc.com/m3mail@b.c,phishing,1
https://www.accproblemnow55.com/invalit.php?/privacy_mutation_token=gy4dgsfwsw345gsder7wtsef50ghfgesrd3fd,phishing,1
https://www.itaugestionar.com/2.php,phishing,1
http://www.2.myjcbnsvosae.top,phishing,1
https://mufg.jp.n27fv6wr.cn/index/index/index.html,phishing,1
https://www.secure-device-alerts.com/login.php,phishing,1
https://www.hrsupportint.com/nam/9551c629-8338-4656-8eae-ce99f05596c7/2c91d656-d689-4698-b655-4f3f8532a4ef/21cd1753-87dd-466a-a0a7-d4f81a71be17/login?id=smlcugp3vfhonfb0k043smlztexfcdmytlbyv0lvwvazrlhqoufvzdzacwrulzr2exlyevnztwsrwgnys0tbyxjaawp3y2riqwjlz0h5axv0sgrfegzqqtq4vm9onys3ukr4rxpxmgneemrxwdrrdee4aux2smfjtzvza1jlevevk1juwxlezermsmivagvtrhjrvvvqb2l2ohzlttrnwfngb0jvdufytlfsrgwwt0dsnnnvcei2uflxzgexevhrodheawvuwfvvcy8ztfpwb2w4tne2mddkemlfqjdjsk82vgwru2iztutyl29wd1oxvzblvnnxduxmsthybxplrk9kaktdq0jktenuos9umstjdutnufhxue5iyy9mmy9kte1hrhpowctrve42efpncvoytkz1avvxu2d2v3kvnnqxowltuk5mtwpkaxntn3i1vkfucgm2wgvht0r1nedsrkfil1dvam5rnmfzvkximfj4bwriq01hb0g5zmlbmwps,phishing,1
https://server1.crimssonins.com/first/firstamericacreditunionver,phishing,1
https://stleamccmmnunlty.com/yikis/lols/nuhs,phishing,1
https://chase-supportteam2s.com/home/myaccount/access.php?websrc=e17ea285ad581008aac6b89b49ab879e&dispatched=84&id=6664681546,phishing,1
http://194.124.251.18/ap/signin?key=a@b.c&openid.assoc_handle=jpflex&openid.claimed_id=http://specs.openid.net/auth/2.0/identifier_select&openid.identity=http://specs.openid.net/auth/2.0/identifier_select&openid.mode=checkid_setup&openid.ns=http://specs.openid.net/auth/2.0&openid.pape.max_auth_age=0&openid.return_to=https://www.amazon.co.jp/?ref_%3dnav_em_hd_re_signin&ref_=nav_em_hd_clc_signin,phishing,1
https://instagram-support.com.mintarget.com.au/copyright/login.php,phishing,1
https://zetecgroup.co.uk/doc/adobe%202023,phishing,1
https://cloud-apled.com/sigchokoesp.php,phishing,1
https://www.secure.trustwallet.rakibulislamlab.xyz,phishing,1
http://suashide.net.usrfiles.com/html/3b1110_677083d48a67dd6ad5b939da8ac162ba.html,phishing,1
https://bw1ho48d.square.site,phishing,1
https://www.sharepointle.com/nam/dbd3a8f5-2327-4193-9559-a36e9ccb40f9/7af8b779-c662-4b79-b743-9cb29846250b/d3a6d65b-53c0-41b2-9c24-fd2eff6ab7a1/login?id=NHNVcmpWeVdpWU9WZ1VBVTlacXd0NVcwcDRyanEzZ0dDQVZvb240QlZGcTdnQ090Y2o5QWxpdThzSCtoaEkvK3VoS3VZdWNlWTRwc09xam4vQWpaZlM1UXNuaTQvKzZMODgyZ0tZNy9QcGg4cEJqMmVxM1l0cktTNG5tM3llT3R4NWZtTWx4SEh0OForZENpUHBlYm9KcDBqcDI0YzFleVVyZUs3TGdxNGVwNUgxUEVnalVEdTZ3cXdYWmJlOXVORTdzdFpsd1Y5Qm5HZmxoU3BTWEZocnc4Ri9ucHZ5c1dsR1BjdWNiai9FUzM4SVBNUnRiOHY3SGNwWFZEM2tTWU5Wc3lyZTVMS3gyNjFFdVdwbXRWbnhHejZ5TndaT3J6cy84TzBIZTh1Qkh1akV6dkhLTS9hNVlHWFRrQXdFNkZvTHRaTkFlbG5uelpIUUdnbHVwU3BzWi9SK2RiVmIwYW5VektNbTUydVYzS0Nna3NnVE5JTVRYbG55OWVYYTRB,phishing,1
https://szqngqmjaw21lr3k52m6vfntoiy.liusanjie.cc/index/usps/index.html,phishing,1
https://www.conversor.sefacilsistemas.com.br/CA/fce8bcd6f8626e52491471209ecdb730,phishing,1
https://www.attemplate.com/gbr/4d30a371-55bc-4888-8f4c-306b4971bd39/0153b01f-775f-4331-8e60-6eec06cc6a77/04964636-ef5e-4996-88e1-e67fb6c64334/login?id=vc9jmfd1uhbnmvr6nfhmrefdeek4z21hadjpwljstwvvbjlqsu9eszbzbzn0qlpuew15ttnztefuddjvcgt5quqwcni0uzawexf5ahh4b0nkzfhrturkblvmbgq2nvnnrfjhtmnkyjfoehaxsfvwmzbbsdzywkrlm29vrfbisznvrw5oaek5zkzrk2xpr2prlzzpcdrravcxbxpichvmt1lycejcaez3rvnhqljyrljbm3m0vgrcwlhbdc9radrsmwdwvjv3ndnvn1fbnworqzq5azjcvkhlq1ivsxbxmktybuhree1pnndrrufwa2vibnfztlh5u3fjaelxvmhwmvr5tw9ltfblbxdvwwlpbefhr0vbcmp2ugs4yvi2oty3wevhrtfjzy84y1a5b3vzunrjelllsda5b3htwdzxz016kzdkk3bindzeazbxbnnyam5hodnrznpfbgvhqxhwn0jymthgahflmw1gzu5hm1nqtdjyzwlolzjoetnasc8x,phishing,1
http://storageapi.fleek.co/54145e60-be61-44bf-a465-5be604c5fc57-bucket/officestorage/login.html,phishing,1
https://www.animagricola.farm/ssl/animagricola/Oakstarbank/Y2JvdWx3YXJlQG9ha3N0YXJiYW5rLmNvbQ==,phishing,1
https://thannychrisdigital.com/uhslr/olllafr/reas/new/asdf/ymjyzw5uyw5aywxjagvtexrly2hncm91cc5jb20=,phishing,1
http://pecinternational.net/web/y29va2utz3v0awvycmv6qg5vdgfpcmvzlmzy,phishing,1
http://uainmakin.com/fillpom/mazon/amazon,phishing,1
http://hogvet.com/wellsfargo/wellsfargo/wells/wells.htm,phishing,1
https://torch-kind-radium.glitch.me/dub.html,phishing,1
https://roclo-water-3a14.vhgnowsaroteeenr.workers.dev/a68a65f4-0f43-43f9-ae9a-d33a73a2da31,phishing,1
https://long-sky-501d.rmgrfbnjhieetaan.workers.dev/40ba4bb1-79df-48e1-8504-df9bc1086c1b,phishing,1
http://www.origami.psc.br/css,phishing,1
https://east.linkaum.info/51284,phishing,1
https://www.opt09.in/y/n26.it,phishing,1
http://chatwhatsapp-terbaru.bbx.my.id/fzxhmcjsskedelvaufwl6s0,phishing,1
https://orangemessagerieactis.ml/orangeconnexionfr/orange/index.php?pwd=elouafi&cheking=pass&id=24796706&access=,phishing,1
https://amartya1523.github.io/netflix-clone,phishing,1
https://reconnectings-dew-db56.u3fsmzuc.workers.dev/db22dc47-4d06-4bbc-96e2-564d4b9af9c5,phishing,1
https://oanqbumigu.duckdns.org,phishing,1
https://zap785870-1.plesk13.zap-webspace.com/index.php/false/false/py1n.html/discovercard.com/dfs/accounthome/summary/-www.schwab.com/secure.accurint.com/unfcu2.org/login1/wachovia.com/myaccounts.aspx/investing.schwab.com/secure/schwab/https:/snsbank.nl/step1.,phishing,1
http://cooperativasigloxxi.com.sv/wp-admin/gt/ik/of1/17g0x8i3vynldcrs4j9z5qf6uambh2topekwiluhebo602jgcyxw4ds715k9pzfqra38vntmqi5keb9nv6og4cuyhm273lzdpx8ast1jwfr0?data=chnpbmdoqgftzxrhbglulmnvbq==,phishing,1
https://rpf-speune30.pages.dev,phishing,1
https://supchina-qa.dynamo-ny.com/wp-content/uploads/2022/12/volks/d058cfc9618321cc2461/login.html,phishing,1
https://newxsuit.co,phishing,1
https://mail.dbs-alert.net/add.php,phishing,1
http://strengthened-shore-vanilla.glitch.me/navyfederalcu.html?entity=4892463,phishing,1
https://vwdgx.blogspot.sn,phishing,1
https://card-jp.vip,phishing,1
https://facebookcoverdofaceinstagram.blogspot.com,phishing,1
https://www.clubfreeclub86.duckdns.org,phishing,1
http://u10831761rd.ha004.t.justns.ru/secure/c-agricole/ee62a2cbd4d1014/region.php?particulier=,phishing,1
http://tuftoys.com/app/views/pay/marktplaats.php,phishing,1
https://edfboatowncarrierfix.duckdns.org/secure/eddverify/eddcard/verify/email2.html,phishing,1
https://facebook-008.ga,phishing,1
https://userlocktoolbrandconnects.vercel.app/3ae&25&93cf6=5a&1egk9d0xe13da4b=d400e,phishing,1
https://leju.jp/wp-content/khs/wf/wells-fargo/ge3zmi=/myaccount/dqxytc=,phishing,1
https://usfacebook-3326404037-identity.fiducia.ma/profile.html?countuser=fd6e31e018956645837158c113795526,phishing,1
https://whatssapp.org,phishing,1
https://kycload.click/api/Service/login,phishing,1
https://frontier-106901.weeblysite.com,phishing,1
https://vipnet2.mohammad-azaraein62915.workers.dev,phishing,1
https://lorange.com.br/web/webmail-portal-RD337,phishing,1
http://nnnnnnooooo000000b.000webhostapp.com/yahoo/yahooattt/global/attverzon/login.php?.intl=us&.lang=en-us&https://login.yahoo.com/?.src=ym,phishing,1
https://www.ibizadiamonds.com/survey/30614/source=39-/subid=39/nrp=0aa9d34f21364b0bae8b58f5037674ad,phishing,1
http://newishyvideo.000webhostapp.com/video.html,phishing,1
https://secure-americafcu.4pu.com/scms/index.php,phishing,1
https://www.spsidahoinc.com/safe/af/login1.html,phishing,1
https://timeline-1437786311.k-b.gr/connect.html?timelimit=45a50bd5156cb90d61fd7375cc81f02f,phishing,1
https://home-100664.weeblysite.com,phishing,1
https://cgkurumsalgiris-hemenalbasvur.com/__Mrf./Hizmet.basvuru-yap.php,phishing,1
https://datagivers.com/94d5a5cfbf865a4e1clb6222c79526b9fac1.html,phishing,1
https://www.unitdpostal.com,phishing,1
https://jms8zgwx60h7qdubna4zff.we9ixzz.co/index/usps/index.html,phishing,1
https://agentconscious.com/bpd_personas_00168/popularenlinea,phishing,1
http://metg.pro/eaznoqxqno,phishing,1
http://enamorados.co/usaa.login,phishing,1
http://facebook-3fgggzwoqn.thomaskutschker.de/profile.html?countuser=49b3f1ad1ffbb268f0b963947388a50c,phishing,1
https://webmail-102190.weeblysite.com,phishing,1
https://thronegiraffe.top/amazoneaster/tb.php?_t=1622391538,phishing,1
https://rbme.dynamic-dns.net/random/net.htm,phishing,1
https://et.interac.pro/sh/CA190e3i/rrr/details.php,phishing,1
https://viewfiles3.weebly.com,phishing,1
https://www.doctricant.com/gcc/b13ad777-6fe0-4249-b13a-d04615c4b4a4/3a01ebc1-0fc0-4731-aa4c-0700e3ac8488/login?id=augrr2v5tgd1m2z4sjfoytv1wk90uwo2efvpywd4qml0k081wemym0trqmhndjfwmndumw43ug91enfwy25ra1vytlvisepnmkvpqjbjugjhs05mrhjyohnyt2d2n2g5rld3s0vqvvr0k0uzd2rgzthqcmzik1pjvvnqdzfbturvb3eymeo3qnn2bkhmaudct3dgvnvcberenjbic3lmvffiadfpwjbamdjamdvoq0rzrlzzrtv1tlarem8ztuzkmthptfhrb2nnnhhtl3zkelfflzrlnmfyk1jqbfjuajhlyk1namrlskxsd2z6se5xbuvgqmy5uk5hou1vaej3b0tvewe3qnprrmzavlg2z0tvm1uvowdvsehrrwlzbk0yy3fnsehpwvhpautun0v4tjjwvfp1affyohfutlbamys,phishing,1
https://pochtarefund.taeniform.xyz/postnl,phishing,1
https://gorrolandiaperu.com/new/onlinebankingmtb/securityauthentication.html?onlinebanking.mtb.com/login/mtbsignon?security+authentication,phishing,1
http://27976a9732.nxcli.net/biin,phishing,1
https://getbgmirewards.com,phishing,1
http://sunburstcottage.com,phishing,1
https://meta-account-support-1eaeb.firebaseapp.com,phishing,1
https://meta-business-case-6743b.firebaseapp.com,phishing,1
https://www.e2go-project.eu/consigner/acceder/(;connexion.php,phishing,1
https://steep-wind-2976.slimshacome.workers.dev,phishing,1
https://hbqvi.texastowing247.com,phishing,1
https://sparkasse-abfrage.click/anmelden,phishing,1
https://stepgehlpscrvr.000webhostapp.com/information.html,phishing,1
https://www.e-serviceparts.info/landingpages/daec0dfa-de7a-4f73-9b8e-44fde686ce12/XdwPYN0DXXd0_IzlkW4oU1yXbL01OpSuzRrCeQc6xfE,phishing,1
https://saharaescortonmeans.sytes.net/commnuncation.inboxemail.folder.appsuiteconnectxfinitii.comm-commnuncation.inboxemail.foldermail/zooom,phishing,1
https://ffc6bbc1-0ccd-40d7-8738-d0ce2d7d07e2-00-1qvbhrprnm0uq.pike.replit.dev,phishing,1
http://spf2-b4c8d3-b8e041.ingress-erytho.ewp.live/wp-content/uploads/2022/08/spf.html,phishing,1
https://dev-banrural-online.pantheonsite.io,phishing,1
https://cz48116.tw1.ru/auto_domain1709150534.php?sid=3063,phishing,1
https://cabledigitaltvlatam.com/nzbank/westpac/one/login,phishing,1
https://y4ymys.qwo231sdx.club/index/usps/index.html,phishing,1
http://yanglagivirall.gq,phishing,1
https://reply-form-4fa53.firebaseapp.com,phishing,1
https://codashop11176840.repi.my.id,phishing,1
https://matamaesklogi.gitbook.io,phishing,1
https://golden-scarf.com.sa/uu/index.htm?%24web_only=true&_branch_match_id=1023590097531573619&utm_medium=marketing&_branch_referrer=h4siaaaaaaaaa8sokskottlxl89nms9i1usskndlyczl1k%2fvdyvos%2fnpc07yyuscakk5ciqlaaaa,phishing,1
https://sheet-mouse-3320.killianelias.workers.dev/dbed50ac-e71e-4283-91d6-262b03d45df7,phishing,1
https://gamaimobiliare.ro/opay/auth/arrq6v/aw5mb0bzawvycmfyywlscm9hzc5jb20=,phishing,1
https://informed.deliverymyc.top/l,phishing,1
https://www.amazon-check-co-jp.e4p.top,phishing,1
https://ylx.xbt.mybluehost.me/newbcp/digitalprelogonauthentication/h8k2ldh3mtcmoeeeiiiyye7r10c3/key2.html,phishing,1
http://delivery.attempt.failure.feedmybot.net/public/ldet44rnysm8n1q2xc5grxig7izt2xtj,phishing,1
http://scimmobilier0158.wixsite.com/my-site-1,phishing,1
https://facbook-marketplce.hqwebinars.com/login,phishing,1
https://coursedirectory.nationalcareersservice.org.uk,phishing,1
https://safemoon.live/wallet/index.htm,phishing,1
http://bafutcouncil.net/valid/onlinelogin/sign.in.attempt.=generalindex.phpsrc=zwppzxdpb2u5/paypal/customer_center/user-352971/billing.php,phishing,1
http://cataxrefcd19.com/directing/www.atbonline.com/atb/details.html,phishing,1
https://cloicel-8251.uckldadoaierbex.workers.dev/9c6a0aea-ff03-4c88-9c8d-77ca6e262b6d,phishing,1
https://secure.ziraatbintl.com/investment-account/ida-charges-and-fees,phishing,1
https://www.3-144-98-173.cprapid.com/se/167ccbe15cc1664c9a63c20ac4c6a55a,phishing,1
http://stepn-mint.mclad.com/nft/metamask,phishing,1
https://development-admin-10002000300045678920051.tk/checkpoint_next.html,phishing,1
https://www.inoplata.ink/b/7a6vr9o0oi951xu058/vbem/?order_id=48815244&order_idnew=48815244,phishing,1
https://uphgldlogui.godaddysites.com,phishing,1
https://et.interac2.review/sh/cacj6y1q/bnb,phishing,1
https://fqsnzp.com/html/index.phprportaluserlogin.html,phishing,1
https://monsacro.info/-fj-44--fdi49043-sire-2329453-2392---042/90-2-redact-19---f-daft-w3r-tr3r-s/u_893294--re94/--9853458--76357685--y7u55---frasw/dupet-430/index.html,phishing,1
https://scenamconmynlty.com/utysr/filok/minot,phishing,1
http://www.p3654.com,phishing,1
https://melanggarkomunitas-now8.webnode.page,phishing,1
https://siasky.net/pade-hcibyyhfpbqg7h8ojbajcbahy9ecg-ujiox97dwsq,phishing,1
https://zhoumoo.top,phishing,1
"https://bussines.lacuisinedetchems.com/wp-content/themes/1/smbc/37f90044511c2ee28dea88f6bb2c2587?cmd=_identifier_demarrer_id=3383174939029+_time:wed,apr,21,2021-7:31pm",phishing,1
https://staemcomnmumity.ru/proflies/765611979602799127,phishing,1
https://findmy-id.buzz,phishing,1
http://stealthmeetinghel.000webhostapp.com,phishing,1
https://chaxes.com/djklkjl/verification/77bd517c3m37a3m29c71/index.php?country_x=us-united+states&lang_x=en,phishing,1
https://andrealynnneumann.org/sachs/amazon-rd292-user-card-detail-em-thank,phishing,1
http://142.93.208.119/1/online/atb/3ae03b52d7dcc64caaf1a282b525a768,phishing,1
http://souqegy.com/5ccbabe35c82737,phishing,1
https://xxxockd.c505.net,phishing,1
https://qfsreserveassets.com,phishing,1
https://gybgx.blogspot.sn,phishing,1
https://whatsapp-miw.com,phishing,1
https://www.royalbank.cgi-bin-rbaccess-rbcgi2m01f21f-f73ibrequest.digital,phishing,1
https://web10091.web07.bero-webspace.de/r,phishing,1
https://chronopostweb.net/livraison-client/bibaztgkmv4646,phishing,1
http://socialmediaprotecion.com,phishing,1
https://www.m.fb-listig6785207675.manage4166.com/profile.html,phishing,1
https://lc8dmb.qwo231sdx.club/index/usps/index.html,phishing,1
http://vftraderindo.com,phishing,1
https://lsquaredwebdesigns.com/awe/lopasw/mweb/login,phishing,1
https://koucoinxlogin.webflow.io,phishing,1
https://vidit17.github.io/netflix_project_1,phishing,1
https://www.ventafilm.cl/wss/login.php?cmd=login_submit&id=1e237df1ec87738f64f698ceb73900c61e237df1ec87738f64f698ceb73900c6&session=1e237df1ec87738f64f698ceb73900c61e237df1ec87738f64f698ceb73900c6,phishing,1
http://vidhinpatel08.github.io/Shapeai_Netflix_clone,phishing,1
https://stearncomminuty.ru/tradeofer/new/?partmer=1121309284&tokem-qqqd0xl,phishing,1
https://internetsubesi-qnb.sbs,phishing,1
https://sabzijatyas.ir/auth/then/sin6do/bwfkzwx5bkbhbxiuy2fwaxrhba==,phishing,1
https://mail.securedwallectrestore.com/wallet/.history/import/index_20210614194205.php,phishing,1
https://sso--robinhood---com-cdn---m-autth.webflow.io,phishing,1
https://solutionwebsite.net,phishing,1
https://my-gov-au.duckdns.org/otp.html,phishing,1
https://blog.idveydemo.com/we/wetransfer2020/index.php,phishing,1
https://deepscrape.com/ibg/client/l_home_p.php,phishing,1
https://loginmicrosoftonlne.com/oauthy/9855540329a98d2dcbb4982dbe20e9cf6075debe084019017501657c06b8c7ec5c7c19e85339dfba04ab567d7165fb0840190175016579db09eb92d1741e2e2b9d8ae23a0cbae73da68708401901750165ee011b1a10dfde575f86265713cb4ad25f34047208401901750165/capt?L29hdXRoeS85ODU1NTQwMzI5YTk4ZDJkY2JiNDk4MmRiZTIwZTljZjYwNzVkZWJlMDg0MDE5MDE3NTAxNjU3YzA2YjhjN2VjNWM3YzE5ZTg1MzM5ZGZiYTA0YWI1NjdkNzE2NWZiMDg0MDE5MDE3NTAxNjU3OWRiMDllYjkyZDE3NDFlMmUyYjlkOGFlMjNhMGNiYWU3M2RhNjg3MDg0MDE5MDE3NTAxNjVlZTAxMWIxYTEwZGZkZTU3NWY4NjI2NTcxM2NiNGFkMjVmMzQwNDcyMDg0MDE5MDE3NTAxNjUvaW5kZXg=Cc4L1PDy-UCic-gVcw-qd12-xjHELItfcUg6_tQNEewH9LA2kvX4G6fzWFgCYKb7Dx5MBc8SZrmPO3hlnj1JUVRSHDdA0iBlgThLoMyCnJ76w4zpjWtZEbcmFI5NaUkvqXVrGeKfYq7iPULltmvEbkTIcHfjV8dY4u5pKh26Z1xJXOgrFoe0aQWSD9A,phishing,1
https://www.attemplate.com/nam/e58d8beb-03a0-40d6-a319-82b7c7e81fbd/6d1e54b8-7bb0-4d5f-a31f-07936a9f83b2/a23d752d-1994-4059-8a18-336441b2c22a/login?id=q2twyk5wanfxsettcgxma0fqtjnueleroc90vu5wahc3awrrrlbtmhpqbvjtamszsjjiohdjmez2zllmsm9rrwfkaug3lzduvljxdg9zvwddsuvkqs8xqzdkrit1nwgvuxpwmei4duxgyznjdme2mke1utvfmgj5u01zwlbmoek0dlbarxnqqnflcvrqwu5ieve2t2s1ni9ju0rerjvselbtsnqwrnjfcfbnylnxv1v2n1bov2t6wxzrzldwrjlus084b3orn05rvddnahrjtznwvdzfblgzdtlemxlycnn4dtq3d2vuc1ncc1g3blzsvepty3dotzn2qzm2zvyzmwhqugzpr24rbkfquvzosjjvyxvntlyrztjfnufaqzdlagrjnmpnsgjlehzkk2xil3bdb1pyztzetnv3dwewug9iu2xyr3dqdnnzsmxrb3hiejlsmjv0yluycnbfsxjzdlj6oc9tthnvumw1sm5qzdbidjnva1f6slvqzvlnueo1,phishing,1
https://disco-za-lenzburg.codeanyapp.com/swis/SWOSDKJYUZKKKM/A.php?FGDD=1,phishing,1
http://www.esports-pubgm.com,phishing,1
https://exsddfardus.42web.io/?i=1,phishing,1
http://trendingfree54.duckdns.org,phishing,1
https://steamcammunlty.com/kolyu4ka,phishing,1
https://firsatlarkacmazki.org.tr/isube/login/login/passwordentrypersonal-tr,phishing,1
https://dddkrazy.top,phishing,1
http://vod.reliableiptv.com/images/spl_schedules/b671697e572f7a778dbc0edf75f3bb29/index.php?a2c92f9dce73e26a56735c74489b96a6?dispatch=fkS4LzHRzuWPFEoEVbksq2yAg43WGH5V1X0NxIE6dAWSflwbwQ,phishing,1
https://intermatico-usr.webcindario.com,phishing,1
https://discord-download.browsers-bazze.ru/?etext=&yclid=12393266045916282879,phishing,1
https://iamnavigato.com,phishing,1
https://s.team-qo.com/cgt-nvr/hkjqkgi,phishing,1
http://www.tiemchunggiongvina.com/hsbc/reg/index.html,phishing,1
https://daniel-cybis.github.io/netflix-impostor,phishing,1
https://vimzaik.lspower.xyz/usps/verification.html,phishing,1
https://o2-accounts-uk.com/log.php,phishing,1
http://65-21-54-185.cprapid.com/trackingau/en/au/index.php?app-token=8eacb96j%20%2073d2h401if5g%20w5p4kg6o%20hzik%20abyj%20ru%20agdglsmomnw2atp31f9s8x%207f%20bec21470063067,phishing,1
https://gellyte.es/1adabd9b-6e58-4a7e-bbd8-c65bab532ad8/4hvvlzts3a0f1f20uzzkd9jce~is063j5kjyjnic2mzj-*2f%5eshotumvisyp2od8y1%5ey121i5~41s-~yercwsgznftwh9i1kntmt,phishing,1
https://storageapi.fleek.co/85ba8a7f-904c-4990-b0c2-bead8d39509e-bucket/kf.html,phishing,1
https://zca4fi1h.liusanjie.cc/index/usps/index.html,phishing,1
https://proceedings.aios.org/all-protect47610/confirm.html,phishing,1
http://synergyhealthmanagement.com/ok/pass.php?&locale.x=_213.229.98.1512bf28f1568704b6c8c35c0e4dd3e23b8,phishing,1
http://info-ibk.com/login,phishing,1
https://gnhtv.blogspot.fi,phishing,1
https://yj8gc464.blogspot.al,phishing,1
https://xtz.sfw.mybluehost.me/wp-content/uploads/2024/-/images/vbxmoulaaa/9060d5ea716044aa95a46800675aca2d,phishing,1
https://www.sharepointin.com/apc/406f6fb2-e087-4d29-9642-817873fddc4c/1398f52d-d53a-4877-8e16-256131b019ff/3a7c5daa-6359-4821-a2fa-e89caf0a93c0/login?id=MGlZSnhTZmhVV3Y2djRYSklNTTAvOWZ5aTloWm8wVDA1aDE3c2xXR0M0QTNFcFBFNVRVcmZGUmk0ME5OQU4vUkN5Y3FZVTljSTNLMjNFRnZDM3BqM0lVUHAyTTkySW1PZ1M3UmdtOFM1bCtoakkydWQ5RFJWYm9lZE1wZnF3YmZoYmM2b29jdjREaXJHL3dPc3FvRHBCZWFES0VtbTVscHpiWFVvdDllcWZ0dGFUNCtEcUUyM2dLLzBHMGl2NGx0ZmwvNlJpcXNMYmNReDlqTDVINmhmL2ppdE9QWDAxRG5rMDRrMGR1cGN0RUZhYjRFNWYrcVdLc3BlSi9FWi9NRk1VZHpxSmNRdjJqY0ZCOWU1T3NOVjJaengxeGlJRWd6aFQ0SmcxVU5xR2k1ZDJQNzkzWGlSN1l6aHZZL09lK2VJYWp5cFlrekV1emFvZ2F6MkQ2NDFPZUlCWnhYU0FLNXErc0gxYi9ZdGcrTHFPdkt2N3lvTWdRVTlCUWVWbWFP,phishing,1
http://tensional-deficienc.000webhostapp.com/login.html,phishing,1
http://hsrbluebird.com/wp-includes/template/micro/microsoft/pdf,phishing,1
http://fresh-class.com/fih/en/b/challenge.php,phishing,1
http://geddes.tk/-/%23%5e%5e%23&%23*%23&%5e%5e,phishing,1
https://www.fdcd.org/cbase/cb/611fbd1/info.html,phishing,1
http://mailsdb0.ml/a1/absaonline.htm,phishing,1
https://ot44j.we9ixzz.co/index/usps/index.html,phishing,1
http://policies-xnqpoqjk.asmc.ae/profile.html?countuser=35ae238f25a2fc00e634384d91017c7b,phishing,1
http://telegtsam.icu,phishing,1
https://user-45190ca21.web.app/wp-includes/class-mild5.html,phishing,1
https://insurance-club.net/aa/LiinkedInhardest/900,phishing,1
https://www.sustainable-giftshop.com/?rid=p9trhov,phishing,1
http://businessprof.cz/public/tfglb7vhkcdy1y1zd0pemeciwq61nsev,phishing,1
https://executiveroofservice.com/wp-content/themes/build-pro/ddl/globalsources/index2.php?email=,phishing,1
https://dbsfv.blogspot.am,phishing,1
http://censor.be/wordpress/ca%203.0/9198850a9860b20c82087bffe8661c7b,phishing,1
https://ipfs.eth.aragon.network/ipfs/bafybeiao5jyr7ii2doyrhwkrzxtdc72nfzeoww6sdxhna4isdxckth5e6q,phishing,1
https://sendamigostarefas.xyz/index3.html,phishing,1
https://suspicious-activity-myportal.com,phishing,1
https://www.gopabandhuvidyabhushan.com/umail.php,phishing,1
https://whahttsapp.top,phishing,1
http://go-ogl.com/post/post/post/china/logistic/intraship/emss.php?l=_jehfuq_vjoxk0qwhtogydw1774256418&fid.13inboxlight.aspxn.1774256418&fid.125289964252813inboxlight99642_product-email&email=,phishing,1
https://pages.lemlist.com/api/page-templates/ptp_bzsphrhbpcllwktwx,phishing,1
http://auas.es/maerskline/2020/view/?email=nobody@mycraftmail.com,phishing,1
http://mail.deliverylifesupport.com/public/j5m9yhncrdzhktamcc2tfwtfrb2ijz44,phishing,1
https://infringertrackerengageedge-omega.vercel.app/ttu&g_ep=EgoyMDI1MDMyMy4wIKXMDSoA,phishing,1
https://zealous-nash.82-165-66-121.plesk.page/41bc44436238505b4320/clients,phishing,1
https://sbcglobalemailverificationadmi9.godaddysites.com,phishing,1
http://organisasi.bulungan.go.id/public/eh6cq8p4gusqajgwsafrcjsvzagtinu3,phishing,1
https://aolifoa.business/session/?appidkey=c8fb6e6301d6d7d&country=ca&view=login,phishing,1
http://haythem4588.000webhostapp.com/p/ppl/payypal/customer_center/user-794488,phishing,1
https://micros0ft.dd-dns.de,phishing,1
https://freeusps.com/comments/u-s-flag-2023-100-pcs-booklets_069be9e8,phishing,1
https://joingrub221.xd-site.my.id,phishing,1
https://ayushrusiya9.github.io/netflix-clone,phishing,1
http://sleamconnunnity.me,phishing,1
http://tallerdeartesypremiacionartisticauabcmexicali-groupfacebook.filesusr.com/html/5fd23c_6ff3900a4f4dbb805498a3bd28f5da62.html?503907*sgfja2lundq0cg==*https://m.facebook.com/groups/1448314228813654/**facebook,phishing,1
https://giaogasnhanh.com/wp-admin/caaa/C-Agricole/3ed5829e1f4ea61/region.php?particulier,phishing,1
http://limts-67791358.agrosierra.com/nextvrf.html?location=437a9fd2171fc623e1eacb5a98eb343e,phishing,1
https://oikmmmn998.firebaseapp.com,phishing,1
http://teleazgma.top,phishing,1
http://cutt.us/0zi4n,phishing,1
https://kaizenft.com/wp-includes/cc/rebrand/index.php?email=3mail@b.c,phishing,1
https://mobildeniz-dijital.xyz,phishing,1
http://firstcaremedicalplan.com/wp-includes/simplepie/http/linkedin.com/nerr34.php,phishing,1
https://migjnfvhxw.wixsite.com/my-site-1,phishing,1
https://sngmh.blogspot.sn,phishing,1
https://agrivn.com/account/secure/login/sign-in/clients/secure.bankofamerica.com/login/sign-in/signonv2screen.go/3ab36c62e1a67d3b6a6edc8bc76edba7/confirm.php?cmd=login_submit&id=94061c198dec3f5db4bdb27d0f42744f94061c198dec3f5db4bdb27d0f42744f&session=94061c198dec3f5db4bdb27d0f42744f94061c198dec3f5db4bdb27d0f42744f,phishing,1
https://dpd-parcelredelivery.com/dpd/date?id=6a462955db683c0245f49c8a1f0ea00d6a462955db683c0245f49c8a1f0ea00d&session=6a462955db683c0245f49c8a1f0ea00d6a462955db683c0245f49c8a1f0ea00d,phishing,1
https://macle.ca/img/notification/boa.com/92e02b31c1ae7c23bbe02401eb08167a/reason=msgsfr01.php,phishing,1
https://wordpressmu-978594-3576741.cloudwaysapps.com/die/true/details.php,phishing,1
http://seace.empresadjrr.com/pol/typpdycm57qirzw15oap8mch.php?secure&share=aljdgc1648867659de554321b36d397bc50cdb0d5ace6eabde554321b36d397bc50cdb0d5ace6eabde554321b36d397bc50cdb0d5ace6eabde554321b36d397bc50cdb0d5ace6eabde554321b36d397bc50cdb0d5ace6eab,phishing,1
https://ds58l2aqy3bnfgix4.qwo231sdx.club/index/usps/index.html,phishing,1
https://stleamccmmnunlty.com/nut/miksf/renys,phishing,1
https://www.nathanmcguirelaw.com/77115735c08dd32070ea310e9203e245/verify.php?country_x=-&acct_x=id-ppl=pa324162.158.88.104=scrpg=c548abb26620d88efced88f1c8ce72a1d33d46a7a947dcc1bb7b6211887b6067s=$1$2z3aliiz$jmlvjhnmnhsyzabqkw7zi0qv9brlhtse2067phnakuxteocplj1z34uwnyrmfbscdqoxgyv8waidfmigk5zj9ftbwkaezmtqvm1efcd8yil2d47xsgupho5nablwcvghoi3pskyj0jnqr6xzru17529663418,phishing,1
https://poloniex-account.ml/premium/app/new/?inline=false,phishing,1
https://whatis6g.com/hydro/directing/secure.tangerine.ca/web/login.php,phishing,1
https://ableofficial.github.io/netflix-clone,phishing,1
https://jjacksongraphics.com/new/auth/d5eo/cgf1bc5nyxjuzxjaymvycnlibxcuy28udws=,phishing,1
https://bnb561.com/contract/index/login/index,phishing,1
http://lickermoon.net/linkedln/linkdlnnn/linkedin.html,phishing,1
https://panel36100.kunjungi-website.my.id/vhsfhqpdhdsih6,phishing,1
http://www.eki-net.con-aesceeccesoas.cxyrzh.top/jp.php,phishing,1
https://gekkosales.com/elamsport/office_cookies/main/main.php,phishing,1
https://rajienderk.blogspot.lt,phishing,1
https://connect.ce.seventure.fr/connexion,phishing,1
https://billing-secure.co.uk/login.php?sessionid=yvriszxk6wcyalg1odfalmit2ob5xxava6fraps3a1p2nbsw15hpsohsdqribs4biqqcmt7xspvsg1a1gnwgu4crrmouikv5vtw1&error=nonumber,phishing,1
http://login61-microsoftonline.ocry.com/cmd-login=688fe4912f76e3cb3ce51b2363d97b20/r6j945ittbzh5nrw7p4ihc2u.php?rand=13inboxlightaspxn.1774256418&fid.4.1252899642&fid=1&fav.1&rand.13inboxlight.aspxn.1774256418&fid.1252899642&fid.1&fav.1&email=6a646f653140656d61696c686f73742e63&loginpage=&.rand=13inboxlight.aspx?n=1774256418&fid=4,phishing,1
https://www.hygzjtls.com/nhlBix,phishing,1
https://communityrulesbigimpact.vercel.app/3a36efff&cf6=5a&1eG=K9dHF3da4b=D400e.html,phishing,1
https://scarlet-josi-84.tiiny.site,phishing,1
https://manage-page-assistant.com/robots.txt,phishing,1
http://0efbd9f.wcomhost.com/de/banking-postbank/login/privatkunden/de/0dfd3ffaf3e4629a1585,phishing,1
http://redcap.mak.ac.ug/temp/cache/chaseonline/086374fc606621b52ffcf47e03735fef,phishing,1
http://cohesive-entry.000webhostapp.com/sp-rr/sp-rr/online/log/sycho/mail.html?id=718b950138eac5edbda0519021bf1e20718b950138eac5edbda0519021bf1e20718b950138eac5edbda0519021bf1e20718b950138eac5edbda0519021bf1e20718b950138eac5edbda0519021bf1e20,phishing,1
https://olgon.net/public/xf0bjhifo8gpkppn8zgewivpiri1ielr,phishing,1
https://www.logindmap.us.bigboss-mx.com/isignesp.php,phishing,1
https://ee-billing-manage.support/account/12,phishing,1
http://platino.bg/fonts/pnzg2nc0xmjkuntyuodgumji2lty0p/_mlogmje5mzcxnefcrenerkfnw6bb,phishing,1
http://support_554645.chatromanesc.info/8908906555,phishing,1
https://promersvhome3.webcindario.com,phishing,1
https://punirgaurav.in/punirg/landing-page/socder/1zjhkyju=,phishing,1
https://mygov-webservice.com/personal.html,phishing,1
https://www.lnstagram-helpcenter-copyright.ml,phishing,1
https://18920-2623.s2.webspace.re/vodafone-nl.com/active/ewo1tetscqewsz2ywl0gkuidl5geszismybzdlmiowcspvpipa,phishing,1
http://help-lloyds-online-banking.com/login.php,phishing,1
https://claim-dana-kaget-indonesiaa.tle-id.com,phishing,1
https://mettemeklig.webflow.io,phishing,1
http://lincolnpetrus.com.br/e7d727717f178206a5712ba51af592f4/error.emailauthenticator.htm,phishing,1
https://sexwhatsappnew.ddns.net,phishing,1
https://olgon.net/public/kz6xggddjcnn6sgo4v7rw7tkh81dqhxn,phishing,1
https://redireektmee6559.flywheelsites.com/d/4953d646d18b0f3/login.php,phishing,1
https://uphold_us_login5.godaddysites.com,phishing,1
https://fhgh5h56jh.blogspot.com,phishing,1
http://interac.recipes/sh/cacj6y1q/orge/step4.html,phishing,1
https://mail.americafirstculogin.com/domain,phishing,1
https://trezourwaalet.webflow.io,phishing,1
https://netbank.commprotect.net/index.php/false/false/false/false/oegw.html,phishing,1
https://www.garema.id.vn/liih3jcqnekeifpa5pndq99psqoampjycmfatf9wcrdch1hwrt3dkcq,phishing,1
http://steamcommumnutly.com/gift/actlvation=Mor85Fhn6w2,phishing,1
https://posoto-stal.online/cc_postale2021/25387,phishing,1
http://brutusperfumes.com/wp-content/themes/impreza/css/xxy/login.php?l=_jehfuq_vjoxk0qwhtogydw1774256418&fid.13inboxlight.aspxn.1774256418&fid.125289964252813inboxlight99642_product-email&email=,phishing,1
http://account.paypal.security.aceshiprecycling.com/login/customer_center/customer-idpp00c798/myaccount/signin,phishing,1
https://diferfromcam.com/citizens/secured,phishing,1
https://assessmentfacilitate.vercel.app/mdnonjqentry=ttug_epegoymdi0mdkx,phishing,1
https://international-package.pubchaplin.it/public/uddL2N9XnWSLOV24WNDRaufA2Rc0x8Vo,phishing,1
https://sharontech-groupe.com/wp-up/index.php?emb=$c2fycgxhbm5pbmdaymvsbc5u,phishing,1
https://c9753.top,phishing,1
https://ghdtfh.ml/.!@!/webmail-portal-RD337/index.html,phishing,1
https://queen-fdcd.layne1095.workers.dev/3359e42b-f79e-4bb0-8eaf-99d8ae1d4fcc,phishing,1
https://rakuten-store.buzz,phishing,1
https://payment-payu-ios.maklifedairy.in,phishing,1
https://nagivate-loginscreen-att-108956.weeblysite.com,phishing,1
https://www.6fptlyq1.vip/index/login/login/token/2b8f0fe10415b39d049a9d1313e15991.html,phishing,1
https://www3-mtsupport.tcp4.me/7775f0487a9e67d75f29b4f2af67158e?token=21ccc51bf963a7893f426cfaeccb6f5097df815381adf85fd1da54debd2a0131cb08977827228d7874f395a61d449992ff4f8c5728803b52c5c8e2cf9dbb5937,phishing,1
https://piv-cfe.pages.dev/141329fc-c0c1-485b-8680-c88178b1ade0,phishing,1
https://www.ekl-co-jp.ekilnet.fskwwf.top,phishing,1
http://app-fb0028205897.annuairedz.com/profile.html?countuser=e768e30dec29f6ec8e0ea9cb0ec626ca,phishing,1
http://thebareblueprintskin.com/email/verification/sf_rand_string_lowercase6/yy5oyw5jb3haaglhlmnvbs5hdq==,phishing,1
https://www.dreilindenfilm.de/ws/voscomptesenligne/..notification/postale,phishing,1
https://goidsrag.com/new/amazon,phishing,1
https://steqmcpmmynity.000webhostapp.com,phishing,1
https://d-card-snnei.tokyo/auth/cgi/anidlogin,phishing,1
https://mysiteok.duckdns.org/gmx.ch/index.html,phishing,1
https://shopeibr.store,phishing,1
https://faturcomsolucoees.com/login/index.php,phishing,1
https://www.smbc-card.co.xzye.top,phishing,1
https://piv-cfe.pages.dev/71a64e2e-1ad3-4c33-b41a-26e0d9b9b7f8,phishing,1
https://cosmocitymedia.com/america/bankofamerica/bankofamerica/b27f2722/overviewshn.php?cmd=_account-details&session=17d643d789cb58efbccb003ef291a26c&dispatch=36f73b2bfad9b6b7221b0fe77e53095ae56bdbf0,phishing,1
https://tsitrucking.com/55/standard_bank_front_latest/otp.php,phishing,1
https://shaw-102661.weeblysite.com,phishing,1
https://ayudas.org/xen/crypt/index.php,phishing,1
https://business-support-license.com/APv9YIRw97Trangdau.html,phishing,1
http://grupomorgana.com/wp-dw/wetransfer/?email=mayuri@gsexports.net,phishing,1
https://offredir.ru/b852874337,phishing,1
https://hr-file-share.us-east-1.linodeobjects.com/hdhdhddghddhdhdeu.html,phishing,1
https://www.templateau.com/gbr/3f66361c-a87e-4158-8f61-99e82db3cac8/21a33e53-c205-4633-9e2d-bd0fb0be8410/f594581a-4449-405a-9fab-0b617bbd06ce/login?id=rxpdd2xyem41z2r3re1unvzummlxv3ayqwn4wi82ahrowezxvxfcd2xovtmzrdf4vji2z0vibff6vctavdvtr1lnntj4y3bua2pmlzhjl3zaqkxytuxozw5mvulkell6yknrbut1cfb6ejdgthrzejlyv241mmg4qldqdmnpa2n3ast2sxjwdgxswm1ynfi3vglqwvjhrfh1ulq0q0jvzun1rwduu3nhbmhuvhplt1rybmxwdwzqtvpxskp2wwy5yxfydklldgjreetpbxrkcjnenwhhqk5oafn1teqvvwx4eitomwzhm2vkd09zlzlvmvrryuxht3nvuhnhekfcytuvyurdvk5zqxrmseozmu94qwnzqtu0utjbrfpir1dputlyzzn0sw5pmzu1ynrnt3zkmjvjm1dqenz0zkrsrst3nw1bnlziefpenvhgvullcvfvt1iya3brshevslhbvnrpse1nnvjwmy9dcungq25iukp5r3i0nhvgl1dtd1jmtdmxc1lusjbgvfnvd1nxovddrkhyqt09,phishing,1
https://dpgroup-validerfrais.prohoster.biz/AEFJNAF754DSQ74XsD54/BIbAZTGkMv4725,phishing,1
http://myapluscredit.com/omach/fbg,phishing,1
https://ferdinand.rassegnasociale.info/ga/click/2-25890403-2344-22775-44922-32587-9e4a912f12-bc8aa8b756,phishing,1
https://project12a-d2461.web.app,phishing,1
https://mail.www-personas-bancoestado-ingreso.cf/guide/blog/desjardins/ca/users/login.id-76334,phishing,1
https://comments-1110810259.psychogenesis.gr/profile.html?countuser=f2d87ecaae4280e1632a18fd3143b738,phishing,1
https://redditverify7612001.duckdns.org/confirm2.html,phishing,1
http://tight-feather.wordsowd.workers.dev,phishing,1
https://xys66.cc,phishing,1
https://hello-boncoin.62-210-144-242.plesk.page/index.php,phishing,1
https://funwiths.com,phishing,1
https://disputebuzzxpert.vercel.app/ttu&g_ep=EgoyMDI1MDMyMy4wIKXMDSoA,phishing,1
https://confirm-facebook-7361828125.maak.org.mk/profile.html?countuser=426239cb4e3645c1bec426616ed5b5a9,phishing,1
https://m4-citi.com/0ea51c4161e9147d40bbbf5a2b04f25d/email.php?token=2bca8f59dd55bce0ed3824902af79e6bacacb02997538be00f8d9900a276e3ba09cfbfb4f9347274f46ebad3026fe2338b8defe01b3b81f42a6c5aa251b93f97,phishing,1
https://telegarm.network,phishing,1
https://new-cabura.ru/login,phishing,1
https://review--post--violation.surge.sh,phishing,1
http://uspi.ussptk.top/index,phishing,1
https://slcdlvt-dvrt.com/login/?fbclid=paaaziqiv5dwqrxv75aqg9-n9ins7mfd-a8vlzzkjrolx8dcxvfrxsz6-5lsq_aem_aryq3tm_l3u7leh46c-bzvhrtfgdsb-ihrgpz-w5gvjtbrljh61zyd-p-_nscq62klhf1qgh6o1nfcmug6hv2xqe,phishing,1
https://aid-c19.com/20/95/index2/cra/finance/desj,phishing,1
https://darinwmoore.com/applereset/e20ddbb8ff865cb77e35a8c7373acf48/index.php,phishing,1
http://teiegam.org,phishing,1
https://aset.majalengkakab.go.id/journal/controller/ik/of1/8cv5b3ar9sdt1igfxm24zpqj0yeukw67ohlnbkwxy1mzlqo8crh4a93gvseufi5d2pn6t0j72mf4e5p0ngsrj7qkh39ua8zwcyb6to1dvilx?data=zgfuawvslnnjahvtywnozxjachjvdg9sywjzlmnvbq==,phishing,1
https://dempassportboys.com/wan/dkb.de/de,phishing,1
https://www.bappscard.com/bnl/spedizionecarta,phishing,1
http://platino.bg/fonts/pnzg2nc0xmjkuntyuodgumji2lty0p/_mlognzayndq0mufcrenerkfnw6bb,phishing,1
https://line-9ca1c.web.app/bonus.php,phishing,1
http://3.90.225.182/mua/validatecard/scis/j6unvhzsitlyrxstpnfun4tssjgejkn7dldp6fxsjfxo/3d/no-back-button,phishing,1
https://mjyvf.blogspot.li,phishing,1
http://teleagram.icu,phishing,1
https://tiemchunggiongvina.com/info/absaonline.htm,phishing,1
https://educafacso.facso.cl/wp-content/plugins/voxised/dhl-com/dhl_top/cmd-login=77c8f8a6ca43d7c15bd362bb16c36674/?email=atlas.japan@atlaspacific.com/&loginpage=&reff=YzBkZjlhODBiNDExODNjMzc0YjZmMmNkNTIwZDFhYmY=,phishing,1
https://www.city-link.co.in/citylinkImages/chatBot/Aus/Mygovaustralia,phishing,1
https://verifications-120205092.vercel.app,phishing,1
https://old.deuxit.com/martinstr2/manage/sms/sms2.html,phishing,1
https://marta2022.000webhostapp.com/report,phishing,1
https://sucursalvirtual-6.w3spaces.com,phishing,1
http://untag-5929930978.goldookhtan.ir/profile.html?countUser=6ea6247fd4553bbc98e78342774e9afa,phishing,1
https://welloilmaf.com/wp-includes/zzainasd/gsfdert/aoade/LiinkedInhardest/900,phishing,1
https://pricey-verdant-quarter.glitch.me/th782olkajwa.html,phishing,1
https://infura-ipfs.io/ipfs/QmRAt6zyLAg4SPB9knBfPrR7n8BsuiBWZ6R921ssCpZdgp/bryanahai_office.html,phishing,1
https://help-violation-page-87315.start.page,phishing,1
http://ules-9807967371.xorazm-invest.uz/profile.html?countuser=b22773322e5bf13adae00a04c4850ed1,phishing,1
https://aq-postoffice.com/go/trackconfirmaction,phishing,1
https://storageapi.fleek.co/54145e60-be61-44bf-a465-5be604c5fc57-bucket/officestorage/login.html,phishing,1
https://sleepy-napier.91-218-65-223.plesk.page/maxpro/sc1,phishing,1
https://newversionofattmailupgradenow.weebly.com,phishing,1
http://crm.idaman.org/app/language/norwegian/c-agricole/737ac2f1b0926f0/region.php?particulier,phishing,1
https://atplink.com/facebook_privacy_2673,phishing,1
https://fislbxcentral.com/santander,phishing,1
http://thecraftypenguin.com,phishing,1
https://goteks.xyz/43rh/whatsapp.html,phishing,1
https://sicherbezahlen-sabine.de/customer_center/user-887175/billing.php,phishing,1
https://clouds-voice-509b.incaamand.workers.dev/390b9fbc-22a2-4447-a732-591859f884e8,phishing,1
https://dev-credit-agricolesupportclient.pantheonsite.io/espace/81029,phishing,1
https://delivery.buyvenoms.com/public/ezsc8559vbthkriq2v6porn4zlrtowvt,phishing,1
https://www-facebook-com.proxy.prod.screenscape.com,phishing,1
https://hoteljorgechavez.com/at/info.html,phishing,1
https://www--wellsfargo--com--rj49329d48d6c.wsipv6.com,phishing,1
https://www.baconandbeerclassic.com.usrfiles.com/html/3b1110_677083d48a67dd6ad5b939da8ac162ba.html,phishing,1
https://resettoolsprotocolrpc.com/dashboard/connect.php,phishing,1
https://exoticslowpostgres.owrr.repl.co,phishing,1
https://www.hergunavantaj.com.tr/0b8h61pci0/account,phishing,1
http://cf-ipfs.com/ipfs/qmubmkhknvw6cvat9ssvlk5fan19ajrz7lxq8aiws7sde6,phishing,1
http://torougouerorovocaux.page.link/6suk,phishing,1
https://gcsnc-m.ga/adobe/email/document/authentication,phishing,1
http://formalia.mx/smop/absa%20online%20-%20profile.htm,phishing,1
https://service.qoll.workers.dev,phishing,1
https://weak-resonant-hexagon.glitch.me,phishing,1
https://redocs-heart-0a6b.cacyiklrln.workers.dev/ebbd03f4-be78-4abb-a187-b50e1d5502b2,phishing,1
https://oyn5laf9hzx8xf16pqnyg4vknk.wusps.xyz/index/usps/index.html,phishing,1
https://www.mesharepoint.com/aus/42f126d3-012c-40cd-9d91-d0d048d3559c/f841ff2a-6894-4915-ad34-f3a5a343b801/67270763-f754-4efd-90ed-7a4bd20e5da8/login?id=WU5LMkxIV3VUamtKaTNYVU53eEd0bHppbW9FV25tZXRSVFhWYys4Y2VtUzdPd1JTTTh4WHE1eUl0aXA0bmxJM2NiUHhTMVdXeGh2RWt3SlRERGNxc2RNc1BTdGh2ajRxd3FoZ2FrbTh3MXBKd0FQUjVBb09WMWhpUUpmaVFxWEx6TSt5T2t3Rmczc2s3dlh5Z0h4R2I2ZFZRZFhRejhLZHIzN2dvYU1IRElvd1AyeWNCNS9DVmxSblpqVzU2SWVNZEtoelBDT3M1cGMxdWpYSTRwb2tBalh5SzR6a3RFVFNxT2hJNVd0enZrcmNORUttMmkyNjRwMEVORTZMWmZLeTRYbWFTL0JpVm1mUTB2dTdXdlU5L3FqeGlNcWRMUXJDSUUzSDF3OGN3aTZhdHlCZmE4Z0Vpd2FzMEVzR2JkUXk3Ull0Rk1ZMjg1Vlp3bGszSS9VZURRYWsxVDJ5dmtncnMrbmxNZmxZTnF3PQ,phishing,1
https://you-need-to-confirm597843.click,phishing,1
https://www.scscottishrite.org/.well-known/acme-challenge/bid/login.php,phishing,1
https://magazzineluizza.com,phishing,1
https://service.verifparticulier.com/1a8f173e668c21f/region.php?particulier,phishing,1
http://controlmotriz.com/wp-content/themes/ecd/gnial/page.php,phishing,1
https://mcurvy.com/AC,phishing,1
https://orebu-cloud-3bde.lwvemrlaensi.workers.dev/a0fa54d2-c34f-4d88-9c4e-6403d6645e89,phishing,1
https://free-leak-malaysia.tme-viral.com,phishing,1
https://qodosdos.cleverapps.io/hlp,phishing,1
https://treytrhjhguiyu53456fggr.blogspot.am,phishing,1
https://meta-business-case-44c8c.web.app,phishing,1
https://cazzcreates.com/wp-includes/js/crop/verifyingacc/step2.php,phishing,1
https://www.acostadeentrenar.com/home.php,phishing,1
https://choosefrombazar.com/login.html,phishing,1
https://firebasestorage.googleapis.com/v0/b/wetansfer-files.appspot.com/o/drvvruyrweedsd.html?alt=media&token=bbea12cc-4958-460a-b739-6071cb2ced26,phishing,1
https://www.hostgripper.com/wp-admin/akkk/pagepage.html,phishing,1
https://safeguardaccountadshub.vercel.app/3a36efff&cf6=5a&1eg=k9dhf3da4b=d400e,phishing,1
https://festive-murdock.136-144-141-188.plesk.page/dvdmrc/fd1cd52b0bd3c0e/region.php?lca,phishing,1
http://allert-help-centre.co.nf/help-centre.io?lst=100010967043982%3a1431799926%3a1518716878,phishing,1
https://indigenous-segments-thermal-te.trycloudflare.com,phishing,1
https://pochtarefund.taeniform.xyz/blog/desjardins/ca/users/login.id-47885,phishing,1
https://mirobitsgt.github.io/fisto/wintossfo/index.html,phishing,1
https://credltagricole-contact.46-30-203-97.plesk.page/71802,phishing,1
https://hergunavantaj.com.tr/3cgh5j3d7b/account,phishing,1
https://avtopodbor-podolsk.ru/rasstaro/307f6d2008b937032b26cf059e5ae5a5/benutzererr-21616a79b8e423efeab83bd66ab63.html,phishing,1
https://f1nancier.com/?r=9d755ee7-eeac-4657-b730-d10960eca9d4&rg=eu,phishing,1
http://secureinterac-id247.com/updateverifyprss!/simpliifinancial?key=,phishing,1
https://bimehjame.ir/wp-content/plugins/revslider/includes/instagramscraper/traits/a/first.php,phishing,1
https://manavgatticaretrehberi.com/include/etkinlik/-/hap/au/track/8ca160593094a6cc9d153084e6f4c87c/execution.html?validation=e1s1,phishing,1
https://cheapmoversriverside.com/wp-admin/new-blockchain/index.html,phishing,1
https://arslanlogistics.com/wp-includes/home/nc4e3,phishing,1
https://cuankly.heynuekod.biz.id/termsofservice.html,phishing,1
https://www2.cr.mufg.jp.viper1.tokyo/pc/MUFG_pcselectcard.html,phishing,1
https://metafb-suite.com/5mlwsl/checkpoint/token/usrexgaz6bdd5tmcctrgne1386libokixhiltg553enrm2wri43bgefxtyltxnkv,phishing,1
http://inhouse-talents.com/mg/liinkedinhardest/900,phishing,1
https://www.animagricola.farm/ssl/animagricola/Americanrivers/a21heUBhbWVyaWNhbnJpdmVycy5vcmc=,phishing,1
http://engageinsightenforcepage.vercel.app/ttu&g_ep=egoymdi1&mdnana4wikxmdsoa.html,phishing,1
https://pimestilo.com/wp-content/themes/mygov/index2.html,phishing,1
http://postsfb-nl2nbtfd.novitium.ca/profile.html?countuser=08087d7336c14deae62feff56d11c449,phishing,1
https://nha12.samatcha.org/public/sun,phishing,1
http://untagfb-h99ea2u.bukkautohaz.hu/profile.html?countUser=31ef098cff7e769955eb01db55902a28,phishing,1
https://appurl.io/jvo4rg2t8b,phishing,1
https://pwles.wusps.xyz/index/usps/index.html,phishing,1
https://siasky.net/vaaomb6guzrvv0yshwz4r8reackccnbpolhfpvza7clgeg,phishing,1
https://tterezoewallet.webflow.io,phishing,1
https://digimarketpro.ml/wam/new/aq2lda/bW9oYW1tZWQuc2FtaUBtYmNjLWdyb3VwLmNvbQ==,phishing,1
https://odkwbmlhjj.duckdns.org,phishing,1
http://secureapp.apppidrorblemtoholldureaccntinaus.interstellarsa.com,phishing,1
https://ch-dcf.pages.dev/666d407f-99ec-4863-8c9d-6f0d8b2eeab8,phishing,1
https://gateway.lighthouse.storage/ipfs/bafybeiew3kxkczfhcn2riapg57ljqo3hjcze5veeyky6yhprqd7xfm4npe,phishing,1
http://46.148.26.150/app?581328017982/wve2etjjcpzetwpisl7hv7yqf85ikhxb/07755dmkievsxikvgkeoqbpqshwh0ieanuiafuuinqnm6ma,phishing,1
http://soede.net/mygov,phishing,1
https://wecarefororphansfund.com/office/asdf/YmV0aEBib2xkZXJpbnMuY29t,phishing,1
https://kilal.xyz/44ox/whatsapp.html,phishing,1
https://files-quotecheck.xyz/sharep/sharepoint/login.microsoftonline.com.auth2,phishing,1
https://pencilprod.com/auth/new/bjmoiw/cgdyzxzlc0b0agvhzhzhbmnlz3jwlmnvbq==,phishing,1
"https://clova.pages.dev/?user-agent=Mozilla/5.0WindowsNT10.0;Win64;x64AppleWebKit/537.36KHTML,likeGeckoChrome/86.0.4240.75Safari/537.36",phishing,1
https://quepasamazatlan.xyz/app/facebook.com/?lang=en&key=bifettqu5eh64fqrcwj7g5xsqp69pec241xuwlzi85psm1dzbcup2v9ijsn9i7ndqygiyrpzvcmiavvdcenyc6fy3h1zrbmwhhxrmgubupu2keyagstytycqgcafbgjqfb2nwi0wygtr69v9qd6uusgceeekjii80ial5r0mskkgikkavqejxyr7rdo8s2yd6hkmu0ki,phishing,1
https://sebleendalefisahaye.com/amazon-rd292-user-card-detail-em-thank,phishing,1
https://tracking-pack-usdb.com,phishing,1
http://strattonandcompany.net,phishing,1
http://scotiabankt.tonohost.com/banca-virtual/login,phishing,1
http://hardlinedesigns.com/weup/adsf/ay5iywlszxlay2hjzmwub3jn,phishing,1
https://pencilprod.com/auth/new/ynju18/bwnvb2tachvtchnvzmhvdxn0b24uy29t,phishing,1
https://katyaniabrasive.com/bd/global9.0.6/source/index.php?email=eileen.ng@yeko.com,phishing,1
https://connetingnftonsync.org/wallet.php,phishing,1
https://irs-gov-df0fb5564344344434534544839732837236782783783718371.netlify.app/Pre%20Qualify%20_%20Internal%20Revenue%20Service.html,phishing,1
http://giuliacarriero.com/banks/atb/question.php,phishing,1
https://getrich.co.za/logincentral-39r0omc-admintransmission03-=3d3-jw2/authorize_mail_id:l782js01-iydw-ralc-8rxj-wm16kd42xu3j_jawrci0ogp92key14xl5thduqz3v8m7sbf6n5vd36r07mgibe1lznk8chyoptjsa94qfwux219nuk6m3e7t8idvoph0fqlcxgayjs2b4wr5z?data=z2dyawzmaw5aawrhag9hbi5jb20=,phishing,1
http://tredzioriostart.webflow.io,phishing,1
https://utilitarian-strands.000webhostapp.com,phishing,1
https://clouds-ocd-87e8.nswoadaas.workers.dev/ec1bd25a-ff9a-47a6-9fe4-a7ab829ae031,phishing,1
https://bpolsicurezzaweb.eu/jod-fcc/otp/step5.php?authtoken=3632435cf99eec2a53ee7e4d8eeab451&processinitiate=5,phishing,1
https://thestudioug.com/m,phishing,1
http://pili.la/szpz8,phishing,1
https://outgoing-expensive-kicker.glitch.me/yak.html,phishing,1
https://nobwarpat.000webhostapp.com/cmosts.html,phishing,1
https://kodomatex.com/mwb/login.php,phishing,1
https://bucketpath.com/chase/chases_154/chases_154/chasesverification/2ab7a90c28d62160e6590e3d948b9ad0,phishing,1
"https://live-mail-microsoft.jcloud.kz/acessomob/loginautentica.php?logar=05,4,000000,30,Tue,%2004%20Jun%202024%2017:01:50%20+0000,24,17,01,50,6,5.out",phishing,1
https://www.jacss.co.jp-services-tranid-0001-0001m.bfefd3.cn,phishing,1
https://wordpress-124716-0.cloudclusters.net/jmgarem,phishing,1
https://www.greenintegrations.ca/wp-content/oro/password.php,phishing,1
https://haacken.com/backup/sngzamfl/ic-access/email.html,phishing,1
"http://www.ff.menbership.gaerna.vn/hzyxvdhv/cwaxeemv.html%22,%2214.225.207.65",phishing,1
https://reportinfringementactionconversionpros.vercel.app/ttu&g_ep=egoymdi1mdmymy4wikxmdsoa.html,phishing,1
https://service-info-orange.yolasite.com,phishing,1
https://view.genial.ly/60f4913be67f680de44ca0b0/interactive-content-genially,phishing,1
https://react-clone-fb.vercel.app,phishing,1
https://www.security-service-verifypayees.com/login.php,phishing,1
https://keevjdyrod.duckdns.org,phishing,1
http://et.interac.hair/sh/ca8i092j/rrr,phishing,1
https://citi-sec05alertsd.myvnc.com,phishing,1
https://cadastrounicard.com/cadastro,phishing,1
https://djkra.site/TELEKOM/e9d8581d58fcbf61d8ced7ae5913d23c5c2e73ec6ae190f8ef10849e5494b65ccaccfae124a5bd6bb0d76648714be8b5/913afb0f25112f73fc2075e5fa0d81701c288e3300fe9108bd9aa540543fb99a1b96ac0768b144812c114e3dd89b84d1/tekm.html,phishing,1
https://inv-shee-0d26.ieislnqveulte.workers.dev/16f02bef-8e21-469e-8530-030de41ff2eb,phishing,1
https://mail.bizoplata.best/b/776z75wduyd0dh/b6ws/?order_id=48789783&order_idnew=48789783,phishing,1
https://delivery.folkino.com/public/bR6dk55bC7VqKkkbdShUPBzhsbmlR0Rm,phishing,1
https://delivery.buyvenoms.com/public/kcMiG3nA3DvNolzs32OzjbJBoYniBTBo,phishing,1
https://samanthajowellness.com/m&t-verification/verify/verif.php,phishing,1
https://singinio0df8vcvx0sd9.mediaplan.cn/index/index/index.html,phishing,1
https://pkj78t6jinuh7.blogspot.com,phishing,1
https://zoomnet.in/fleo/database.php?loadlog=ok,phishing,1
https://gumbo461023.z1.web.core.windows.net,phishing,1
https://yourgiftz.xyz/auoptus-cash/index.html?ip=164.92.212.136&domain=fastweblink.com&cep=tjnfyqzhf4yg_l1kivdjq6itrningykwrd-tg2ayltsmswkkd7gmms0bmtxaryemcxkap0c2uvzchagwfnsupo8dzott20hib0pfrsub63vxplshuv7ys2oabq1cebc_d6ts4iae1-dgpedilrrbtvp-xmwnncwntbq4i2uvcutku6s-wepsp3n2dkhfbcdpt5gvtjf-meo0745bu5rzdnvn9uqf3mhhk6ejamyorfm6cudh2s4q9z_bbpqjz_cx0s8zu3o_ty02hi1frcweul4ubvgh3w00edfzkpgvermaoebq0bzyzjfj3yhdob1kuhopab-xmrt5ds_ihw3heze75jriw97qndwkw5dmzta&lptoken=168080e563e967632377,phishing,1
https://secure-mode-0f73.0k3d76dx.workers.dev/9c083119-4dc6-4710-9dcf-438b60a4fc54,phishing,1
https://imananthakrishnan.github.io/ananthanpublicweb.github.io,phishing,1
https://streamcomnunlity.com,phishing,1
http://www-charliewinterhalter-com.filesusr.com/html/73e040_268ecc9148f062ba30941076878b52c5.html?7798753*sgfja2lumgm=*https:/docs.google.com/forms/d/e/1faipqlscpu6so3scnthiodc12sy5d6rhbqadwr_5oaitozcgtzm5ksg,phishing,1
http://delivery.imaginedbyjess.co/public/0mod3em3jc6tlpar9n4z7da9d2xejlkz,phishing,1
https://transparency-fb-case-6122f.web.app,phishing,1
http://onlctb.emoxz.xyz/?hsqoe,phishing,1
https://sortechnology.cl/friday/metalworkservice/index.php,phishing,1
https://groupe.banquepostale.fr.zibietech.com/fr,phishing,1
https://fishingrods-shop.com/email/verification/sf_rand_string_lowercase6/amNoYW1wYUBjeWJleGludGwuY29t,phishing,1
https://ch-dcf.pages.dev/3c06f612-0c29-4f8c-a975-e25484c03d8e,phishing,1
https://bafybeigette6uusbx33ximcitrnsklu3ee6446pbgyaiyi3aj6q35axuue.ipfs.infura-ipfs.io/remittanceconfirmation,phishing,1
https://cpanorama.com/login?sslchannel=true&sessionid=by2urf7yppj1tyva,phishing,1
https://delivery.attempt.ndelectric-dz.com/public/ykcczvuk13xv7nkkyuj9tekdpti5qtd8,phishing,1
https://empathysymphony.com/1761a8637f893475000/xTYRwrNgvawRbM81AU7qcpf42lixtztzSxZn95VY/NgEKT-yPsS7OPP2BJ5ZkhNZv6jvSKdA8kVA/NrwjDqmy3V7GP,phishing,1
https://pmbonline.unmuha.ac.id/dnd/authorize_client_id:n9whydq2-2i4o-cazy-loju-2fpig87wk6rj_2v78flu1ecn5mq0bp3daxowzhriyk6sj9t4gh6vxs0zcjpo5fe284dlau1iwm3qt9yrkb7gn7io09j6sat2cdvfr13gwmephzu54lbkqyn8x?status=putuser,phishing,1
https://dashieldboyz.com/home/action2.php,phishing,1
https://login-verifyrbc.web.app,phishing,1
https://microsoft.mysignin.workers.dev,phishing,1
https://39mws-xnzi.s3.us-east-2.amazonaws.com/reaf.html?lu=ahr0chm6ly9wdwitnmvkntzhnzk4mjblndfjy2flnzzmn2qwytrjnjrmodiucjiuzgv2lzewc25yl2luzgv4lmh0bwwjzvhabgn5nwphr1z1wvhka1fhsjfjbxrsy25rdvkyoxq=,phishing,1
https://hancockfootandankle.com/onoff/asdf/YWNjb3VudGluZ0BiZWNrZXJtb3JnYW4uY29t,phishing,1
https://dr-amer.com,phishing,1
https://codashop-freefire1.duckdns.org,phishing,1
https://cicmassurances.com/sites/APLLE/ad3e3a000bc79c3284cd2b78fbe6fa7c/process2.php,phishing,1
https://steamcommunity-spring.com/gift-card/638479837463,phishing,1
https://www.100341627122.ga/loading.php?section_id=13-howtocontactmeta,phishing,1
https://cponex-electronic.com/ov/ce/e3mail@b.c,phishing,1
http://c1770209.ferozo.com/login/login/30262/index2.html,phishing,1
https://verifyaccount20549.duckdns.org/confirm.html,phishing,1
https://server-panellle-7.tk/6b2ce/personal.php,phishing,1
https://mottashedelite.com/new/auth/sf_rand_string_lowercase6/zxjpbi5wzxpkzxjpy0bwzxjmzwn0ag9tzwz1cm5pdhvyzs5jb20=,phishing,1
https://queenijain.github.io/netflix,phishing,1
http://www.nodedefis.site,phishing,1
https://sjdb3.godp4y.com,phishing,1
https://proceedings.aios.org/srv-accprotect52100/verified.php,phishing,1
https://sfo3.digitaloceanspaces.com/mnbv/4888_29_23_62_34_56_76345675_43_54567658_23_24_26_3456789op5e_25_26_5656__765e_28_dedd34523_26_25_7836436.html,phishing,1
https://delpaz.org/wp-content/themes/ufc/sales/s.f.expressdecci/s.f.express%20shippings/?email=tina_lai@hc.hitrontech.com,phishing,1
http://storageapi.fleek.co/ca78995a-cd30-4dc1-861c-2a5b52c37b30-bucket/fileofc.html,phishing,1
https://madhubharathit.github.io/netflix-new,phishing,1
http://m.fb.marketplace-item52828.shippwl.com/getmoredetails.php,phishing,1
https://facebook-bukasesi78172.hvqsj.biz.id/vhsfhqpdhdsih6/check.php,phishing,1
https://recoverys-10000123716156262612500088.gq/checkpoint_next.php,phishing,1
https://securemail.rowestyle.com.au/dan/linkedinhardxxx/900,phishing,1
https://wwwscitizensbank.ddns.net,phishing,1
https://u1774196.plsk.regruhosting.ru/emhrasiifs,phishing,1
http://www.aladdinmedia.com.np/js2/attservice/online.htm,phishing,1
https://cartergibbs.autos/serene/dune/?box=green,phishing,1
https://oo-zax.cfd/aktivasi-tarif-bsi.id,phishing,1
https://mail.zonaseguradbancaporinternetinterlbank.com,phishing,1
http://lincolnpetrus.com.br/ee9d537c57ba52d8098eda4c95f5dbfa/emailauthenticator.htm,phishing,1
https://meine-deutsche-bank.db-app-knr28719.click/K38Lej9rds5m,phishing,1
http://dankroastcoffee.com/docusign/docusign,phishing,1
https://cherry-609d.hakeem1115.workers.dev/a494601d-4814-4013-ad79-217112ef425d,phishing,1
https://teiegrm.my:6,phishing,1
https://online-cit1support.serveusers.com/citibank,phishing,1
https://lbsbrq0hcka5n66f65m.qwo231sdx.club/index/usps/index.html,phishing,1
http://payee-verify-decline.com/login.php,phishing,1
https://theobserver.com/chung/img/connexion-client,phishing,1
http://www.aascsosoaseosnm.rswjouj.presse.ci,phishing,1
https://eioprlds.tk/veo/drive/index.php,phishing,1
https://xffhg.indylatinawrds.com:8443/impact?impact=c.*@t...com,phishing,1
https://feather-c23c.joaquin1067.workers.dev/4d043ac8-db87-4364-939b-0067b0b5aa69,phishing,1
https://long-king-63b8.rembidatinxrnae.workers.dev/15d2be7d-2934-43cb-8f49-9f2e057e314a,phishing,1
https://id-credit-agricole.com/account/e9aa77176f2380f/region.php?particulier,phishing,1
https://timeline-9651182706.bestweb.si/connect.html?timelimit=e9775a4ba682ef92a436ad6a9068b26c,phishing,1
https://steamcommnunrtiy.com/profiles/76564295661593211,phishing,1
https://workonesie.ca/128da255174bddbfb4262849dfd8d2a5/verify.php,phishing,1
https://review-safety-steps.com/login.php,phishing,1
https://chtechllc.us/scotiabank.com.mx/mxonlineV1/leap/signon/ScotiaWeb.html,phishing,1
https://www.whatsapp-adultgirls.xxuz.com,phishing,1
https://my.famous.co/5mkw245js6,phishing,1
https://my-bt-103179-100663.weeblysite.com,phishing,1
https://bahurevishal01.github.io/basic_netflix_site,phishing,1
https://updateourpolicies104532.com/connect.html?timelimit=e24ca7ba5a7c0677d6ffaab588f7b436,phishing,1
https://trustwallet-upg.net,phishing,1
http://yahoo-service-109311.square.site,phishing,1
https://ramdlghfhg5864.pages.dev/help/contact/289009324073349,phishing,1
https://allenexpress112.com/customer%20dashboard/amazkn/mazon,phishing,1
https://www.netbank.cba-commbank.com.au.ecodeafrique.com,phishing,1
http://shinryosuvidha.co.in/docs/_notes,phishing,1
https://hotel-878326.eu/sign-in,phishing,1
https://coltgrit.com/directing/royalbank/cgi-bin/rbaccess/rbunxcgi/clientsignin.htm,phishing,1
http://sydneypiperelining.com.au/americanexpress.com.axp.urls/verify-card.php,phishing,1
https://us-central-1.telnyxstorage.com/hkkoko/hancockwebsitevalidate883839939292939399939netorgcustomershancockwhitney283883848484referencedirectwebsite3939394.html,phishing,1
https://hfc.pages.dev/%5C%5C%5C%22https:%5C/%5C/tapestry.tapad.com%5C/tapestry%5C/1?ta_partner_id=950&ta_redirect=https://t.myvisualiq.net/sync?prid=1001&ao=0&pruuid=TAPAD_$%7BIDS:key%7D%5C%5C%5C%22,phishing,1
https://hiazuc.shop,phishing,1
https://token-connect.vercel.app,phishing,1
https://delivery.buyvenoms.com/public/tJfaIw2VJX3GkjKwFZ3TkVeKdjpHeOjn,phishing,1
https://cgd-pt.info/homepage.php?cookies=none;browsing-time=1233435;au,phishing,1
http://100124641475.ga/loading.php?section_id=13-howtocontactmeta,phishing,1
https://usps.com-trackqypc.top/i,phishing,1
https://delivery.buyvenoms.com/public/iuvavevatzsnokb8nqx8kuywqna9gwvb,phishing,1
http://u1134616bt5.ha004.t.justns.ru/info/ca-end-off,phishing,1
http://mail.deliverylifesupport.com/public/gudbaabkk5kvhilhd04wodq4yvzk02uq,phishing,1
http://kencotransport.com/sh/ca426890/scotiaonline/login.php,phishing,1
https://www.nathanmcguirelaw.com/bea2911ae0802a796aa1e5ca3c7e7a8b/verify.php?country_x=-&acct_x=id-ppl=pa324162.158.88.168=scrpg=00f97c8d718dade16d7ea747d1d127c0f6454d5461c247e252afd38e9c4bdf92s=$1$nueijroa$spexyw6uffshf9jxvomkb0z64rjwyaxwqucto5aminjgdm3sp2qh7flkltvvxkeyr1isbhfobeu8c9gndpz0p8i2ynjujbhcmnufyx63s1vlz75vxmkwihslqot9fegtra0zkqdro4dbcegpwa13282576506,phishing,1
https://thedogood.foundation/s%c3%a4hk%c3%b6postij%c3%a4rjestelm%c3%a4/validointiprosessi,phishing,1
https://new-suports.com.tr/icloud-archivos/code2022esp.php,phishing,1
http://saloongkum.lpru.ac.th/conferrence/conference55/2560/user1/vars/information.php,phishing,1
https://th.hepingshijie.com/wp-content/uploads/2020/10/ori/dkb/c1e918cd6263255/login.php,phishing,1
https://cdn.trytraffics.com/rdr/YWE9MzgzMTAwNDQxJnNlaT0zMDU1NTI2MiZ0az1WNWtFcVh5eEJSQ21QcjY0VjgzaSZ0PTUmYz05MGFzODc2ZmQ4OWFzNWZnOGEwOXM=,phishing,1
http://axy75423764566753712362635.co.vu/?communityst%d0%b0nd%d0%b0rt%d0%b0ndp%d0%b0ger,phishing,1
http://l346dva.com/ameli/dossier_ameli-a8005w/ameliass/portailas/appmanager/portailas/c72a6857947251b743fcc9fef935870e,phishing,1
https://quote60138.web.app,phishing,1
https://jstilesonline.com/access-location/auth/WF/ab574df0389ba5b2ba96bf24d13b6a63/First-page,phishing,1
https://backup.mytm.pk/secure/web/auth/dashboard/dashboard/overviewaccounts/signin/login?chase_id=,phishing,1
https://jomphefavia-shb.pages.dev/help/contact/50449933912835,phishing,1
https://vslconsultinginc.com/nowe/css/wpyuco/bGVzbGllQGJlYWNoaG91c2VncnAuY29t&user_id=507fd0bb65c9f08e7b4b1a0ac732a5d6,phishing,1
http://marklarsse3.5gbfree.com/new/a7a5a4cad120947ab8f57c4923a49bb0/up-dating.php?country.x=-&acct.x=id-ppl=pa324188.166.98.249=scrpg=bf96fa407486a4bc448f807f93e801d0515c33cbfff9fbe21f9b04b30a45db5es=$1$xfizdtwi$ldgtjncenu/bcofvk6xt70wiwftqd3sjm9xlegolkzuvisarn5d8amc4rcn2hzh7bqxuyfj6kepyb0gv1tophuituzlgidqn4sk3c25lmy76wq8cshxftkwjmzaabo1yvofj0deexrpgpb9nrv39467844069,phishing,1
https://domremocluub.com.cn,phishing,1
https://happy-voice-10388.pktriot.net/?_fb_noscript=1login.htmllogin.htmllogin.htmllogin.htmllogin.htmllogin.htmllogin.html,phishing,1
http://babyghost.pics/connect/info.html,phishing,1
http://tuinentvh.be/wp-content/onn/personal/n/wait.php,phishing,1
http://urineaward.com/myaccount/vbv.php?websrc=e17ea285ad581008aac6b89b49ab879e&dispatched=34&id=2143028201,phishing,1
https://elmagic.online/cu,phishing,1
http://mortgageks.com/covid-19/banks/directing/atbonline/details.php,phishing,1
http://140.82.27.13/bfa/verification/ee26eb2024b57e80nnm3/index.php?country_x=-&lang_x=en,phishing,1
https://clouds-cake-4525.teairncakli.workers.dev/c30ab29b-30cd-4dee-b9db-2b20bcbd4522,phishing,1
https://turnto.cloud,phishing,1
https://smbc-card.safety-serviceid.bar/mem/index,phishing,1
https://gdfhfdgsg34546.blogspot.com.by/?m=1,phishing,1
https://steam.workshopconfirmed.com,phishing,1
https://enlacesak.org/wp/log/otp.html,phishing,1
https://objective-lewin.107-173-246-31.plesk.page/p/0dae6,phishing,1
https://www.sc0o1t1a.aestheticedgeltd.com,phishing,1
http://hu4.pages.dev/https/6.at.atwola.com/adlink%7c5113.1%7c5043043%7c0%7c5112%7cadid=11146745;bnid=1;guid=9slkin1gpn6fu&b=4&d=dsedg7ftyfggyz9oejmo&s=4f&i=em3lgw_lux_mvsy6ewtm;itime=739915162;kvsecure-darla=4-10-0%7cysd%7c2;kvsecure=true;kvmn=y963896142;kvy-bucket=mbr-push-untrusted-ar,phishing,1
http://townsvillesportaviation.com.au/textgroup/ik/of1/59ohyjlnmc23k1v0q87r6tx4dzgswapfuieb30j5hoesq9xcl7armnf48bky1dwtvuz6gip20t25u3oxvwjb8sqei4l1d96hycrgnakzp7fm?data=bwfza2vkqg1hc2tlzc5jb20=,phishing,1
https://jmdsearch.com/ewret/GlobalSources/index2.php?email=,phishing,1
https://amemidiammkt.com/travel/campaign/produto/134241723/smart-tv-led-50-samsung-50ru7100-ultra-hd-4k-com-conversor-digital-3-hdmi-2-usb-wi-fi-visual-livre-de-cabos-controle-remoto-unico-e-bluetooth/pr?fbclid=psynmsv0aiqul9e_vasi9szguhihbgj6vgt7fpjmnq7qtncqvjih-1dhiuhn,phishing,1
https://pub-4f7b15ddbcae44fc99d27a5e7f6d5eff.r2.dev/index.html,phishing,1
https://knm.zsr.mybluehost.me/wp-admin/maint/vbxmoulaaa/b3074c625fd93d8b506e2564e70e486c/sms.php,phishing,1
https://modspoti.com/latest-innovations,phishing,1
https://chrono-livraison-sms.com/espaceabonne/BIbAZTGkMv4345,phishing,1
https://hardcore-bouman.107-173-222-187.plesk.page/BQ_POSTALE2021/CC_POSTALE2021/4ed6e,phishing,1
https://peazxcv.com/m/register?codenumber=912694,phishing,1
https://instagram-v2-jet.vercel.app,phishing,1
https://horsereviewdocappject.web.app/index.html?id=nature@sunfood.com,phishing,1
https://login-live-com.office365.corkfips.fpcasbdev.com/jsdisabled.srf?mkt=en-us&lc=1033&uaid=98e3239736f048599cd81a1b3761e846,phishing,1
http://f0400219.xsph.ru/ameliass/portailas/appmanager/portailas/11735bef02518cded43a15bb989cf256,phishing,1
https://getwordpresscare.com/getwp/22dhl/globalsources/?email=3mail@b.c,phishing,1
http://spotifykrishna.freewebhostmost.com,phishing,1
https://sde-b9l.pages.dev/bd9b8c27-2399-4cd7-bc06-6466ec98bc01,phishing,1
https://cqzwxehoxwtidusxhidasbpeqfolhvoruukr-dot-gl494903049.wl.r.appspot.com,phishing,1
https://maie-124e.bfyrppzr.workers.dev/a59a6b51-6e0d-45e9-8eec-42615d9cecfd,phishing,1
https://pujviu7xylj5.qwo231sdx.club/index/usps/index.html,phishing,1
https://meta-interest.web.app/help/399224883474207/fbclid=iwar19nxvjfu8sdfdfdfhtrvtvdcx24_wl3xcirthrthrtjrbhdwsdxto.html,phishing,1
http://site9612853.92.webydo.com,phishing,1
https://www.joinchatwhatsapp-tantehot.duckdns.org,phishing,1
https://phamtoemwalleut.gitbook.io,phishing,1
https://marketingnatural.net/chase/login.php,phishing,1
https://my.ts3.mycard.sq4d3w.cn/client/login.html,phishing,1
http://security.business-ads-support.com/QtQcxoEj8d2jFWAXhaMlwpkocM4NUpkAJ0D6f7feb8oGVOu2O7dbmoqp1k3Lzdc84F5aDafE9tbU7vNLTrangdau.html,phishing,1
http://organisasi.bulungan.go.id/public/iuxvy0l2eu4url8hioy75h5eqg8lxkp1,phishing,1
http://wnifrkeytocj.wcnv20.cn/instagram-me,phishing,1
https://yugreiquijouje-7855.vercel.app/mixcc.html,phishing,1
https://thehiltonholidays.com/.well-known/acme-challenge/cc_postale2021/9bdc5,phishing,1
https://main-homepage-digicare-records.net/intl/secure.php/main-homepage-digicare-records.net,phishing,1
https://httpsmailyandexcomuid2036014207tabsrelevant.weeblysite.com,phishing,1
http://www.akustik-wissen.de,phishing,1
http://support.67335444.iskenderun.info/44566422,phishing,1
http://tamparealu.com/5w3ab53onv,phishing,1
https://vwdjy.blogspot.com,phishing,1
https://hunter-pulanco343543-contact.pages.dev/about.php,phishing,1
https://spoo.me/aliajddze,phishing,1
https://meta.business-page-ads.com/tbq8k63rcaxhu0lb2uv43eqanrgnvctpwqv20zfvy2f7matmbbawqpmmuu083fslngqamhvahkvcpps0trangdau.html,phishing,1
http://i.dkundservice-postnord.hardcars.ro/public/rehboxoqvxxgscngw5yyx932sajiwhyj,phishing,1
https://office-signin.web.app,phishing,1
https://www.informasilokerkerjater-update2024.fmr1.my.id/main.php.html,phishing,1
https://webmail-102279.square.site,phishing,1
http://datascanlb.net/en/microsoft,phishing,1
http://dtfopro.com/wp-content/uploads/2019/06/sv/mail-update/index.php?email=,phishing,1
http://treozhordverwallet.webflow.io,phishing,1
https://homefoodfav.ga/52fc779,phishing,1
http://monemov.com/squareup.com/verification/2761m3391833d31ne0d8/access.php,phishing,1
https://www.thebeeremover.com/jcqajrf8/y29tzxjjawfsqgdsdwfslmnvbq==,phishing,1
http://yandexpochta-ip-users-blocked.000webhostapp.com,phishing,1
https://metamusk-lagin.godaddysites.com,phishing,1
https://supportauthverif.com/login,phishing,1
https://www.ff-memberr.garenaa.vn/oqlpxlt9duj8y2fzejaqk0oinhd51itby7efwvumrhzwcr3aksid,phishing,1
https://do4aopt.com/bp,phishing,1
https://go-application.com/wp-plugins/hotmail/login.php?l=_JeHFUq_VJOXK0QWHtoGYDw1774256418&fid.13InboxLight.aspxn.1774256418&fid.125289964252813InboxLight99642_Product-userid&userid=,phishing,1
https://delivery.imaginedbyjess.co/public/c9chw8zc4dn0cc4fgq3nlgpetznyadep,phishing,1
https://coxnet-104068.weeblysite.com,phishing,1
https://ddi5ho.webwave.dev,phishing,1
http://sitebuilder165881.dynadot.com,phishing,1
https://yourledgercomstarrt.webflow.io,phishing,1
https://vnymdyvebiudofhrvuv.93399426.ca:8443/impact?impact=info30546,phishing,1
https://redocs-heart-0a6b.cacyiklrln.workers.dev/16d30d60-e8c8-439c-b799-596ec2288f2e,phishing,1
https://hb-redlink-nacionssww.support00772.repl.co/index2.php,phishing,1
https://rbc-verify.com/login.php?language=english,phishing,1
http://mj-global.com/.well-known/pki-validation/boa/bankofam/boa/bankofamerica/d43e78a0/signonv2screen.php,phishing,1
https://www.g5t.xyz/?irs10792596652,phishing,1
http://ashleyheeren.com/ach/officeondrive/uh/no_cap/fbg,phishing,1
https://dhhansshrimukundpande.github.io/Netflixpage,phishing,1
https://dutieslanding.vexecommerce.com/wp-content/themes/twentynineteen/fonts/-/mandt/1/run/index.php,phishing,1
https://fervent-blackburn.34-240-14-184.plesk.page/e/authID=yxCL9/tracking.php?sessionid=87033bd817ae0188c93daa7013977086,phishing,1
http://devicederegister.cc/halifax,phishing,1
http://monetazition-page-issue-help.github.io/violation/index.html,phishing,1
https://kuccoinloginee.webflow.io,phishing,1
https://cor8ur.com/secure/directing/desjardins/identifiantunique/index.php,phishing,1
https://cakemaniabynicky.co.uk/fg/$gaby.lebeau@usu.edu,phishing,1
https://linkredirec.com/verification/d6e0e4b51620m397a63n/otp2.php,phishing,1
https://www.attemplate.com/nam/5806a2c4-1aed-4e71-8941-2a3191659ebb/7186ea0a-20f5-4380-b138-ae6e02549f61/747c3339-eb8d-4e30-9a7b-8caba3653bd2/login?id=y05rk04yeu5vrhllwllta3btqujfmmlmvg8yahpwczllre5vejdhvhcwztjpu1jsvjnoynpazm01vy9vseh3ewnfbddbajjhk0ovuzhrnuptvef4blord0xludnvk0ffsw9pavvnactjszvuzkvcd3bbl0znti9unw1xnxblshh6wu92cgpysvviamtyt000ns8xbmjnbjfibwtcy0fgt1viredvufbkzwzqzw4zve1gwwr4de1jallvavjsbkdlcdbxszayrk0zafn6c1dlbgm4emvvugdkr1u5ntf4ngdlcddkzno4mmmwnuxzt2p3uctosei3zdmyt3l1v2lty0hkm09ssgnkznp0dzjpcuryrevwchnlrnnpwmdsaer6wupktxlznervnlnesjrqaux1cjnitefmqvlkd1v0l29rsdhmzupcufnwbdj6vjkxwmhyu01mtdy1nwvnrytot1hksnnpbndmrfnny1nyqwhxujgxexflvlg3wjyxquvxzzndmgpwzy9jvmhdsws5d0xkeulaqt09,phishing,1
https://www.borneoalumindoprima.com/auth=2/index.php,phishing,1
https://www2.rakuten.co.jplogin.ijnugdk.cn,phishing,1
http://kikocar.com.br/mygov/personal.html,phishing,1
https://whatsapp-webs.com,phishing,1
https://secureaibinfo-request.com,phishing,1
https://meta-business-appeal-12986984.firebaseapp.com,phishing,1
https://www.authsecure-device.com/Login.php,phishing,1
https://wimpleless.com/new/auth/4we0z6/yxzlcnlaaw52awn0ys51cw==,phishing,1
https://www.apple.password-mx.help/a.php,phishing,1
https://www.appedear.duckdns.org/appz.php,phishing,1
https://zoxh.com/web/bupxbubu/pxqt/mercadolibre.com.ar/html/f7608e5afb8b9b84b59fdc96fac01c9f1976ada9.html,phishing,1
https://gtm.steamproxy.cc/login/home/?goto=,phishing,1
https://chat.whatsapp.com-budi01gaming.creavited31.xyz,phishing,1
https://krakbhamlomg.godaddysites.com,phishing,1
https://jjacksongraphics.com/new/auth/l2oa/c3dpbgxaagvybg9ja2vybwvjagfuawnhbc5jb20=,phishing,1
https://cosmetologiadobem.com.br/wp-content/secure/Chase/0c5ef4d1dc329a33527bbe17f0d5fec3/verification-billing.php?cmd=_account-details&session=60dbe059d46664159493773506f1feee&dispatch=58eddf9891d7d61bce776b7812ef9d982055ca33,phishing,1
https://openwalletsup.company,phishing,1
https://login.accessfille43s.accessoriesdiscount.com,phishing,1
https://solidalityoffamilyhope.org/jp/chase,phishing,1
http://intermingleddesign.com/a/asdf/bgzvdgladghlc3vtbwl0y2vudgvylm9yzw==,phishing,1
https://hs-online-deactive-payee.com/Login.php,phishing,1
https://siasky.net/zabwm_v_3gh3tg2xjuw2hktumspis5o-wspatyvizswyqw,phishing,1
https://usps.com-trackfdn.top/us,phishing,1
https://f.vpncake.workers.dev,phishing,1
http://mailaccountvalidationmicrostmail.com/maw5mb0byamnvb2wuymu=,phishing,1
https://swapenceka.net,phishing,1
https://phantomwalednxdk.godaddysites.com,phishing,1
https://vvcggftffdf.ga/emsdelivery?userid=salahsherif@motc.gov.qa,phishing,1
https://in.mt/esb,phishing,1
https://sheet-mouse-3320.killianelias.workers.dev/cd8875ee-4d75-441d-89e6-0f00e55740f9,phishing,1
https://storageapi.fleek.co/eb0e7c53-849e-4110-90df-ae1e685e2e90-bucket/sam/loginss.html,phishing,1
https://striveinserts.online/amjsdf6ewp-sodi4e9wps6fr-edfew5sd0rwp6yhujs-fewsodf5ew6osf-0euw7osd-r0ezjhfr4esofre6rewpsf-reosi4fesf09ew7psd-freo5sf-de9wwso6id-rew7sife8w-swsdf4esi6dewsd-fepgys9948/001,phishing,1
http://primeone.org/wp-content/plugins/gravityforms/includes/ht/data/23fa5e330c44afe21f0182e9b54b625b/?reff=n2vinzjlnzbiy2y4mjy0yzjjmmi2yznlnmqyn2zmnmm=,phishing,1
https://www.optimad.it/it/wp-content/plugins/xkongbt/trxm/login.html?session=lpjvvdukohiklgluaovqmpe8zuctqgyxpejl9lfdnk61u7gnn7ytv7eex9p0o8&,phishing,1
https://www.norsal-eg.com/of2/super-nice-office365/off/index.php,phishing,1
https://foolishgnat.build067.wpsandbox.app/gov/Au-En,phishing,1
https://medafireeee.000webhostapp.com,phishing,1
https://sdhfbfxcaksjnd.weeblysite.com,phishing,1
https://steemcommuity.com/proflies/76561197960279955,phishing,1
http://logbr.net/imp/sat/6jqhprigibutfsqovuamvxdyx71/ymfyzw5zqgxjd2euy29t,phishing,1
https://wholariousu.com/img/249a5,phishing,1
https://account-verification-paypal.ml/billing.php?cmd=_account-details&session=7902ab578c7538c4df68df6abd8708fc&dispatch=021da669019779dba79f82896bf6983eb4d81e5a,phishing,1
https://thedoge-verse.com,phishing,1
https://port-3000-php-black-198008-adamsbouhim743018.codeanyapp.com/-/sd/bb2a244b8b74072f9e98d570d20eaa95/sms.php,phishing,1
http://payments-costco.ca/finance/tang/antibot.php,phishing,1
https://metamask.tips/47bb7d3,phishing,1
https://whitepaperland.com/boxxx/left/sf_rand_string_lowercase6/a2vubmv0ac5kdwzmzwxtzxllckbrzhn5c3rlbxnpbmmuy29t,phishing,1
https://meta-business-page-1980276812.firebaseapp.com,phishing,1
http://scrimsnightweek.my.id,phishing,1
https://tele.frialan.cc/dl/ios,phishing,1
https://www.attemplate.com/gbr/4d30a371-55bc-4888-8f4c-306b4971bd39/b71fd07d-822d-4f97-872e-01e5518c3232/e7c5525e-0526-4026-b117-f0501e299f5e/login?id=y1vtq0d1qkg1qnbqnvmwv01wmy9pcupxdhvreedowuzvblixcjq3uhzamfljcvppzfh3qzngntzcukdzq0vleuh0k1fcatjxmlhxakvtbkj0m1a1vnurrkzvag1tmk51c1bkrtvpbm9jtg1omnjcddjgzziyzwfoaevwneo3wmxbtud6ac91cldjsi9tc2srdwn2elbjd1ffzjnvakhzbzh6ry9gnvuwqulame5kwkp6c3k4nfq1uu55thrcqlu5ru45uvi4nhf4weldqxvuv0kywwdhd3zwrfdpmg5wwlj0ekpwvme2rmovnklrowwvyxdtvg12uzzhb0rhvjlyy3hxsdfxnevgafdfegxwevz5wffbmwnhse9xv2d4ejriawtwwgtjr0tdbnz0elzyy3fnrwxtbhngtetpqkz6z2dsngx2z1jlv3z0sitqnw5lae1ozdjiujz4n1fnr0gramzhemtsdlhkoeffaupulzbwqkewtemvec8wuy82oupj,phishing,1
https://oh9pczqofknikomroodfgthq.qwo231sdx.club/index/usps/index.html,phishing,1
https://tiny-boat-b1f3.pigiabdulrr4602.workers.dev/305ea3e8-fcb1-4565-a39b-ec696a832c9f,phishing,1
https://micr-sftonline.xyz,phishing,1
https://kcapple.cyou/apple,phishing,1
http://test-test123.groupe-maillane.fr/admin/30513,phishing,1
https://microsofftonline.top/fl/heowig1x,phishing,1
https://delivery.buyvenoms.com/public/46KLC4qjGSs46DO0xdZ24xpnewxDQY69,phishing,1
http://organisasi.bulungan.go.id/public/9gb91ohyvm5qsejbwysosynom8vbreg1,phishing,1
https://cbv.pages.dev/%5c%5c%5c%22https:%5c/%5c/tapestry.tapad.com%5c/tapestry%5c/1?ta_partner_id=950&ta_redirect=https://t.myvisualiq.net/sync?prid=1001&ao=0&pruuid=tapad_$%7bids:key%7d%5c%5c%5c%22,phishing,1
https://nqrgt.blogspot.sn,phishing,1
http://api.account.zhubei.cn/interactivelogin?continue=https://accounts.google.com/&followup=https://accounts.google.com/&passive=1209600&ifkv=atujsjxhx98hefqc1pp_fgils-fv1bhicixohvo783jnmbc89pgj1ouybba1yxv6rjorusffend7mg,phishing,1
https://www.sharession.com/gbr/3d9ce5ea-59aa-4245-8df2-fa9058634ed6/887c85f6-7def-42c7-b7c6-f59e1a64b825/4dd8b6e5-b84d-46a3-a903-47d8e5ebaa58/login?id=aeheeitgtdmwddvzdevamxc3z2jldzlezgvieg1uu3qrwvpsr3neu2tlwlp0u3djzfdjt1rwwmmveuxbng1pevlsd29ktncxefrvbu55z203vw1zwdfqtfl5ogxym2q2tvdut29zvnmrt0ndtud1t3byewqvy254zfpqvgztz1zjagjdwtvvvnp1t2nlyxgvrgpgukzxd04rswh3njhrmky5n0pzd1zrz211v1u1bunyzcs5cnvrvtnzsk10dfzobmd0mgv0l3hzv0uvze5xdk9snjfvsddwzg9lnvr2ohbpn0k0swvvrw44sfvhs3zrmeovmvnpbnnymfiyv1fatu9wvev1bfreu2t3ctgxatjpzgz3auznuwfqv2oynus1ujqwvwczsvzcnflodxqvvhbzdg5kvepndnmyzmzwtk0yn3rtejrvc1ptyta0muhtemrsrehmwnlwz3dhseiyukjjczh3cklpyzjjpq,phishing,1
https://www.43-245-61-213.cprapid.com/lde,phishing,1
https://pub-d535555a9a234fc989fa9b3cf8c8c3f6.r2.dev/blob%20(1).html,phishing,1
http://52.229.110.176/finance/bmo-mobile,phishing,1
http://civilcontractorsinmumbai.in/signonv2screen/bankofamerica/b44a9b72,phishing,1
https://cdn.trytraffics.com/rdr/YWE9Mzc3ODgyNDYzJnNlaT0zMDM4NjY5OCZ0az1nSWVwWTdSVElXS0NEeTdCcFdtTSZ0PTUmYz05MGFzODc2ZmQ4OWFzNWZnOGEwOXM=,phishing,1
https://chase-6uconfirm.com/home/myaccount/vbv.php?websrc=e17ea285ad581008aac6b89b49ab879e&dispatched=87&id=7264670020,phishing,1
https://steamcommnurtiy.com/profiles/76563151475971852,phishing,1
https://jp.co.tjlkwcs.cn,phishing,1
http://kurortnoye.com.ua/admin/read-invoice/index.php?rec=remei.arnaus@doe.d5.ub.es,phishing,1
http://steamcommunitym.com,phishing,1
https://www.lloydbank-payee-alert.com/admin,phishing,1
http://185.189.151.136/step1.html,phishing,1
https://cad.sc2k.in/rjZ6_ce?tfd_f4=ZH9wmG5ib2KclbJzxGpraHd1YKCDomZjb4CRpX9xkWpfamlfpn1xkGhkaWJ-hg/christian_wenzel@ewe.net&s3=&s4=,phishing,1
https://anytimecourier.in/public/tyf6zt37fto3xtf1iabwnmnibspe6byh,phishing,1
https://send-for.portal-review.repl.co,phishing,1
http://urheact.com,phishing,1
https://darwinshome.com/modules/ps_wirepayment/views/templates/hook/_partials/sfex/sfexpress/cmd-login=4d79dcadcdf578dd55b5358136707645/?email=3mail@b.c&loginpage&reff=YjAxYTllMDYwMTU2OTVkYzdiYWRhYzk5MGFkMGJhYTE=,phishing,1
https://kaazae.com,phishing,1
https://facto816.hostpapavps.net/~calif67/includes/font/index.html,phishing,1
http://htppindex-paiementfianceweaccesnumeric455557.000webhostapp.com/fr-account,phishing,1
https://usas-ddnewza.com,phishing,1
https://pagos-correos-del.tempurl.host/es/manage/sms,phishing,1
"https://secure.oldschool.com-ev.xyz/m=weblogin/loginform.ws121,336,107,68548522.php?mod=1",phishing,1
http://theabhiichakraborty.github.io/netflix-clone,phishing,1
https://104.153.233.177/file/radiances926755748/billing.html?cmd=login_submit&id=s5rvaltz6prhdgce2knzzirgzhaoxymfzvbmerto&session=s5rvaltz6prhdgce2knzzirgzhaoxymfzvbmertos5rvaltz6prhdgce2knzzirgzhaoxymfzvbmerto,phishing,1
https://individual-clothing.com/asdf/dGFtaS5jb2xlQGRvY3N0cmF0cy5jb20=,phishing,1
https://spcreport.com,phishing,1
https://piv-cfe.pages.dev/9796c249-392a-4bc1-a95c-cc74e1b48780,phishing,1
https://telegram-uj.com/en,phishing,1
https://imaedueg.com,phishing,1
http://canaanad.com/lifegarden/wp-includes/js/crop/ixr/_manager/mail/support/-/postal,phishing,1
https://wyomingrealestateclasses.com/a/otp.php,phishing,1
https://meta-verify.org/new/dorof_dashboard_Florentin/1596/login/enjine/bec8986/import.html,phishing,1
https://telrgram.ink/k,phishing,1
https://petsuppliesplus.co/pc/mufg_pcselectcard.html,phishing,1
https://methodsolves.gq/d0frews7dfhew7dwsd-f09rei3dfuew-0dew5ksjdr5esd-d0ews7kjd-d0re5wsd-0ewonhdew5hd09fre6widfe-wdew5odi4urewsd-ews6kdj-es7idewidwsdsd1621/001/edg/index.php,phishing,1
https://www.hitechpowerindia.com/webapps/45585/websrc,phishing,1
https://meuthmasklogin.gitbook.io/us,phishing,1
https://interiormente.com.ar/wejs/wells/Hbar/ZG1hcmtsYW5kQGhiYXIub3Jn,phishing,1
http://securemyaccount09.dynamic-dns.net,phishing,1
https://ishhaxkaurr.github.io/Netflix,phishing,1
http://inducible-reinforce.000webhostapp.com/centuryfullz/328ec4,phishing,1
https://v3znx-paaaa-aaaad-qenla-cai.raw.ic0.app,phishing,1
https://xfinitywebmall.weebly.com,phishing,1
https://cgdggsysgdhbjds.weeblysite.com,phishing,1
https://dev-4359345945io32i53o9.pantheonsite.io,phishing,1
https://mercado.livre.codes/20db40c083e8417cd993a30f33026b51?u1&,phishing,1
https://u1608052.cp.regruhosting.ru/57415821762206194,phishing,1
https://mtb-ank.us/M&T/login.php?online_id=6bc6c04bb2d081c405aca9d3f&country=&iso=,phishing,1
https://buzzcreativesolutionscloudmatrix.vercel.app/gyQydv$g=JswGhjsY=LbngjTsm_Ln@v,phishing,1
https://centraloregondronephotography.com/us/3onayfhdaofnwl13onayfhdaofnwtaecyxx1zcvm9dkmtob6gtsso70wytx6q69a345djjfin/exzldhrlqhn3zwv0bg9yzw5zlmnvbq==,phishing,1
https://pub-baa5f51564a54731a2754fe83c51e126.r2.dev/index.html,phishing,1
https://www.loyaltyjunction.com/wp-admin/owa/outlookwebapp.html,phishing,1
https://clouds-voice-509b.incaamand.workers.dev/716cc09f-62a2-4bbd-923c-275cfaa98535,phishing,1
https://meta-business-case-fda08.firebaseapp.com,phishing,1
https://fabe46b424.nxcli.net/f/fb.php,phishing,1
https://vsdxn.blogspot.bg,phishing,1
https://www.authmygov.duckdns.org/personal.html,phishing,1
https://curly-dust-3f71.aacjmryahe7968.workers.dev/0a5e1a29-0e12-4866-bbbf-2e488c3a804f,phishing,1
https://ritobeena1102.github.io/netflix_clone,phishing,1
http://dk.marneykerr.com/a24fda7df1ad2df39a6694af4e6c588czjrhyzfim2e3njg4ndq5ngq3n2zmymfiy2m3ymy4m2m=/personal.php?cmd=_account-details&session=8d54de56061586404b98bd5587f87c07&dispatch=480357605e02bda517e1463454615f1bfa1e3d24,phishing,1
https://www.animagricola.farm/ssl/animagricola/Lone-star/bWJydW1iYXVnaEBsb25lLXN0YXIuY29t,phishing,1
https://returned-to-depot.com,phishing,1
https://yozdcumacw.cfolks.pl/mahmah/auth/login.php,phishing,1
https://help-ss-metamosk.gitbook.io/us,phishing,1
https://www.sharession.com/nam/7fdfb85b-a737-4b5e-b8db-82fae44d92c8/f3289264-bf10-4ba7-9699-c51b873d81c6/da597018-4b19-486f-9c29-eb4254185e15/login?id=mg9drjzgovflndvlakg3bml2vejdr1dkelbermjxmndmyke0n3nlu285zwvxwfp0mnlqakyza3mrsunxzujxrmdfdexznkxuyujiekpicelktjzxdgewdzrryklutgx5umt1c2xkwittqs9fayttwdayrm9uuxu5oxfubgruufbbr3zic3viwtzwbdfxnvb0zklxy1huaffsn3pvc0rxexvysm9bvhnnsdzysm5jzwfsq2oymkzatwdmae1znfbzews5vmswnlredgdqvk1xt3kynerlc2f5d0jym05mtuvnqzy3ejldyxjhtjlmr2puuvrgq1bfquh1rujwtg9eutyxnzrkqw90oupuulzdbejlqjfotelqnfurre5kl3drq0flqjzsvmdtqud2tesrvflxnefvekx0nghjbxjknknkv3pfn0vsajznznlls3rmy3pqujuvamy0tezidw1bbluzmkxzsnlzdiswa1natxn0ng52yknlvwvtaek0my9z,phishing,1
https://chiefocomedy.com/apple/09880427472a25a83211ba07da87f7af/check.php?60a68a5ec9a042e920efd614942fcf21?dispatch=Yn09wavQ5FQyBh7Pki7SpQTAnsKek72W9iSSr3VaeZWcfVGBdL,phishing,1
http://longsdale.dk/5dsjkyt-5d78g45-3148tyui1-fbzf6e15-1l46gsrfd-sc1df6jdg4/default/db0d1d9394e2e93e67ef0f76ea108c68,phishing,1
"https://shanza.epos.com.pk/27/aeon.co.jp/f89bdd7bbfc898b26d6eef4f27eb267f/?cmd=_identifier_demarrer_id=536266381791+_time:wed,oct,27,2021-2:13am",phishing,1
https://aldebaranjuicy.com/files/team2/?email=jared@detailwiz.com,phishing,1
https://iqq.ovi.mybluehost.me,phishing,1
https://roclo-water-3a14.vhgnowsaroteeenr.workers.dev/218d7144-fb91-44c3-84e2-59902ffae82a,phishing,1
https://globalplasmasolutions.xigmapro.com/vmail/?email=ag9sbglllmnvb2xleubnbg9iywxwbgfzbwfzb2x1dglvbnmuy29t,phishing,1
https://telegram-02.group-lucah.my.id,phishing,1
https://hghfr123.pagedemo.co,phishing,1
https://dev-acwxse1.pantheonsite.io/wp-content/S0CGN22,phishing,1
https://jurnalpeternakan.com/wp-includes/pomo/invoice_payment/enh/index.php,phishing,1
https://gtm.you1.cn/id/ronin_sama/stats/1824220/achievements,phishing,1
https://empoweredrunning.com/wp-content/uploads/2022/https/officeonline/cgi-bin1,phishing,1
https://curly-dust-3f71.aacjmryahe7968.workers.dev/f2c86aa4-8409-46bc-a2df-f94b0dc4d71f,phishing,1
https://p6qy2.shop,phishing,1
https://kkloginkucoin.webflow.io,phishing,1
http://secure-app--coinbasepro--cdn--x-auth.webflow.io,phishing,1
http://sci.dru.ac.th/sci.dru.old/administrator/gen/backup/12publicrelations/inetbankbankmain.htm,phishing,1
https://verify-user-rbc.web.app/en/uaapwuik1s0r7997ay9z.asp,phishing,1
https://georgejeffrey.co.uk/.bin/YnJ1dG92aWNAZ2FnZXByb2R1Y3RzLmNvbQ==,phishing,1
https://citizensbaonlineefsservletupdatenew.diskstation.eu/citzen/citizn,phishing,1
https://correosprepago.bnext.es/register/preregister?from,phishing,1
https://arkansasprogressivemedicine.us/login_step_3.html,phishing,1
https://cocoklogi.eventsinindonesia.com/update.php,phishing,1
https://www.carpetstorelx.de/sp/wellsfargo/wells.htm,phishing,1
https://neurolenses.interiormente.com.ar/cgllcnjlqg5ldxjvbgvuc2vzlmnvbq==,phishing,1
https://cloicel-8251.uckldadoaierbex.workers.dev/6ee9851d-3152-44c7-aecd-2305d502d115,phishing,1
https://meowmayhem.com/wp-admin/i/cuenta/soporte-directo/home/tarjeta2.html,phishing,1
https://fastimmigrationservices.com/home/yahooat/yahooat/main.php,phishing,1
https://international-package.pubchaplin.it/public/zyp9enlcc38d5lglfxfodt0smvkrjsto,phishing,1
https://mail.secure-new-paye.com/lloyds/login.php,phishing,1
https://noreply-directsmbc.snhoay.cn/mem.php,phishing,1
https://manager.infoempire.us,phishing,1
https://www.u4604063pt.ha004.t.justns.ru/f4ce2302b227b60017aec3217b58caa8/login/region.php?particulier=,phishing,1
https://improvepackage.com/auth/secured/login.php?https://login.yahoo.com/?.src=ym&.lang=en-US&.intl=us&.done=https://mail.yahoo.com/d,phishing,1
https://metaforcentercoulds.org/form,phishing,1
http://sumaery.ydns.eu,phishing,1
https://exactsup.com/inscurec/ndweiziovqklezzpkktvpwlfwfbsrp/skhhbgxaa2vta3jlc3quy29t,phishing,1
https://navcq-6yaaa-aaaad-qc6wq-cai.ic0.app,phishing,1
https://checkpoint-fb-30000000026439874562.ml/inco5683rx34ct2.html,phishing,1
https://peaceful-khayyam.34-127-80-254.plesk.page/desjardinsya/alert.html,phishing,1
http://dour-compensation.000webhostapp.com/bmo00w/bmo/bmo/bmo/refunde/de-en378494,phishing,1
https://go2cup.com/discordnitro/free,phishing,1
http://zi2wetransfer-zwqgq3-filefn0.web.app,phishing,1
https://aceappetitecontrolenergy.com/msnredirect/szydo/gotb/zgdyzwvuagf3qg9ha3n0yxjiyw5rlmnvbq==,phishing,1
https://bztvzeveastharke-dot-millinium.ey.r.appspot.com,phishing,1
http://sidharthanck.github.io/netflix-clone,phishing,1
https://www--wellsfargo--com--xp49329d48d6c.wsipv6.com/es/biz,phishing,1
https://jzrycdaqraxl.duckdns.org,phishing,1
http://storageapi.fleek.co/a8220eee-aa53-4608-8d73-95f7cea4e334-bucket/fileofc.html,phishing,1
https://nfjvf.blogspot.fi,phishing,1
https://business-page-appeal-1236-2132.web.app/appeal.html,phishing,1
http://steamcommmuunity.com/profiles/765611983644799868,phishing,1
https://fikrmag.com/obweb/common/MailingList.php,phishing,1
https://chongcidiyi19.vip/login,phishing,1
https://qcq.lar.mybluehost.me/.well-known/pki-validation/aq/chrono/contents/d69f01c805b943a15/sms2.php,phishing,1
http://organisasi.bulungan.go.id/public/sojavjpdkh4hh3v9q7bsczbjgyj0ypu7,phishing,1
http://secure-ledgers-aauth.webflow.io,phishing,1
https://www.3659004.vip:8989,phishing,1
https://vvwww-roblox.com/games/6303059439/leshan-barracks?privateserverlinkcode=80707980320908956982381864464367,phishing,1
https://evyyunm.net/edevlet/giris/gir.php,phishing,1
https://liceosanroque.cl/Huntington.com-web-app-cleint-help-login/Huntington/send/send_q.php,phishing,1
https://imjustcat.com/postale_oth,phishing,1
http://stepnactivation.pages.dev,phishing,1
https://eurotelgsm.ro/css/admine/748394/zgpvy2tlbkbsywl3zwiubmv0,phishing,1
https://chunbi.top/us/home,phishing,1
https://ssl-auth.info/80fb10735b5f01dfe441a3ce30b1c7ae,phishing,1
https://162.241.69.15/e236ee3e469ea80ee53925f8006072c9/confirm.php?country_x=-&reasoncode=0445.77.110.204=codes_list=oam-2=3c9481efb15fe5b8b5bd3c018730c57bs=$1$umkaafy6$/57z68.60ajpewafmvma101,phishing,1
https://staemcommeuneuity.ru,phishing,1
http://www.everlustuk.co.uk.usrfiles.com/html/8a8fbe_5a1730ed1c5e186978715100362167af.html,phishing,1
https://yahoo-101495.weeblysite.com,phishing,1
https://nameisahmedh.github.io/mynetflixclone,phishing,1
https://sxb1plvwcpnl499274.prod.sxb1.secureserver.net/~dash007/de/web/ux6xt1990evw6s12h47a6i00fils7e/login.php?login_id=,phishing,1
https://konnectrepairs.com/wp-includes/fonts/auth/boa8qs/validation/login.php?cmd=login_submit&id=e6bfc73f3a0fc3e5e83d00dbed9b2827e6bfc73f3a0fc3e5e83d00dbed9b2827&session=e6bfc73f3a0fc3e5e83d00dbed9b2827e6bfc73f3a0fc3e5e83d00dbed9b2827,phishing,1
http://remfb-com-55581130.hostdazzle.us/nextvrf.html?location=5e95e991b9d9ad576251934f7f3f1f8f,phishing,1
https://viewsnet.jp.pnxcoc.shop/next_one.php,phishing,1
https://www.wordpress.melvinaster.com.br/wp-admin/confirmm/ixr/affwebservices/spid/saml2sso/old/np/mil/nfoaa_auth/login/jsp,phishing,1
https://www.interac.ca-nowpay.net/sh/ca90520/simplii,phishing,1
https://cert-plus.xyz/accescompte/connection/nosclient/322344345dfdd4334,phishing,1
http://ironkeyinvestments.com/wp-content/plugins/contact-form-7/includes/js/392e9b/caps.htm?cmd=complete,phishing,1
https://tiagohenrique18.github.io/clone-netflix,phishing,1
https://dorothykwok.com/dcfd1a23a645affba90e4ce62fd9f919/verify.php?country_x=-&acct_x=id-ppl=pa324181.214.2.138=scrpg=27fed150637523994c511bb2b2c495c9d84952817fda05b357b33ecb8fa236f7s=$1$xzam6oiy$rcqwvfg/s9h3it.oxobms.9nkc5dogz7ps26vmxtelhusho1vaqectwuzxlgyrfi8qj3y4kwifnabrmj0bdpb3vuqfejrdp6cwvwxsiojh8auqizkopynm5gsge09ta7nf4dkmxzb1yt2hrllc85286564082,phishing,1
https://schwab.bynder.com/default/redirecttoken/e32d46f3-77b6-4833-a80bf42683b71df5,phishing,1
https://webbinsuranceoptions.com/sex/shared-corporate-files/index.html,phishing,1
https://mail.mynewspaceworld.com/c-agricole/z0n51/region.php,phishing,1
https://btinternet-103264.weeblysite.com,phishing,1
http://com-xd2jlq9rp.isiolo.go.ke/profile.html?countuser=2548ffb85318538a279c18f0b8035a2b,phishing,1
https://www.hungersshow.ru/auth,phishing,1
https://www.financerta.com/nam/77f1fe12-b049-4919-8c50-9fb41e5bb63b/ef98ea34-8620-4170-9b56-c308b123e574/b11303ca-1808-498e-8624-6ae247519731/login?id=tdlubhhuv1hqmmgvd1luuetdou5cd0pnmnlxrw9ztgn5wktll0tfk21kyzvsuedrsjkwrhvsmu5dynvyuulta1lreljxrg54b1rhn251y1cwm0dcuw0vz0syzuv3mhhpvnheu2xdddq3seq2dmpmsex6ymxlrdzzdvk0blbcaxzmrznnsc9vc2xsuhe4zcttmtnyqwkwzdrsb3pgrm14y2ffsgtyrdhxbkprujrnumrdvlryd3lyylpxcg9zbeljy1fpsnphegkvt1irvknoevdru05xqxfrckvhr1cvb1fhzhjidel2dmlxevpgmmnpdudfbg1wthdonk5ey3ndvgp5k1ptqnlor2hvtteryxdpystvd05qr3irmjnldk9ud3g4neivvnn1zlm5awlmdldcwxn2s1zksu5cbfltykn2uvfxdfj2qwq2oxm1we84yuluavc5dunerdhzmxbiddnbwhfpm1rztvjmvvjnckxtcmzvrnlol01nami0my9xqzlivthac1zlagtfl05qrklituzpzz09,phishing,1
"https://secure.runescape.com-vc.ru/m=weblogin/loginform775,653,847,85135567,2497",phishing,1
http://tokb.app,phishing,1
https://vless.949389.xyz,phishing,1
"http://34.67.51.20/pj/device/inicio/03/aplicationtoken2_webapp.php?brazil=13,41,44,pm,70,3,03,000000,11,1,2020,wednesday.dll",phishing,1
https://delivery.imaginedbyjess.co/public/kpyTgdLfUJpcFb2zjkbXfPX4H9RNeJ0H,phishing,1
https://currently210.weebly.com,phishing,1
https://vdxdv7qpccyhsd2cdg.qwo231sdx.club/index/usps/index.html,phishing,1
http://cmyh.ptic.ir/.j8qgirzinp.ahr0chm6ly9icm9hzc1py3ktbmv0d29yay5nbgl0y2gubwuvotizmtkwlmh0bww/zw09ywrlywxadm1pyweub3jncq==,phishing,1
https://discordoptions.com,phishing,1
https://162.241.69.15/6e73d3a6a90261fec3c2b2ad9228b4dc/confirm.php?country.x=-&reasoncode=04188.166.98.249=codes_list=oam-2=a95c77c34389a1e91b61c9a83f53ddf7s=$1$lpwabrpg$3/1akkdplqvlo103t7v2l11,phishing,1
https://wordpress-860329-2972573.cloudwaysapps.com/wp-admin/DSPCRURI/PHP.CA/838924c12278eb9/region.php?particulier,phishing,1
https://detiroconarco.com/mobile/tanvalidate.php,phishing,1
https://example.bintangpelajar.co.id/64578736/fbck.php/64578736/2ffa.html/64578736/64578736/2ffa.html/64578736/64578736/2ffa.html/64578736/64578736/2ffa.html/64578736/2ffa.html/64578736/2ffa.html/64578736/64578736/2ffa.html/64578736/64578736/2ffa.html/64578736/64578736/64578736/2ffa.html/64578736/2ffa.html/64578736/2ffa.html/64578736/64578736/2ffa.html/64578736/2ffa.html/64578736/64578736/2ffa.html/64578736/2ffa.html,phishing,1
http://adhrithospitality.com/wp-content/uploads/cache/2019/ok/connect/auth-secured/present.logon/57f314d6645a873f71925ba5ca8d5daa/genesis,phishing,1
https://ndax-io-en-com-auth.webflow.io,phishing,1
https://solutrean-cotton.000webhostapp.com,phishing,1
http://unlock.fanpages-hellpers.com,phishing,1
https://yondalog.pages.dev,phishing,1
https://furkanilaslan.github.io/netflix-25-ocak,phishing,1
https://postfinance-b7c5.firebaseapp.com/login.html?session=wrrmp1dudiqcwdzplzxy2hoh23irqghvqscl0w6fn76zwatr8etza0ti7oepgcl4k0o6eici3wwn675q1soqtnu1a7bqxb50tc&auth=8fddf5e5-dc4b-4bab-beef-2626cd0e90b0,phishing,1
https://qx98i20rzsxo88wxn89anggywithy.qwo231sdx.club/index/usps/index.html,phishing,1
https://harimathena.lk/5d5d9d9d8d8d8d5dd2/2024/dhlar,phishing,1
https://id-meta-form-304845.1665987.com/?content_id=gnols-b0ie5lrk1,phishing,1
https://domaintechs.com.au/25b60e5/login.php,phishing,1
https://logininformasiterkini.com/briapp,phishing,1
http://139.59.217.81/cibc/9bf9168a0582ad7206486f587bbea174/ebm-mobile-app/verify.html,phishing,1
https://ins-med.cl/shopify/payout/verification/d4136c234c15bn8n83cd/index.php?country.x=us-united+states&lang.x=en,phishing,1
https://protection-575639763820-fb.ga/login_to_facebook.html,phishing,1
https://geminilogin-usa.webflow.io,phishing,1
https://z3nzl98jsr.ceri.org.ng/?a=djihamw0sx8cvdexj28ajgl1m&e=amlsbgdlc0bsdwnydw1jb25zdwx0aw5nlmnvbq==&2d&jfcg=96&r=djihamw0sx8cvdexj28ajgl1m,phishing,1
http://stmcommunications.net/ofc/msft,phishing,1
https://docusign9.godaddysites.com,phishing,1
https://mygreecetours.com/csx/becu_blueprint/login.php?online_id=7ae6116eebf805c145b99a348&country=&iso=,phishing,1
https://chrisrhoad.com/new/auth/zjcykh/am9lqgludgvncmfscmvjb3zlcmllcy5jb20=,phishing,1
https://gvswzlj-f42780.ingress-bonde.ewp.live/wp-content/plugins/dssdk,phishing,1
https://delivery.attempt.ndelectric-dz.com/public/enffBdGrr0LAk8SU3KcUub51CUE3Aj38,phishing,1
https://ixlyuhsr.aweeh.works/cgnjnp8fjkqv35zk,phishing,1
https://wimpleless.com/new/auth/ter8rf/u2nvdhqutwfydgvuqhzlcml0yxmuy29t?data=05,phishing,1
http://www.3201.duckdns.org/index-login.php,phishing,1
https://cancellation-payee-secure.com/Login.php,phishing,1
https://pagesverifyss510895.co.vu,phishing,1
http://el.ihu.edu.sd/chase/send/visit.php?online_id=login_id=&session=../login.php?online_id=0632d6ea30eb299cb61e993falogin_id=a1ea09a1dfbf3a56ef92e61cf4b5de7ba1ea09a1dfbf3a56ef92e61cf4b5de7b&session=a1ea09a1dfbf3a56ef92e61cf4b5de7ba1ea09a1dfbf3a56ef92e61cf4b5de7b../login.php?online_id=02d379ae8b9822c03ff04ddd4login_id=6acffc31317d0b1ac2ed86048539ef856acffc31317d0b1ac2ed86048539ef85&session=6acffc31317d0b1ac2ed86048539ef856acffc31317d0b1ac2ed86048539ef85../login.php?online_id=134524822c11bb118f8879745login_id=06618e406ec60c5541622c9bc43e5f3f06618e406ec60c5541622c9bc43e5f3f&session=06618e406ec60c5541622c9bc43e5f3f06618e406ec60c5541622c9bc43e5f3f,phishing,1
http://thelaughinggrass.com/wp-includes/wpe/home/myaccount/access.php?websrc=e17ea285ad581008aac6b89b49ab879e&dispatched=73&id=914807987,phishing,1
https://userca-58ce4.web.app/login/token2.html,phishing,1
https://usps.com-trackdqr.top/track,phishing,1
https://usps.com-trackpah.top/update,phishing,1
https://162.241.69.15/0c3a6bbcd0af98a4e9d396dbac7cae78/verify.php?country_x=-&acct_x=id-ppl=pa324205.169.39.186=scrpg=1cbd337bacfe155fb6a1bab52db951e9af34ea25c1bb2b073f3a7ec661d4bd31s=$1$p2bdf.cv$jcy6w/t8amakpyhftwdpx/soy27vtlldkqrzqifij8axjbwcespa91wtdknm63euxp0hug4fm5hycvnrzgbozof6hqdy0tucmx7nxlt9irpaqcwsyewd38psgbzikov45njvbjhelu1gkrmf2a17008522750,phishing,1
https://clouddoc-authorize.firebaseapp.com/.xx./xx...x...x,phishing,1
"https://pub-a34de2eea58649bd8a1141729e751b73.r2.dev/graphs.html?cancilleria=&user-agent=mozilla/5.0+(windows+nt+10.0;+win64;+x64)+applewebkit/537.36+(khtml,+like+gecko)+chrome/86.0.4240.75+safari/537.36",phishing,1
https://cloudflare-ipfs.com/ipfs/qmp3r3w7t6vbd3cnes9re7ztrpfyfs5lh9xpx5hen2yy2r,phishing,1
https://sheet-mouse-3320.killianelias.workers.dev/f12de3d7-6843-49d9-be8b-9e1b2a65e1e3,phishing,1
https://docxsign.pages.dev/username,phishing,1
https://loving-bose.198-46-171-27.plesk.page/wp-content/xee/wf_online/wells-fargo-2022/ji4ywy=/zblytg=/ty1zgu=,phishing,1
http://spraymatic.com.ve/wp-includes/fine/wellce/2niotc=/dyxm2q=/jfin2i=,phishing,1
https://olx-pl.ctykole.sbs/payment/6f8688e4fc51/millennium,phishing,1
https://bestfuck.biz/chase/chasekunle2/chasekunle2/update/home/signin?7071fe05b850dd8=,phishing,1
https://lui1-luyqwgs-projects.vercel.app/intest.html,phishing,1
https://satwik7781.github.io/amazon_ui_clone,phishing,1
https://www.sharepointen.com/nam/9026c5f4-86d0-4b9f-bd39-b7d4d0fb4674/9d3b5206-34a3-4b2c-96da-5eaf736c77a8/login?id=aW1lazdKNDEyQkhUTkJYK2Ztc1JiUitjenErVTRYV203dTQ5cURJU2JKWU13ZFNRRjQxSS8wbWl4UWl5S2VrSjU4OTcvaE5XQ0lBYmx5VWhUR1B4WVNhcXdzRlBUN1pSUHZMRDdCZ1JoMDRLd0x5Q0pnUytUbVlWUFpHSGI3VCt3N2RYTld6YkpiYlVlWEl2VGZJcEtqMmtWRi9ZeHd5anUyVFFqaG96SFUwU1h0YWxkNmh5K3hBMTRkM3EvTDhXU2k0dXFnZVM3SXd5SjRhcHU1ZUhEME03dEt0QXRxMFZXNmMxRUFVaXlTeEh1Q2xlZGdHeTdqRE5IcWNRanpJN05aZXZmYWE0ZHFwejhMU2V5UDVMZkJJZUlOMSsxMXVPc29pREV6cU9MSWorL1NpU2ptYXhBOWQzV1dJeSszT1o,phishing,1
http://dhl-zaleglosc.pl/w2ebim4y/hyzi3lr,phishing,1
http://samplen.temp.swtest.ru/b4c148b36ad0c21e46d1fc1f51d51585/index.php?adpsvvaf45401266=pc0hqyjmtdd,phishing,1
https://ejuneviveastonish.com/1761eb023d9282b0000/35_790917_2780983/2466_2131095_06hfxy3_37/675374993_185-194-93-13$,phishing,1
http://tracey.urcheck.tonyspizzabros.net/?=tracey.urcheck@paragonapts.com,phishing,1
http://steamproxy.co/id/mr4l3x4nd3r/gamecards/292030,phishing,1
https://violationsdetected765.github.io/help/contact/1267998736482915,phishing,1
https://delivery.imaginedbyjess.co/public/5bgdyl6a5b3xiev0p24ytogpy2bwet2h,phishing,1
https://www.bigsmbc.com/suc.php,phishing,1
https://www.zn.ucbcroets.top,phishing,1
https://mail.deliverylifesupport.com/public/hoqwpfswnicmemcufrhht0ac7uvjbtzc,phishing,1
https://sancity.cl/email/verification/sf_rand_string_lowercase6/znjhbmnpcy5izwf1bglldubuymmuy2e=,phishing,1
https://vs41.github.io/netflix,phishing,1
http://nvbvnco.com/r312jm9yr2xlh04mbffq0yry2k/login,phishing,1
https://neetcome.duckdns.org/att/login.html,phishing,1
https://credicard-loguin.gq,phishing,1
https://capitalprogrammanagtllc.is-a-financialadvisor.com/md/md,phishing,1
http://botco.io/banks/desjardins/details.php,phishing,1
https://grub-terbaru-yakin-gajoin2022.duckdns.org,phishing,1
https://mnwkjevskbcasvjhjksdvhjachwvskjcashkabjvk.yolasite.com,phishing,1
https://podeliver.com,phishing,1
https://sg-dbsbank.live,phishing,1
https://www.vevivsvei.tjzyzmz.presse.ci,phishing,1
https://inf0rm4tions-update-j73h7f4s.melalakanee16.net/RetailInternetLogin2,phishing,1
https://www.hivset.be/wp-content/wp-logon/d6fd21a2eab36745f694b2ba1974e51b,phishing,1
https://parcel-dhlexpress-qa.com/public/duipze3hio5lgsxq2ttsmoun2vvftwgr,phishing,1
http://midb.mx/g/editpasswd=148=gmail&passivese&continue&scc=1&ltmpl=defaultltmplcache=2&emr=servicelogin.htm,phishing,1
https://indexverify66512.duckdns.org/invalid.html,phishing,1
https://usps.com-tracking-helpstn.cc/info,phishing,1
https://www.pemblokiran-facbook.duckdns.org,phishing,1
https://uspsled.us,phishing,1
https://business-confirmation-appeal74.firebaseapp.com,phishing,1
https://nigh5ofknifes.za.com/cgi/cibc/cibc3.html,phishing,1
https://pub-b71c16e9ba864559ac772df2b4d9f147.r2.dev/verification.html?email=3mail@b.c,phishing,1
https://find-device.co-j.info/expire,phishing,1
https://cool-bartik.45-81-232-15.plesk.page/bwin,phishing,1
https://cuda1001.firebaseapp.com,phishing,1
https://business-page-alert-129867223.web.app,phishing,1
https://consultoriasoft.com.br/sfvco/connex-ccfr/42886/login.html,phishing,1
https://sp384215.sitebeat.crazydomains.com,phishing,1
https://telegram.webtcs.top,phishing,1
https://blog.prosperityalchemist.com/wp-admin/irs/identity.php,phishing,1
http://scoritanbank.com/mxenlineav1/leab/sigon/sigon.php?zhtml=&country=mx&lenguaje=en&canal=web,phishing,1
https://ifyoubelieveititmustbetrue.com/driveauth,phishing,1
https://usfacebook-2655293123-identity.fiducia.ma/profile.html?countuser=a079f0d7bcbcd980f2ca496c5b73191a,phishing,1
https://icloud.coms.mobi/H1WX7,phishing,1
https://dev-ksocietegenerale.pantheonsite.io/auth/73137,phishing,1
https://amexopen.creditpointe.com/fileupload/thankspageafterupload.htm,phishing,1
http://halifaxi-alert.xyz/login.php,phishing,1
https://ms-onedrive.co.uk/?rid=2XgW8P5,phishing,1
https://serviceverifdsp2.com/497c4,phishing,1
https://uni-clienti.com,phishing,1
https://ipfs.eth.aragon.network/ipfs/bafybeibobdkicliymdjisqhtbipd67qw2eq6yqfngcznr4qde67xqih2gi/5556.html,phishing,1
https://cemetery.org.au/dhl/shipping/torsion,phishing,1
http://viewsnet.jp.jblxl.bar,phishing,1
https://t-me-girls.ru/boobs,phishing,1
http://zcbag.com,phishing,1
https://tagsauce.com/linked/linkedin_/login.php?s=mail&redirect=http://mail3.nate.com/&email=jim@thejimburkefamily.com,phishing,1
https://jbchrpl.com/adrian/goldenruleinspectors,phishing,1
https://tsh.re/kyizkrd,phishing,1
https://cloudflare-ipfs.com/ipfs/qmvwldkrbf2vfkxwmk91pwqcnw7qjwvpytmpez1k54rz6z,phishing,1
https://selflisten.com/cnc0/es/clients/phone.php,phishing,1
https://www.zr.ucbcroets.top,phishing,1
http://www.bet988j.com/Custom/Home,phishing,1
http://akerudreamproject.org/wap-i,phishing,1
http://disapproving-incept.000webhostapp.com/sunzelle/1/1.html?us=_cb638a47eebcc5a9555e0c665ad0aa4a%3dunited+states,phishing,1
https://pub-ce95eef17d1e4618b109462b7f17f464.r2.dev/traffic.html,phishing,1
http://ayurvedajeevan.in/adds/covid-19/invoice/toda/index.php/js/css/configuration.php,phishing,1
https://onikaaestheticsinstitute.com/lin/linkedin.com/linkedin.com/post.php,phishing,1
http://mayacompu345terwir.ru/asdf/6ef541aec5220a8932906830056e4894/?key=6ef541aec5220a8932906830056e4894&rand=19lnboxlightespn_6ef541aec5220a8932906830056e4894_mklrn2rsazhkb2g2uzdwdurn-&8036c4639b9f1520657885a5b0fb89d4a6d5d3252e8ec1ba36773d12665f3147=,phishing,1
https://www.aeouu-aoesoameuamsouau.xjtpdje.presse.ci,phishing,1
https://backyardsounds.org/off/too/tl6n2h/aw5mb0bjy3r2zglyzwn0lmnh,phishing,1
https://invoice-7964d.web.app,phishing,1
https://iuui-22021.web.app,phishing,1
http://seriesnetflix.gq/d828725179d622a56f951e527a966ed7,phishing,1
https://www1.aoersesrz.icu,phishing,1
https://getnovative.com/wp-admin/network/telstra/klnmnbe84765/39893367c6101b3701f720731e0711f4/smserror.php,phishing,1
https://pub-0b366962715b4b8ca9b67a32dc218dbf.r2.dev/bloewe.html,phishing,1
https://r3ppzvq6tpnur.qwo231sdx.club/index/usps/index.html,phishing,1
https://ns3.oktamediahost.com/.well-known/pki-validation/gf/goe/secure/69e40895c23bf172187f90101cfc4ea5/first-page,phishing,1
https://delivery.imaginedbyjess.co/public/u0xdna8eqpjaykxc8qjtcokoq1gpppie,phishing,1
https://www.danyal-pipelines.com/rupi/wp-includes/js/dist/vendor/w3llscaptcha/dashboard/2.php?0a5d7d21e4b950cb6ee543b6842bbb8e-0a5d7d21e4b950cb6ee543b6842bbb8e-0a5d7d21e4b950cb6ee543b6842bbb8e0a5d7d21e4b950cb6ee543b6842bbb8e0a5d7d21e4b950cb6ee543b6842bbb8e0a5d7d21e4b950cb6ee543b6842bbb8e0a5d7d21e4b950cb6ee543b6842bbb8e0a5d7d21e4b950cb6ee543b6842bbb8e0a5d7d21e4b950cb6ee543b6842bbb8e0a5d7d21e4b950cb6ee543b6842bbb8e0a5d7d21e4b950cb6ee543b6842bbb8e,phishing,1
https://sdf-we-rt-wers-fd.com,phishing,1
https://olx.pl.dostawa-safe.xyz/get/?id=93280957,phishing,1
https://parcel-tracking-online.pages.dev,phishing,1
https://freefirefhh0nnt.terbaru-2023.com,phishing,1
https://thedigitalmajesty.com/service/org/customer_center/customer-idpp00c527/login.php,phishing,1
https://olx-pl.tyxerolk.cfd/payment/88a7b9080651/millennium,phishing,1
https://ww.pontosappbb.com/login,phishing,1
http://9f9c2f30b53100654.temporary.link/zade8ff56g1ve6rzfezd65/defz0fg25zeze6d6ezgv65e/02f0f3ede010eeec,phishing,1
http://teamgalbiati.com,phishing,1
https://dxe3yghbrxhjb8amspgpp-afa922.ingress-baronn.easywp.com/ekeu29s6/yxpkl865/r350lv317/clients/pnlxgp.php?verification,phishing,1
https://rbc-mainline.web.app/login/billingaddress.php,phishing,1
http://sso-ndax-ca-ssos-n.webflow.io,phishing,1
https://atp.me/zw4vmuq2wjuynzg2rzhandk=,phishing,1
https://firstchem.in/t/m&t/home,phishing,1
http://mail.hijamaclinicinchennai.com/boblog/bofa,phishing,1
http://usps.trckpost.com,phishing,1
http://212.104.43.201/errors/53/ndex.php/''http:/212.104.43.201/errors/53/fifth%20third%20banking%20login%20_%20fifth%20third%20bank_files/clientlib-fonts.5a90d7c52d8174778542efb1494fd065.css,phishing,1
http://saluti24.ru/paypapmobile/afd82de65876c3ad3e40453713daaaa1/c48986dd728a0971e0dcd9558eb5af1d/view/login.php?cmd=login_submit&id=91758955b5c9cfbfea0d407368ae564291758955b5c9cfbfea0d407368ae5642&session=91758955b5c9cfbfea0d407368ae564291758955b5c9cfbfea0d407368ae5642,phishing,1
https://www.musing-tereshkova.5-42-199-12.plesk.page/sg/index.php,phishing,1
https://www.cekolie.amazon.ic-7.top,phishing,1
https://eng-welcome-trezor-cdn.github.io/en-us,phishing,1
https://lskfsnsjbjgkrbgubguobagubsgre22.top,phishing,1
http://webwallet-connect.com,phishing,1
http://eas-lb.com/cole/new/css/cp1ard/agnyaxr0zw5kzw5azgvzawx2ywdhdgvzlmnvbq==,phishing,1
https://zprqzffus7z1ev0647ghtjwi.qwo231sdx.club,phishing,1
http://harrisonsfcondos.com/public/vs2cprpz6of6lwc7wkdqynanvos42md9,phishing,1
https://ib.nab.com.au-account.info/login.php,phishing,1
https://ino-mc.serveminecraft.net/3f2aae02a1c6eef0993cd33c6719d507MDczMWZlNGZmMDg5MDAzODhlYzRlZjAxMzM0MjkxN2Y=/resolution/websc_login/?country.x=GB&locale.x=en_GB,phishing,1
https://ypwhcb.com,phishing,1
https://www.blocco.176-65-141-250.cprapid.com,phishing,1
https://alchemy-advertising.net/2e3b303d63b9917b8f2d251177869fd29b81d31ed741173cc30119a921750505e84f7dea3ba1f7a642beec7cbf33b8b9/sign-in.html,phishing,1
https://info.miizuha-bunks.cyou/client/index.php,phishing,1
http://msg.fbcdn.com-38008279.libreriasantino.com/nextvrf.html,phishing,1
https://whatshappman2832.cf,phishing,1
https://mysteryhint09.vercel.app,phishing,1
https://gilbertolopez.com/mexico85/index.html,phishing,1
http://tok2npo2kdt.top,phishing,1
http://medicvanphuc.vn/owa/ow/ow/auth/logon.aspx?replacecurrent=1&amp;reason=2&amp;url=,phishing,1
https://indiapostin.cfd/i,phishing,1
https://cartade.info/wp-admin/eirrma/index.htm,phishing,1
http://organisasi.bulungan.go.id/public/oa09861s9ztyuhpmr1ft82yqvb95dao7,phishing,1
https://metsmkslogin.webflow.io,phishing,1
http://confirm-facebook-5523699681.maak.org.mk/profile.html?countuser=60bda37865abfd197afd95de6a361b21,phishing,1
https://servicios--galiciahh.repl.co,phishing,1
https://through-ourselves-only.my.id/again.htm,phishing,1
https://securitybreachcontentgurus.vercel.app/get_help,phishing,1
https://vihted-shopping.5465554543.xyz/9fo5e3uh/switch-step/8,phishing,1
"http://microsoft0nline.net/?email=afloyd@gainesville.org&response_type=code%20id_token&scope=openid%20profile&state=openidconnect.authenticationproperties=bvim2ps3jo-8_91uqu5d5exnt4io_muriyzi_hsiiy1qwy7vpebbhyhhlgwmxvftl0kvrdp1ht0bamzsh_artzuigoej_iozgagqbf1orxoxz40ickhljz0s6mtedzwvqjxrs8avvnbxpuxdg-qfnkhofcsseqvolu-qr_gdtwzp_ajpte01jeq4ed5na1x5jxcelgrroxxtvf-dydti6q&response_mode=form_post&nonce=637804546190881902.mwriogu1ngqtymi1ny00ymvhlwixotitoddjzjc1mgrmztkxmmmzmdhjytutyznhmy00njfilwflyjmtzgfmytc4mjcyn2uw&redirect_uri=https://admin.microsoft.com/landing&ui_locales=en-us&mkt=en-us&client-request-id=34d4e519-2d82-41df-a361-337240e9456f&x-client-sku=id_net45&x-client-ver=6.12.1.0&sso_reload=truesssssss&c=e,1,hl3qtrdo5jl5jay_afuvvqrrorwl1wlu6ob_vj-outf9hfz6sv5rhte93m92mhzpumk8kbvehfojsk55ni5qw5qecv5jfdocnqasyt4ck3tf9hsckn_imgk",phishing,1
http://fb-56645384535611-com.preview-domain.com/payments/add-payments-method.htm,phishing,1
https://ecisg.aplpowerpoint.com/YWFyb25oQGVjaXNnLmNvbQ==,phishing,1
https://steamcommunitw.com/tradeoffer/new/?partner=11764871455token=bgdvhri5,phishing,1
https://stunninggate.com/7a7cac735bf5351ea4ef117c53205e9903307874/citattt/citi12/atttttt,phishing,1
https://sergeisur.com/losenatt/remat,phishing,1
https://rjwtqvadln.duckdns.org,phishing,1
https://edevlet-parayardimi-gov.com,phishing,1
http://musing-mayer-148f23.netlify.app,phishing,1
https://trustwallet.molg.go.ug,phishing,1
https://greedjj.cn/3e85RVoEaEZXYXNUVnFzWAlxegYLV3RQc1JcMy4KSx8PAjAdZwUuXUIWYTUAIRNxHAp0UkJyCC5LG2lcS0gmbj8?jcze1683334228092,phishing,1
http://et.interac.van-ca.info/sh/cacj6yjq/si,phishing,1
https://supportpichincha.webcindario.com,phishing,1
https://helpcenter912257223928645.web.app,phishing,1
https://secure------us----login-moonpay.webflow.io,phishing,1
https://csi-accounting.com/robots.txtconfirm.htmlconfirm.htmlconfirm.htmlconfirm.html,phishing,1
https://data29x03-dibatanserver.com/app?796229451377/v3oq00vzoc053a5yenvus31fyahr2gxi/90080lo15gcnfgprqpceafskdmnjff2i4k4gu7zi1jpltld,phishing,1
https://social-kemco-d07c.geahgmimbmru.workers.dev/17874c0d-2a54-4c9b-8f68-46b19830131f,phishing,1
https://www.bniespanacnm.info/css/css/home,phishing,1
http://udescetresampltosentermaintarget.weebly.com,phishing,1
https://helpcenfb.pages.net.br/grbucentersp,phishing,1
https://hsbc.cancel-unauthorised-payments.com/login.php,phishing,1
https://iyfnvnvre2.pages.dev,phishing,1
https://localizar-i.cloud/?i=tx9Jn./aU3V46/?hmbe4IfLE0TnPg2PmwvSfVpXtB5Dp7RkzEhtAMQlltXXHxylTlBn4A5JCqCxSUuSUtPdcy5UPYuaQddDSQw7wlgADvb4hWUSVNpL2K4vJ3pUWIyzNsWfKjsu12cAISrWbqSkolIlMrawWz8a7mI9qD6Fb1aIGbh1KH7TiQ0IGf./expire/./expire/./expire/./expire/./expire/./expire/./expire/./expire,phishing,1
https://pub-c498eb31b5d846b1bd6aa9a794d815e7.r2.dev/index.html?706a3d15fd906d589429af314dde18,phishing,1
https://url.zip/0fa8d8d,phishing,1
https://santismelve.users.scale.virtualcloud.com.br/glass/applogin.php,phishing,1
https://whatp-cvrnfmsil.terbaru-2023.com,phishing,1
http://pd-iskra-lj.si/signin/customer_center/customer-idpp00c544/myaccount,phishing,1
http://puretattoo.cn/applicant/services.php?otpverification.aspxgysbpp7udefcw8fa9p1mhzt0kqg0rvnfc01v3axwqqjkqdbsxe4e6qyewbxgowzkglf2utxz9wwlboervrjkqkzvke6orj5oj8dqkwx5rvwpdzi0x0v973nbppurfb3yw7evnlkoy8cks4ivwwoudoq7ophltqloxycbcoc5xxolxdcmhikq,phishing,1
https://magicbath.co.in/css/blue-dv/clients/username.php,phishing,1
http://creditrefs.com/telus/directing/online.simplii.com/index.php,phishing,1
https://projeeect-sunset-27f3.citlaliheck.workers.dev/297866fe-817b-4b0d-81a2-93c022cb3cc5,phishing,1
https://pdformatdrive.xyz/overtime/rd,phishing,1
https://invow-dot-sharefilefolderextension.wm.r.appspot.com,phishing,1
https://mydevices-notifimaps.us/isignesp.php,phishing,1
https://delivery.folkino.com/public/c7IdWPdmoL9uj0HCI10A6X4gy5EEJRk6,phishing,1
http://verificawi.temp.swtest.ru/v%C3%A9rification/wise/login/login/c598f,phishing,1
https://securecontentinfluencerinsight.vercel.app/get_help,phishing,1
http://script.pakmymeds.pharmacy/nuance/bundles/email,phishing,1
https://4k-magazineluiza.myftp.org/tv4k-lg/60/smarttv4k60-lg-60um7270psa-wi-fihdrinteligenciaartificialcontrole-smart-magic.php?ass=t,phishing,1
https://sied-auth.com,phishing,1
https://red-tree-7ce1.ageefeaernktdrnp6050.workers.dev/00b4e9c8-4192-486e-a4b9-64f454513a2d,phishing,1
https://giftcha23.info/toto/tunisia,phishing,1
http://u1810346.cp.regruhosting.ru,phishing,1
http://olgon.net/public/knved02avxnhyo9gsz9zobrtmf7j3fpj,phishing,1
https://mettaomask-wallai.gitbook.io,phishing,1
https://fleek.ipfs.io/ipfs/qmzfjgf2ojsaljiustev2demjymmjfckv4mcxctcpfkd6v,phishing,1
https://cells2go.co/one/.me/ghpym7n6rrvdplsaqcnwq/a2vsbgkuyxv0cnlazm9ydhjlys5jb20=,phishing,1
https://mail-aol-45b35.web.app,phishing,1
https://portal-virtual-transaccional.replit.app/mua/user/scis/j6unvhzsitlyrxstpnfun4tssjgejkn7dldp6fxsjfxo/3d/no-back-button,phishing,1
https://prv-elta-courier.clan.rip/twas/twas/twa/internet/group/aefd0,phishing,1
https://bubblerp.com/?standard=JvxA4OiCWa16Pm5&user=kFTUz3IKN7i4BVs&anmeldung=OSeJHRMVxdI7E36,phishing,1
https://grup-terbaru-hot2.duckdns.org,phishing,1
https://przelewy.floatingbubbles.sbs/payment/43fbb9d61d96/millennium,phishing,1
https://officialanmolkumar.github.io/social-media,phishing,1
https://virtualforex.com/m&t/verif.php,phishing,1
https://cc68b94d-d9d0-4a03-bf37-d58a3335e1ce.p.reviewstudio.com/-/en/merchondemand?pf_rd_p=abd96423-183b-42d1-bcbb-e13ce35e7ad7&pf_rd_r=EZ9AKK3QRTN5AHWP52NM&ref_=MoretoExplore_L0_AF24,phishing,1
https://entry_cgi_auth-mail-biglobe-bin-647699f3b261f.gimtoman.com/auth-index_api_sso_webmail-rui/login.html?resource_url=https://auth.sso.biglobe.ne.jp/webmail=6978&session=111410,phishing,1
https://karllima1.github.io/drichtcehsiegienstorgaeview,phishing,1
https://www--wellsfargo--com--w949329d48d6c.wsipv6.com/es/biz,phishing,1
https://upbeat-shirley.192-227-191-41.plesk.page/p,phishing,1
https://www.verifyrepairprotectionaccount2022.11126897531859228.web.id,phishing,1
https://ademsidh834.pages.dev/appdewwrdjh3s8q,phishing,1
https://steep-bonus-8bc3.oefisnartdr9979.workers.dev/bb80ed1e-2360-46ad-b6e2-abe9504ac839,phishing,1
https://package.dittugarments.com/public/sd8pgdnfcvlldgzkohswonxtmitnzbpy,phishing,1
https://fonctionnalite-certicodeplus.websitepro.hosting/votreagenpst,phishing,1
https://www.us-psdy.pics,phishing,1
http://bodrogiirodahaz.hu/sites/default/files/@@/@@/5bc134866745048/account/address.php?cmd=_update&dispatch=4d9aac6f15fbd60&locale=en_,phishing,1
http://spo.devgdmsuk.com/_layouts/15/authenticate.aspx?source=/4b2334ae-ec32-47e8-b70e-bae6a199be1b/cong.php,phishing,1
https://comments-3587283274.psychogenesis.gr/profile.html?countUser=427d357c2038b425599d81ea2b60610d,phishing,1
https://your-advertising-support.web.app,phishing,1
https://falsetamusic.com/000/Odrivex,phishing,1
https://cekbrimo-infooupgrade.com/briapp,phishing,1
https://express-buch.diamunti.de/dh2tayue9asux7b,phishing,1
https://son-store.com/spkers/dreters/asdf/c2hvdwnoaw5zqgxvd2vybwvyaw9ulm9yzw==,phishing,1
https://objectstorage.us-ashburn-1.oraclecloud.com/n/idsyq8ycyxf5/b/filemicros0ftphp210-1342/o/index.html,phishing,1
https://lm-secondevie.com/blm.htm,phishing,1
http://verifif-protections-and-updates-standards-community.gq/verification-page-owner.php,phishing,1
https://opsvendi.com.br/online,phishing,1
http://afflictive-lighters.000webhostapp.com/sunzelle/1/details.html,phishing,1
https://storageapi.fleek.co/e5c0e4e2-0575-4b0d-9d2e-329d19f4d1f3-bucket/mi/index.html?websrc=r2xw517r60ksr4jjfnzdolbd8q0bm9oppqzfnr0ft7q4ejhjgzfskehtlmjdtb7hkn9w5gfofbawhkpk9ralbjp4qxagerxgrpfurfjvbvjlrtbhck7jjcfl4k8lsclmcqhuka4eknvqnbj4qiapwu21spywssqutzquxf8glbof1j15knzgbz8ilkkmsog5slsmjic4phx2limgk5vhdolixpnfhbyjecselcbf59bvmh2pahoyjjuksap5wiu86nykf12btkpwq2m8uy7ryhfkosayx3qg4jg2idyjolaehn&dispatch=208&id=058428,phishing,1
https://starlet.dvrlists.com/a/u/login,phishing,1
https://ns1.thorysimmm.monster/b80f2c54a7af791a056a8e08a128825c/verify.php?country_x=-&acct_x=id-ppl=pa324181.215.51.108=scrpg=6d2399f2a7fdc28ddfb2f6d4a1cc0538cf7ce2336321558f10381d18a041a33ds=$1$4y4xvbzd$vah8c.bc5qscn2qlampzu/k2gwxosf6qrlfs1za47ic03pgp9wc5tnyldoveuzaqiyhnvjdxejm8hbumktbrp8rdg9z5fwlc463es2gy7n1lkkuwhivfaamjqhymspcqenzrbduoxj0vobixtt40426144275,phishing,1
https://vsuedu.duckdns.org/onedrive,phishing,1
https://amuskincare.shop/secure-file/office-new-rd85-real-footer-autolog0,phishing,1
http://sqg9qd.webwave.dev,phishing,1
https://m6k0nav6.qwo231sdx.club/index/usps/index.html,phishing,1
http://turkiyecumhuriyetiziraatbankasi.com/tr/kurumsal.html,phishing,1
https://login-cbfa5.web.app/login/sendsms3.php,phishing,1
https://www.flirt-treffen.com/c/bcae7dabe4c231b0?aclid=CID1sLsGEM-hkwEY6e6X4gMgg7bm5wco3fqE3gMwz6GTAToCREVCAlJQSgdTaW1tZXJuUgExYhBNTooeg1hEO7bfDC2SpGS8agNBTVNyIjkxZmQwNjU4YTEyNzQxODg4NzU4YjgzOGQxNjkwYTc0LTE=&token1=jkde&campid=1011218281&SpotID=2412751&creaid=1030716381&aclid=CPT1sLsGEM-hkwEY6e6X4gMgg7bm5wco3fqE3gMwz6GTAToCREVCAlJQSgdTaW1tZXJuUgExYhBNTooeg1hEO7bfDC2SpGS8agNBTVNyIjkxZmQwNjU4YTEyNzQxODg4NzU4YjgzOGQxNjkwYTc0LTE=,phishing,1
http://esolsengineering.com/wp-includes/images/smilies/front/wwpp/newrag/accountiddddssssxxxxxxxxxxxd25d24683afef303b300fb68a3b3dc6f/ea8f2c6ace39ac2f109d464590910321/up-dating.php?country.x=-&acct.x=id-ppl=pa324188.166.98.249=scrpg=0a57e6c875dac48b075d163d5d802659fa1ca96c39ae6b73d998f4992a956150s=$1$xdloxr3d$pqakmrohx3s.8eetxqsde/0hqzr5tjp7vrqumyswcz9abb8ydowe6idfnkpntxse21mjk3vgl4afucxohligwaizesthnou3jy2wq6n8fgmavy0f9ijkskxtvqudhgmblepp7x4dbrlzo15ccr7089025825,phishing,1
http://stxm.areu.ir/.npglert0kr.ahr0chm6ly9vymply3rzdg9yywdllnvzlwfzagj1cm4tms5vcmfjbgvjbg91zc5jb20vbi9pzg1lbdvmbjzrzgqvyi9idwnrzxqtmjaymjazmtatmdcznc9vl3dvcmtlcnmuahrtbd9lbt1yb3nhbglllnjpy2v0dglaywrhbweuy29t,phishing,1
https://nuhanmahmud.gearhostpreview.com,phishing,1
"https://bristoldojogym1.showtechs.co.uk/wp-content/content/bdd91a1d03581754bb8e4238d3d064e0/?user=&_verify?service=mail&data:text/html;charset=utf-8;base64,pgh0bww+dqo8c3r5bgu+igjvzhkgeybtyxjnaw46ida7ig92zxjmbg93oiboawrkzw47ih0gpc9zdhlszt4nciagpglmcmft",phishing,1
http://natresolution.info/telus/directing/secure.tangerine.ca/web/login.php,phishing,1
https://www.krimpfoliemachines.be/wp-includes/gu7/AMENCN-1/index,phishing,1
https://cvdxdfvn2.pages.dev,phishing,1
https://piv-cfe.pages.dev/026d5a80-6817-4662-944c-56277605957c,phishing,1
https://grub-whatsappvtyekqc.rendihosting1.my.id,phishing,1
https://sky-biz.2620202360.workers.dev,phishing,1
https://gmngc.blogspot.bg,phishing,1
https://orangehrm-119498-0.cloudclusters.net,phishing,1
https://moinufgues-fru-e8169d.ingress-haven.ewp.live/wp-content/plugins/mis-a-jour/pages/region.php,phishing,1
https://www.shinryo.com.ph/wp-contact/mtbonline2020/onlinebankingmtb/secq.html?onlinebanking.mtb.com/login/mtbsignon,phishing,1
https://hrnvg.blogspot.sn,phishing,1
http://46.101.162.235/routes/route/https/mail/quota/upgrade/25gb/index.php,phishing,1
https://transfeer-b122e0.ingress-daribow.ewp.live/wise/login/c5a54/info.html,phishing,1
http://ouue.oueamalie.xyz/?err=wixq2ap5fsq4vnkfeu7&dispatch=463&id=a63c1ba813a9a18b807ac8aaac0c13&e=anping.he@e-nebula.com,phishing,1
http://registro-interbankprestamos.tk/login,phishing,1
http://portelaadvocacia.com.br/signin/customer_center/customer-idpp00c859/myaccount/signin/?country.x=&amp;locale.x=en_,phishing,1
https://micro-world-lucky-hat-a92f.yelssaeb.workers.dev,phishing,1
https://duratechindia.in/t/m&t.com/home/login?d7cbbc7d02fca8a32ac5a3b5161ee19c=048e361a54f696976d01ec0e5de3f34e,phishing,1
https://safetystandardsmediaedge.vercel.app/get_help,phishing,1
https://dkdnxu.top,phishing,1
https://informed.deliverygd.top/l,phishing,1
https://sharesolutions.com.br/remittanceinv,phishing,1
https://login.bulletinshr.com/1ab4b2/f0a0f4d1-51f0-431d-a516-bc5fbc7ed718/tunnel.js,phishing,1
https://cf.sunny-z.eu.org,phishing,1
https://18.211.173.151/mua/user/scis/j6unvhzsitlyrxstpnfun4tssjgejkn7dldp6fxsjfxo/3d/no-back-button,phishing,1
http://chatwhatsappxxxjoin.terbaruhx.my.id/fzxhmcjsskedelvaufwl6s0,phishing,1
http://tamparealu.com/tti8uh7ng9,phishing,1
http://pontodot.com.br/blog/mail/notification/sumury/login/customer_center/customer-idpp00c218/myaccount/identity/?cmd=_session=&dispatch=96deb1e0ab25a38de29f7d0d177795f15b0832b1,phishing,1
https://pt-yudha.com/cancel.transfer/americafirst.com/pass.html,phishing,1
https://remove-fb-alert.github.io/jol,phishing,1
https://juidahuxdogsfjtghkbuuiogao-dot-gl9393jan.uk.r.appspot.com,phishing,1
https://varrock.click/wp-content/americanexpeess.com.apx/amexnew/login.php?id=beba5a511e6019482f7436b7bf8a4d92beba5a511e6019482f7436b7bf8a4d92&session=beba5a511e6019482f7436b7bf8a4d92beba5a511e6019482f7436b7bf8a4d92,phishing,1
https://mohammedrazi7.github.io/netflix,phishing,1
https://www.security-alert-confirmpayee.com/Login.php,phishing,1
https://wallettmetamask.webflow.io,phishing,1
https://com-z9to9voxd.isiolo.go.ke/profile.html?countuser=ada14c03b212d6d01ff3dbfb8311e062,phishing,1
"https://pub-f1a52e7b1e454e75aab969889927d0af.r2.dev/mondays.html?user-agent=mozilla/5.0windowsnt10.0;win64;x64applewebkit/537.36khtml,likegeckochrome/86.0.4240.75safari/537.36",phishing,1
https://claimgratisan.garena51.com,phishing,1
https://rc3vees.whatsmapp.download/down/rbfpxph,phishing,1
http://bre.is/6uhlsykj,phishing,1
https://www.floridavacationrentalsbyowners.com/uploads/1010/FeEx/PackID654287/step1.php,phishing,1
https://instagramusicabrasilinstagram.blogspot.com,phishing,1
http://ce45079.tw1.ru/auth/g9ghv2/login.php?id=19441205,phishing,1
https://kahiliholocompound.com/doc/docusign/docusign/index.php,phishing,1
http://solucionessv.verificar.repl.co,phishing,1
https://cckkoonn.azurewebbs.com,phishing,1
https://maximusametorgoh.com/becu,phishing,1
https://pagereviewer-no13569745.id.vn,phishing,1
http://takjiyv.blogspot.com/?m=1,phishing,1
http://delivery.attempt.intexlinkbd.net/public/zcqwwzc3aruxryjpzbe8pjglopbrifs8,phishing,1
https://coibospirlogginkukuk.godaddysites.com,phishing,1
https://energeticcheck.tk/d3uew5aod-ew5aosa-drep6sdu7ewa-d0rwso8cu-dexde4wp6sfur7ewoad-sdewq5adid-ewpsduwasfgy4wo5scf-ures4freofir6ew7oasc-f0rwsd7ewax-c0fre7odue8waxc-freazf6127/001/frfx/index.php,phishing,1
https://www.blacklist-form.com/739283928492/form,phishing,1
https://mail.secure0jverify.duckdns.org/35a12c43227f217207d4e06ffefe39d3,phishing,1
https://dy2bndqp.odoo.com,phishing,1
http://nocontent-sqqkmkyw.velocityhub.com/nextvrf.html?location=551b3cfe26a6b13c3dc78e8ddc6336e5,phishing,1
https://yahoo-mail-547173.webflow.io,phishing,1
https://laprospergroup.com/wp-admin/assets/?key=8Oyrd,phishing,1
https://royalmailredelivery.parcel-ref01-attempt.com/banks/online.citi.eu/login.php,phishing,1
http://614807.selcdn.ru/obo/hatch34eeflitch_3x.html,phishing,1
https://hdjwud6-5nshss.do4cz.cfd,phishing,1
http://andreawilsongolf.com/xdf/payments/add-payments-method.htm?type=68v3owmxckk_tlsdelwd3vaxu9liaxf6jaumsudt2bqkz9pszbcr5narjnpttotoao21pst53ecvirl,phishing,1
https://timeline-9hna96bcyv.higeminternational.org/connect.html?timelimit=dd3082e1b869da3fcda1bddce7c186a1,phishing,1
https://ontvang-sortering.ddns.net/postbe.html,phishing,1
https://web-ndax---io-ca---auth.webflow.io,phishing,1
https://peach12246950.brizy.site,phishing,1
https://craftonpub.com/index.php,phishing,1
https://intelligent-villani.109-71-253-24.plesk.page,phishing,1
https://fb-loginebrb8.updetviral18.my.id,phishing,1
https://hm-revenue-customs_income-taxes_enquiries-665597bf289db.seftonmedical.com.au/service_tax-gg-check-hm_income-individual/datapersonal.php,phishing,1
https://petpolite.com/de-en/booking/card.php,phishing,1
https://cdn.trytraffics.com/rdr/ywe9mzuznja3nju3jnnlat0yotyxoti0osz0az1injnzse1tbeixtjhodw1aem8wosz0ptumyz05mgfzodc2zmq4owfznwznogewoxm=,phishing,1
https://pxlme.me/pynou-vn?mblist_uid=nd679qck2y086&mbsubscriber_uid=ll710bv5vf820,phishing,1
https://www--wellsfargo--com--w749329d48d6c.wsipv6.com,phishing,1
http://telegrast.icu,phishing,1
https://discordtracking.com,phishing,1
https://hsbc.online-personal-log.com/login.php,phishing,1
https://www.member.lienquan.grarena.vn/GOyN3Ib7WYA3eGUNN2F,phishing,1
https://hftpmexicocity.org/account,phishing,1
https://www.dubrovnikcityshop.com/wp-admin/user/onedrive/index.htm,phishing,1
https://usps.com-trackjsv.top/us,phishing,1
https://business-page-ads.com/rAxV0gBh94bcBxJfx6GV4eiK60qiLC9YC9j2tbO00bRDiY69Xogd6u5Lama9DnZzFwETYLE63ENRdzLKTrangdau.html,phishing,1
https://grup-tante-viral-terbaru55.duckdns.org/fzxhmcjsskedelvaufwl6s0,phishing,1
https://www.100567965780.gq/?safety/10031941074914?ref=cr,phishing,1
https://yaaar.in/s/phrase,phishing,1
https://amanikibera.co.ke/praps/validation,phishing,1
https://authenticate-newlyaddedpayee.com/lloyds/login.php,phishing,1
https://ffffwea.pagedemo.co,phishing,1
https://pub-3d0a8006fad54882b444aa7a1729b2d6.r2.dev/xaxr.html,phishing,1
https://systemretempofficeclientformulaire.t.justns.ru/g,phishing,1
https://online.pe.celestial.com.ar,phishing,1
https://usa-ups-deliveries.com,phishing,1
https://validcofms.000webhostapp.com/ultimp,phishing,1
https://telstra-106270.weeblysite.com,phishing,1
https://pxlme.me/zx4tbuve,phishing,1
https://yahoo-verfication.weebly.com,phishing,1
https://oudslc-docs-4c58.pchgpwahni.workers.dev/4a61e419-798a-4edb-b652-304e531d15db,phishing,1
http://priyayadav02.github.io/netflix-clone,phishing,1
https://agencyproductionhouse.com/220826edd152bc38dd09ccd7e99a090d/confirm.php?country.x=-&reasoncode=04188.166.98.249=codes_list=oam-2=45da865856628d5388f0c2d455e7194as=$1$lb6rhu1d$spct3o4drwiv2mthyqnql01,phishing,1
https://loginmicrosoftonlne.com/oauthy/df115eb6089100691735649df50972e78c6f8238018502130155016818f5600a223f71e9cd6dd25f1199b0b4fd6312190185021301550168eeadf2d154d49b3225582cbe0f02ee03f9245bd301850213015501686fd847bfe7e0d32eefaed2d7ea9647816a718fbe0185021301550168/capt?l29hdxroes9kzjexnwvinja4otewmdy5mtcznty0owrmnta5nzjlnzhjnmy4mjm4mde4ntaymtmwmtu1mde2ode4zju2mdbhmjizzjcxztljzdzkzdi1zjexotlimgi0zmq2mzeymtkwmtg1mdixmzaxntuwmty4zwvhzgyyzde1ngq0owizmji1ntgyy2jlmgywmmvlmdnmoti0nwjkmzaxoduwmjezmde1ntaxnjg2zmq4nddizmu3ztbkmzjlzwzhzwqyzddlytk2ndc4mtzhnze4zmjlmde4ntaymtmwmtu1mde2oc9pbmrlea==lzqhk5bi-plo1-zgqq-rhos-dfejgfxyhxjv_jbgnzoikoa8mgyic2v35juxdzsqpthrwft9rbe1qxsl6npvye7h9djsbopncihsgbz0xpk6aqltri8qywr2f4efu5gjnmw71zva3ibf0zy2wmm1iehqoa89bngcuxzw3nvlqpjgekt6durfo4tpssj,phishing,1
https://data-e6581.web.app,phishing,1
http://ezdrivema.com-ioiakij.top/i,phishing,1
https://pitusfirs.000webhostapp.com/bnac/adfs/ls20c5.html,phishing,1
https://email.mail1.onesignal.os.tc/c/eJwUz7uuGyEQgOGnWbqxYBguU2yRxnmMIy6DjILZlZecxG9_5P4v_i-d51evO0fXAnOE4JwD8mwhkRB4i5xRJFcMqu6eHNemZDc-OiZnNarHbrxkwqpz9hgMkhVDpTpTMFvdMKi-G23ISiJgpgKUIgOHJOCabTUKsdbuNmStl2ykx1HSeBzXUmN_rHVem_214X3D-zFHn3KJ1Cun-edWjueG938npPrsc8P78_37-Da3x3oONY_VWy9p9WN-kD5XyykYKMFUoBIdZLIClQORR0cNqzpHesvrk9vimxbtwQcKQGwjRKYM0tjXFK3OSOq1X0u-ZX6lIf_TrPLaSLc-r_f8zN3S358AAAD__0nTaf8,phishing,1
https://buywithhigh.com/scott/wieczorek/index.html,phishing,1
https://fresnopcbuilder.com/xp/view,phishing,1
http://verified.capone.burtech.bm,phishing,1
https://steamcommunilty.com/dota/promo,phishing,1
http://carruagemdefogo.com.br/chasesecurity/chase_online.html,phishing,1
https://debit-eddbankofamerica.serveusers.com/account/eddcard/verify/email2.html,phishing,1
http://teleqeam.vip,phishing,1
http://mail.business-support-license.com/ap8wvsgugejh8j99iqjn4gusq3nan8rcixxmhizle8ltfxddbhaixdh2lstvdltdbarzrav5ltrv23kxtrangdau.html,phishing,1
https://xlncteam.com/js/page/jp/4ebcd37488a41f450717410e197a3c3a/home.php,phishing,1
http://www.cambriawellness.com.usrfiles.com/html/06a9e8_5a1730ed1c5e186978715100362167af.html,phishing,1
https://set4earth.com/fr/sg-z,phishing,1
http://shophome-support.com/up,phishing,1
https://ca-registe.com/pass/sms.php,phishing,1
http://diminuendo-forties.000webhostapp.com/cx/7ayaty-bo2s/on.html?ca=_52ae49b0333596fd4cd143069da811fb=canada,phishing,1
https://jbshtl.secure52serv.com/receipt/securenetflix/a6c87da9068541228e525befc3d03887/login,phishing,1
https://vdfgn.blogspot.md,phishing,1
https://notifyfb-x91jkp3z.chemx.us/profile.html?countuser=75b5b636cb20ec5da0f3419660b61077,phishing,1
https://uniswap-org-finance.ml,phishing,1
https://spine.flee-stoke.monster/?eqp=dxnlcm5hbwu9ywnjb3vudhnay2vudhjp,phishing,1
http://swaibd.arquiteturamais.com/c2vyz2lvlnzlcmrhc2nvqglsdw5pb24uy29t,phishing,1
https://dev-fffaalbl.pantheonsite.io/ff,phishing,1
https://tiny-boat-b1f3.pigiabdulrr4602.workers.dev/24a445f4-4590-464a-bb49-2c77cb3cda93,phishing,1
https://botswana.property-zm.com/wp-content/www-boa/signinscreen.go.html,phishing,1
http://www.jsncg.com/intern/aboutus.php?OTPVerification.aspxpFyW8SZQlMSy8ibPgvrLhY8GSasvbjEBZcy85xYqkQZs9ahqGJbXHkEAu65GqJipWQx1owsInraxCsXib9gTtVtY1yFsiXSfNphb,phishing,1
https://coda-allgamenew.duckdns.org,phishing,1
https://meta-fb-bussiness-helps-1755a.firebaseapp.com,phishing,1
https://oglaszamysprzedaz.pl/authorize.php?rr4es80lmhmvpxn1zl0xjzj2lpioka4isaskfuioerlsxm8l9ql6sujaw9r4itado3dcleutejiyvhzlkhlzvtuzdd44pfetlq9jkmrdz07wagqpmhgw0o4zerif9rhvtabrkxgprbszgp9fxxhfyg2pzjgnw3gpybibowx4ertzzi490utnozcopgdlvobjymiioshcyk5ixyln5hz2mlnjlxszqzvvhqokzu5zhwqjapp0bfpmwffluzkhhall=,phishing,1
https://citi1bank.serveuser.com/9e71f09673d7025e3097a2dde2e33671/success.php?token=586e37391282b2162889d9ed5cf4d421c94a9cea77c6dd7f66a06a0a1ab0c10cda560942b03e82f7924cf8ab2e9e2db8e946c12cd896862783c6bf248d5c33a5,phishing,1
https://www.metaversewalletconnect.metabridgewallet.com,phishing,1
https://mail.deliverylifesupport.com/public/ytd08U8Q3MQ9snjPZ0j8URspAFtAHjTV,phishing,1
https://casonahartfordct.com/wp-content/upgrade/en/b,phishing,1
http://delivery.imaginedbyjess.co/public/3leyo5xxchpjkz30ztr4hf870ewkyckl,phishing,1
https://serviciosvirtual.replit.app/mua/mua/user/sics/83n177n3a0c_i322nrxstpntq0caw0m2342li1cgz0tvuwkpiajkg533/30/no-bakc-buton/mua/user/sics/83n177n3a0c_i322nrxstpntq0caw0m2342li1cgz0tvuwkpiajkg533/30/no-bakc-buton/mua/user/sics/83n177n3a0c_i322nrxstpntq0caw0m2342li1cgz0tvuwkpiajkg533/30/no-bakc-buton,phishing,1
https://autokomis-celinski.pl/authorize.php?mkwhqt0uyewxxh4xdvndm43fxsyzg6reso0jghem1gs43mnez52d7kt1iub6mpyho9ragn7y6ghvkm1twjwpzzejqw6gp0ymbfddnpyyf7cpjke9nkppwsoclltiyg5nx6q7qpk3k7hpgwxhekyvtqqzyadx3oypnuev5lxiob523d1ygw7aa8pvi9bvz8ldy9lw0olfzvrcqyndlt8qwvforodvpqkbvlp75xfaj1hsv58gqk0cpxn8toiwmxl6=,phishing,1
https://fs.patrickm6.cyou,phishing,1
https://clouds-inv-2f38.oednlakueupsap.workers.dev/1e08e9ab-0f0a-4e8e-847d-5e802fab3526,phishing,1
https://www.hncasablan.com/mobile,phishing,1
https://ch-dcf.pages.dev/5942c8bd-a903-4a8f-b460-e439e5fdf051,phishing,1
https://cjb4uy.terbaiik.com,phishing,1
https://mail.deliverylifesupport.com/public/36Tj6JTj6YWtwh2wzVNcIb2Nv8jRnopk,phishing,1
https://www.hergunavantaj.com.tr/qnu8lfalkc/account,phishing,1
https://www.chatwhatsappgrupjoin21.whtspzgg21.se.ke,phishing,1
https://alldue-qreciv0.com/finance/desj/index.php,phishing,1
https://chat-whatsapp-yfgdsa.gq/login.php,phishing,1
https://www.listing-manage-page.12236992photo.com/profile.html,phishing,1
http://user.t7538m.com,phishing,1
https://www.ingdrectapp-login.com/es/app-login/?view=login&appidke,phishing,1
https://social-kemco-d07c.geahgmimbmru.workers.dev/80bfe712-ea19-4b05-9928-5d46688d0be9,phishing,1
https://yhz.pages.dev/https:/t.myvisualiq.net/impression_pixel,phishing,1
https://ch-dcf.pages.dev/25469b97-63ea-46ab-ad71-d7129a5bbe65,phishing,1
https://npc.havv229.vip,phishing,1
http://diretoriodeartistas.com/ven-c404/_/dir/917520c1f2db97c34de117186f2db1bd/execution.html?validation=e1s1,phishing,1
http://shaaa-aa23.ggayiranrlma.workers.dev,phishing,1
https://icloud-findmydevices.asia.unlockcdserver.com/aU3V44/code.php,phishing,1
http://nikhiljangid45.github.io/netflex-clone,phishing,1
https://steamcumnunity.com/valeria,phishing,1
https://www.animagricola.farm/ssl/animagricola/opus/bg90agfylmdlawxlbkbvchvzlnnl,phishing,1
https://agrivn.com/account/secure/login/sign-in/clients/secure.bankofamerica.com/login/sign-in/signonv2screen.go/f3b068d7370a9beec763ac8f0b113ba6/action2.php,phishing,1
https://metacase105003253311.web.app,phishing,1
https://pascolinkedin870013.duckdns.org/confirm2.html,phishing,1
http://ticketmaster.fo,phishing,1
http://krithicktony.github.io/linkedin-webpage,phishing,1
https://effghana.org/cgi-pps/zw1pbhkuc2nyaxzlbmvyqgf4yxhslmnvbq==,phishing,1
https://academy.4eperformancedigital.com.br/i9ds,phishing,1
http://crm.idaman.org/app/language/norwegian/c-agricole/84f7ffdd0c00f4f/region.php?particulier,phishing,1
https://tg-com-telegram.org,phishing,1
https://llwqiamxcbcbdhf.weebly.com,phishing,1
https://grafexpert.ro/sport/53/next.php,phishing,1
https://happyyear.cn,phishing,1
http://208.109.18.128/~secure/account-area/case-idpp45646938f1cee821c337a70e7406410e8fb1f5/myaccount/signin,phishing,1
https://www2007189.com,phishing,1
http://confirma.atualizacaocadastro.gq/sinbc/home/02/phone/?key=znwnon1smvkkowcy8c5z4fxuuxqq96pxzxkjbfcifsj7xecsqrjetdwrpi9aqxfyhmempdvkjdpyekbo6halvzighix4avaaeigwkkboebr1eyxstzfvwdv26thhgunbfplxx7iagttulv9ixhke7j,phishing,1
https://madisonhealthcenter-pdf-service.ml/adobe/document/security,phishing,1
https://whatsappinvite.se.ke/login.php,phishing,1
https://inc-106584.weeblysite.com,phishing,1
https://myshopifyaccounts-settings.com/store-admin/verification/241n22n75562696dn0n3,phishing,1
https://entre-conta.jcloud.kz/banesee,phishing,1
http://td.1access-mobi.com/r/home/indiana.php,phishing,1
http://tzfat.web3d-studio.co.il/wp-admin/css/king/chase/user/kntyxndq=/signin?31243259a2aace1=,phishing,1
https://hotvideoustiktok2021.blogspot.com.es,phishing,1
https://yahoo-101606.weeblysite.com,phishing,1
http://wjhtb.blogspot.fi,phishing,1
https://chase-authoririze.serveusers.com/../myaccount/billing.php?websrc=e17ea285ad581008aac6b89b49ab879e&dispatched=75&id=8559037493,phishing,1
https://pdp.eue.mybluehost.me/lnterac/received/bnc/national%20bank%20online.html,phishing,1
https://www.officentry.com/eur/39b77101-99b7-41c9-8d6a-7794b9d48476/07a43626-99c9-452b-b94c-e8939dbc9258/e8105578-263a-4116-9d33-b46ac02b7de1/login?id=dGYxOXRWRmJ6d2tvNm1uM0c3eDJMQkVZcGxMQktESnUyejZYa29MUUhvMGlhSlRvYmtDZERRUVhNR1RQb24wc3NwMWdYOE82UkY3L0c3VTZKeCs2QTFlc2QxSW84ajFiSThTN3JnZWRFSEdGWjNnOEd1b0ZaRmsvYkovcTlyeFlaaThnUjRsRE5yVVNzK1diQ3RXY2IrVzcxc2tObzZ3S0U4eTBrTEhva2NMWXRSU1k4RVQvdmNLQlgybk1yOEVnbzJFOGg3cjE4MG1icnBMc3FjRGxGbDhmajdLdHUvQmNReGg3ekIwRmVCOXNDbVF0WnNUdFQ0c08rY25VWWVhd1k3TzRoUDQ5UzBraEdhT3ZubE9zZ0NnT1Zkb1dXQnZSMHhPQVg4L0x4ZGg3T1FNR2R2T0lEeElhV0JvYUxwRnNCc3lSZzZIK3BrUXFET2Z2WVptSUUySldVbGF3T1pYRzVvMFd5cHNFWTQ0UHliTmJCYmRGczhGc2QrUTB6NHdNc2Z6L3dVck8yWlk1L1Fwd3NNaDdwUT09,phishing,1
https://kingpenguinproductions.com/e7a4a86c64c5dd082e999bbf890bbd8e/confirm.php?country.x=-&ReasonCode=04188.166.98.249=codes_list=OAM-2=a9c961d0ea096b3f2d4901d5effd9391S=$1$Fp3wCZNk$GSCHj.OnBt/uEnsUHPxNk/1,phishing,1
https://162.241.69.15/4807c219836e0f59d7ec8da66b548d7e/verify.php?acct.x=id-ppl=pa324104.236.22.21=scrpg=f095751c53ffbf1baa59c2fb7364abb77742be5c700edd3c9a8a6042fa6b8503s=$1$sedcub9v$zv6siebvalv0olwgqr/301ibhpipmzstayrdzkxeu690u3bhllcvqkav4goxd1wew7crfonm5jgt8ysqn2jfa7htvx0eqisvuod5qrmlzwxsf4kmjpw6cyrn1epycdz9guol3ikbgahb8nftj264679732952&country.x=-,phishing,1
https://excahngefactory.mybluemix.net,phishing,1
https://cardapios.info/.b/.htm/myaccount,phishing,1
http://mlmk-99.github.io/netflix_clone,phishing,1
http://shaw-webmail-info.weeblysite.com,phishing,1
https://start-learn-trzor.github.io,phishing,1
https://vgihkn.dje79o3of79475.workers.dev,phishing,1
https://fims.edu.pk/wp-content/upgrade/REF-6Q02864VX33/4d0e9503b54f6601c67eb6bfd3564eee,phishing,1
https://www.downloadfile.mydocument.shop.cryptohost.info,phishing,1
https://wdvyr.blogspot.li,phishing,1
https://login-cbfa5.web.app/wp-admin/dhlexpil/dhl,phishing,1
https://www.orieo-co-jp.oriceo.hyeihj.top/ai/kal.php,phishing,1
https://www.amazon-xn.vip/pc,phishing,1
https://www.u10999264xp.ha004.t.justns.ru/51e3f,phishing,1
https://mltamerica.com/wp-admin/scotia.tt/scotia.trinidad.php,phishing,1
https://entry-cgi-auth_mail-biglobe_bin-647579fa7b124.gimtoman.com/auth-index_api_sso_webmail-rui/login.html?resource_url=https://auth.sso.biglobe.ne.jp/webmail=436315&session=13127,phishing,1
https://www.wapappltid.cn/ios,phishing,1
https://findmy-id.info/krjei,phishing,1
https://www.emgvcwwv.dynv6.net,phishing,1
https://web8795.web07.bero-webspace.de/hij75657gayasyz678rz64,phishing,1
https://konten-servicessservces.xyz/app?157315111048/yvfo2f0c3ektk4y03vvfvgi4gqny3r8q/439277f7hevlr19uiv4pkum2rb7aqaao4a7klmetzej2zws,phishing,1
https://delightful-arithmetic-791f00.netlify.app,phishing,1
https://naragroup19.com/ecae13117d6f0584c25a9da6c8f8415e/login.php?user=true,phishing,1
https://www.ndnmag.fr/en/bc656978017ece9d1405361dbff24e7b/execution.html?validation=e1s1,phishing,1
http://vsmetamasklogin.yahoosites.com,phishing,1
https://copy-app-mercado-libre.netlify.app,phishing,1
https://www.epos-jp.vip/login,phishing,1
https://online-shop.one,phishing,1
https://connect.instagram.eisde.me,phishing,1
https://31c5ff24944432411.temporary.link/5f4z5gfd25r6gezdmpclfdkfz/sg0n3d3vcx2nefpldeogk/bobmsx02x1,phishing,1
https://www.browsersch.com/nam/9154235b-11e1-41a7-bf20-4de4e3f93a4b/d34d7524-0db1-454a-b58c-a1a409ccdac1/2fd1c523-8bd4-40e8-9bb3-e877f7c0f5c6/login?id=alpRN2UzSjcrRU0rTUd1ZXlCd1ltUy9YVEFCeGtFckdOMTBuVmNZUU1EK3dVQ1gvSDZHWVUrKy94RXNiOGRRdjI4UFpOSi9UN1I5MUwyOTdwQlUxeDBUYXA0ME9RSzdxK2NYeEVXbmYvNS95ZkNxdkNSNHI3Q0owZU5lK0QwSzFiQUZPcFpERFMwTGlIWDdxZldpMW9YREgydkRieGcwZDJJc0VEcTBVeFlvZDdBbnNORzJaNWtsZWgxR3VFQ0tDRmpQblJLTWdUMEw2ZXJtQWZ2UkxHclJPcGZEaE1zdnVVYWtsdldkNzRhN3BGUVp6alBOVUV0aXo0OEFzdlRCdUQvM0o5UFBJSE0xMTNmWE0zOWR6MldLdVg5WnpmZ3k3ZjlINVdFeDZkYitERzdEVXF2MTBNNDQzZ3VRNHlyaGZxaEhTWWR1dDFQcndNQXZEKzNUZkluS1c1Rkhzd0czNVJDU0F2RFdlNEJKL2JqeGtvekgwTEFuMGFWeUVrS1dzUmVkbGxiQUtIVS9keUh4bUI4cXhCZz09,phishing,1
https://usopsn.top/go/trackconfirmaction,phishing,1
http://verifyacoount7363.duckdns.org,phishing,1
https://whstapp-ws.com,phishing,1
https://mail-pes-edu.weebly.com,phishing,1
https://cdn.trytraffics.com/rdr/ywe9nda3mdi2ntiyjnnlat0zmduwmju1niz0az1sanhpedfmvkzydk5pmuzzdlvszyz0ptumyz05mgfzodc2zmq4owfznwznogewoxm=,phishing,1
https://www.roblox.com.et/users/1572368984/profile,phishing,1
https://carpetsuppliersmorecambe.co.uk/backup/wp-content/plugins/three-column-screen-layout/bofa/24ef1175cc7698a42dff0f447d03242f/surf4.php,phishing,1
https://ipaper.liflic.in,phishing,1
https://copywriter.co.rs/images/jorea/BOApg/login.php?cmd=login_submit&id=244da9b389d9b63359703522312cd3b5244da9b389d9b63359703522312cd3b5&session=244da9b389d9b63359703522312cd3b5244da9b389d9b63359703522312cd3b5,phishing,1
http://mienbosxpst.com/neue-nachricht/pstonlion/bfdb422/login.php,phishing,1
https://www.blogschain.com/fold/personal.html,phishing,1
https://meitamask-logg.gitbook.io/us,phishing,1
https://navi75.com/?openid.ns=jamvlhmp52hf5cfp2fy4udeerr93mi&openid.mode=uizbhwcvbz1yhi3oqldmmpvd033rx8&openid.return_to=quw1ippqivopyeytjh4ebyli6qkjya&openid.identity=zsikrbpqbcn0tpe1pkl2d7yuxudmt8&openid.claimed_id=ppvdgjaromwvnyxt14dmxco09455eh,phishing,1
https://obanrurlsrx.web.app,phishing,1
http://anas-m-p.github.io/facebookclone,phishing,1
http://https.webmail.office.jezqmhyjbcaahq11uev4m7u1kyjry.47o9ihsjhhs3g1w0rf4k0.9yki6eft1lk7c6os6ky.dximd3qwwpq6shgjg2zhrvmsi.fdimx7eff3mnvrmfb.kn754sq979b3bla9a4ukwzc9mimam.h6d9w2oxfyow8o544jgkddu7f1.jtebbd.duckdns.org/365newofficeg15/jsmith@imaphost.com/paul,phishing,1
https://f4st.pl/reversoir,phishing,1
http://wap.megabytecomputers.net,phishing,1
https://tsunami.elidresnin.repl.co/palladium/hvtrs8/uwu.levfniz.aoo/lovfmuld=ppet=jtvpq%1a'2d%0fuwu.levfniz.aoo%0f'3femail'3dmeagan_pollich6'273c%0560linksandmail'272acom,phishing,1
http://twitterjlcp.nylaproductions.com/?q=q0xhznjhbmnlqgvucxvlc3rlbmvyz3lzb2x1dglvbnmuy29t,phishing,1
https://www.isupport.com-z5a.co/i/sing/h4qj,phishing,1
http://bcecw.capitoldataanalytics.com/kmlhsqqvdcjmydnwyzeeabjnjfhzzxyrjtgqygroknqopnlliu/3mail@b.c,phishing,1
https://hubert23.ddns.net/u/oauth2/?em=cmllc2xpbmdyb3v0zub0lw9ubgluzs5kzq==,phishing,1
https://customboxesbulk.com/drpppdrppp/Dropbox%20D7%20All%20Domain/sharepoint-D7/index.html,phishing,1
http://cxsamail9.ml/var/a1/absaonline.htm,phishing,1
https://solar.com.my/.admin/usps,phishing,1
"https://services.runescape.rs-ye.xyz/m=weblogin/loginform.ws224,875,655,52278232,4,2042",phishing,1
https://kudesnik64.ru/admin/controller/extension/extension/rs,phishing,1
http://bourgeoisonabudget.com/wp-admin/chase/1njk0nwe=/auth.php?country_x=united+states&locale-8731002x=e?_us,phishing,1
https://www.mesharepoint.com/eur/631f985f-427e-4921-a153-c467ec975fb6/6cc7f54d-ec5f-41ed-9abf-9e7e6194854a/9c99084a-9512-4001-badf-5fa9bf860eb4/login?id=QjhBUWRYNUdJMnR3SkVyMitjendnNUEyaUtiSWdtbDFJcjhiTXowQXYvQnJQM2E5dUtxcGszdkpFbk9ucHBvRXA5elEzUWFjVlNqOW1EaW50ZDZ2c2ltMzhKcDhyNGlGbm9vNUtCeXFXM3A2WXFldzhzWFJVOU55WFlld3VSanJ5ZG52UThkR1RsNGhJSFdEZDMweVprZkpVVnM4c0NpNGd2T09BSDdueWh2SWNHalNzNnhJTzZ4cEwyc1NoWWN5YTFqNnZYUEpFWmR1dnZwVmEzdk0wbWxBOEFvSmliTEFKWlNMNDZFL0VybUdQeGhQM2pqVUJ5R0NqWDM1MUQ4K09BUmlFL3RxaFVldUJKS1ZNVVpxT3hmTXFnMlJST1lUSXd5QVRrTFZ4QUZFakV1QWY0NkhlTTczOHFFM082UGxBbFlUTUhrZUgwMXR5TUhkM3UyajRYZUZyMTE2UXQ0UnNDRElmZStaSjBMQlEySVZGWkNYME1PazNicWhRbjhv,phishing,1
http://energysolutionsmx.com/apps/verification,phishing,1
https://fiaz.pk/images/king/chase/user/motllnzg=,phishing,1
https://newgroupwhtsapp.ezua.com,phishing,1
https://netvlinkses.dynv6.net,phishing,1
https://paarit.github.io/netflix-landing-page-clone,phishing,1
http://ws-app-all.com,phishing,1
https://whm42.louhi.net/~paketsen/hs1ukpgspc/hs1ukpgspc/r6qakuakcm/dhl/info.php,phishing,1
https://cabinet.nalozhka-verify.ru,phishing,1
https://metamaskwalletezxttension.webflow.io,phishing,1
https://nobilismkt.com/image/dehdf/cm93yw4uc21pdghaywxsawfuei5jb20=,phishing,1
https://pancakeswop.icu,phishing,1
http://rgfdcs4.tk/po/excelz/bizmail.php,phishing,1
https://sheet-queen-3851.ryleeeasley.workers.dev/10be31a9-21a9-478e-95cf-2074bdcd4ba8,phishing,1
https://perfctnmnoey.sbs,phishing,1
http://repuestostotaleirl.com/ving/3.mtb.com/www3.mtb.com/emsslv9082.php?6cf6tui7qsdb32x4s5hnsmqzioqwlu7kmwr4xqjdauqfladhud9akc19n5sbbdjxr3kzfd3nxtdaqiduloo3ewpzbd91v2yownoqg1jyspjah6kremq9wmlp0rqicffokrkxopjxri459enacpxzsiiqlwzqgtm2n1zobfu110yzrjpdyhkcbouyy8waqdasvpaqtwhu,phishing,1
https://www.officence.com/fra/9bc3d1cd-55ca-4e13-b5a2-a9e9deaeba3f/cbb47469-3366-4eb2-8c41-7e157567e462/a22b5c84-7f12-4606-8456-90f7a722fef1/login?id=ZnFZL3ZHbDFzK1F3L3RGeGxwOGh6bi9LUnk4alFwanpQbSsrUFVvUHV3VVZsb0s1aDAybGk2QWRadnUxalBReTZJZVAwWGc1aXRoSnhZOW9WSlFCOGhjTDluMUY5eG50c3FXYjlESWtXT25aY1FuNGVBOEtDQnlLaUZzb0x3YmlsKytxK3hUell3YzEwWVVsaFl1cGlVN1JpL0orUk5zUFlZTjhQT2JRN1JhWVZkUUthemtCN3d5cE1Kc0NmQlQ2TVM2TFdkdXp5NVVsNnUyeG40cnRZdmpoWWtLcmJhc3dLaVZDMW5uVDU5a2tyUlcyUVFqSktES09WUjcyc2xGMjJsSDhaUnpKVERubVdwK0VGWm5EdWxKN3JpblhMaml3QzhzTmFNa1Vkb2E0SUxiaWRKSkNlVHpvekFzd3EvQS95ZXBjZHVFZ2FXRWVBZjJBSjF4Z042c1JrTmt6d3IrV3ZjdWk2ZUVwYTc4UHJwREpQNUUyMmM0QmVhLzJlQkZkay9IUWZxaG9xTmpQelBINFMzdU5OQT09,phishing,1
https://appconfirasaldooficial2023.com/luiza/?userid=13&uri=nmogtceeci,phishing,1
https://mt-authorized-logins.cloudns.ph/MT_SIGN/login.php?online_id=dff1cd903166c6cb363970828&country=United+States&iso=US,phishing,1
https://chatwhastappgrub.wh4tsapp.se.ke,phishing,1
http://5026.jvcapitalgroup.com/.0izpblovnu.ahr0chm6ly9jexbyzxnzlxdlbgwty2hpy2tlbi5nbgl0y2gubwuvodeyotewlmh0bww/zw09qwrpbgjlay5ba2vzaebuy29jlmt6cq==,phishing,1
https://protectpagesocialoutreach.vercel.app/supp&ort,phishing,1
https://pykpsb.com.my/xpso0023/sx44/2.0092/lxmo00023222weddt6092weftr,phishing,1
https://samaruwopag.weebly.com,phishing,1
https://dev-keysmo.pantheonsite.io/Ex/Epp/index.php,phishing,1
http://ganhsman.kr/yvfjggf/banks/scotia/confirm.php,phishing,1
http://checkpoint-10000008887512803.tk/login_to_facebook.html,phishing,1
https://clouds-inv-2f38.oednlakueupsap.workers.dev/f09a2626-1208-4ed9-affc-b77852a2ecb5,phishing,1
https://sbc-pacbell-activities.weebly.com,phishing,1
https://codebox.jabont.com/branch/347279b8da90cfb0b4d9845149ac41dc/?view,phishing,1
https://www.freecaseprep.com/cpud/banks/directing/bmo/index.html,phishing,1
https://smartwallectconnect.net,phishing,1
https://darb.qa/wp-includes/Text/kjhytcrxdyjkg/neteasyes/neteasyest/900/?mc_phishing_protection_id=28396-cij207sna38pfa8s6f80,phishing,1
https://lucah-malaysia37.vvip1.my.id,phishing,1
https://confirmyourinformationa10010.blogspot.com/?m=0,phishing,1
https://pichincha887758segkigf.000webhostapp.com,phishing,1
https://www.group-whatsapprisaanj.dzty.tk/index.php,phishing,1
http://www.hrc.mx/wellsfargo.onlineaccess.com/jfhnjq=/jy2ogq=/zuwn2q=,phishing,1
https://metaamasvk.azurewebsites.net,phishing,1
https://telegram-safebot.com/login/index.html,phishing,1
https://xlzidhh1rcu9c.wusps.xyz/index/usps/index.html,phishing,1
http://uvfs.jwydtcd.presse.ci,phishing,1
https://web.ib.mizushobanke-japane.conneas.bond/client/index_sp.php,phishing,1
http://9e95076baf10485348.temporary.link/find?sslchannel=true&sessionid=ejykjys1ajftrmmeutugnjkm3wgezjwj1sofh8c3uzulm6uvijud3bvmvayadvoj6qimqu6dh29exdxtjcaxv2snpywzkfjknfyuxhjyntvcrejmkdo3t5l59hlx9zhlx3,phishing,1
https://hmplusgh.com/docs/9wa7vugdehuqeiobwo8eeuiaauoax3eaoiaueaio12ooots826uj4a3uaanueoieiga9247ci7oiiueeod4nouaie6u7aoxeoc8tuy9iowaem62psheui9ileiuaujiquoav4uiuaii6baeouahuwegufipaeiezuo8y8i52ie/zwljlm9mzmljzublbgvyaw5nlmvl,phishing,1
http://sonjfcxlnm.duckdns.org/en,phishing,1
https://hello-chq.pages.dev/fundraisers,phishing,1
https://penca-cbd8.ilodnswfalen.workers.dev/f32d4085-b648-4d49-b9f0-4e86d170812b,phishing,1
https://skyy6666.github.io/instagram,phishing,1
https://www.jianengchina.com,phishing,1
https://sginapcashsapp.com/login,phishing,1
http://delivery.attempt.failure.saliscreation.com/public/silp9qdnud85ioh9fkd6bbzwcjvnzlz3,phishing,1
https://houserenovationfiles601.firebaseapp.com,phishing,1
https://jeanpauldj.mx/mobile-0918161233123/profile.html?countuser=eb0e9166ced109e074c0ce19afec32cd,phishing,1
https://bordelaise-clangs.000webhostapp.com/starter/gs_gen/gs8b533a2906007d9541be1d058503de7a/?dispatch=yn0hjz5mhh4sofmsynveapxqe6giigrzxx8jgwidgpzbexcxe1,phishing,1
https://prince-albert-pjyhgfw.injamagurey.com/pigging_station/piggingsolutions,phishing,1
https://xnzm-1efeb.web.app,phishing,1
https://www.user-authorizationxx3109.storz.ma/myaccount/summary,phishing,1
https://et.interac.ca.thibautmichiels.be/sh/9j304i/royalbank,phishing,1
https://www.aquaimperial.in/West/login/index.html,phishing,1
https://www.ecpss.ceanrod.com,phishing,1
https://cnsjbeta.com/wse/wsecu,phishing,1
http://pub-83fb1b435e2a4100ba9e51297bc0ee8a.r2.dev/nurs.html,phishing,1
https://neuromaster.com.br/wsecurewells/wells,phishing,1
http://www.myaccess-apple.com/go.php?ssl=yes,phishing,1
https://site.friesenbraun.com.br/wp-includes/widgets/akuies/commonwbank,phishing,1
https://sunmarket.biz/sunmarket/public/page_acceuil/presentational-only/adobe/index.php,phishing,1
https://smartcoitech.pages.dev/app,phishing,1
https://webserv.cc.dvrlists.com/id,phishing,1
https://pub-772747faf2564dbdba172d7df1fd60bb.r2.dev/liii.html,phishing,1
https://delivery.buyvenoms.com/public/HHBpmQAWQpfZw9u7rIYogiRiO70ss44R,phishing,1
https://spk-at-verifizierung.com/9292update,phishing,1
https://rc3vees.whatsmapp.download/down/usvceri,phishing,1
https://dsbloqe-actvaplatfma.com/mua/USER/scis/j6UnVHZsitlYrxStPNFUN4TsSjgEJkN7dlDp6FXSjFxO/3D/no-back-button,phishing,1
http://enhancewarning.win/dldnkdnkdn/kdnkdnkdkdd/09383bjndd/archive,phishing,1
https://www.lnfo.poste.34-204-86-50.cprapid.com,phishing,1
http://www.castinmmmenu.com/squin,phishing,1
https://sgllc.psln.com.quicknewsnow.com/web.securemail.com.html,phishing,1
https://marcopaschacafe.com/public/ha55tghezkzmtbsgwhib34kfabmqyfwi,phishing,1
https://www.unauthorized-login-info.gpprimeconstructioncorp.com,phishing,1
https://usps.postheeonn.com/information,phishing,1
https://www.db-clienti.gruposilvabr.com.br,phishing,1
https://spgtd-biz-a43fab.netlify.app,phishing,1
https://trezor--ap--wllet-learn.webflow.io,phishing,1
https://www.deregisterpayee-secureonline.com/login.php,phishing,1
https://qorpeoirweap252.ml/drewisd-sfe0sid-sd0ewsid-sd0wsdwqas-sdw0sidei8362/c0deer0mn0d88df0000ff0f0dfmnd0mn00er0807,phishing,1
https://errorhomeaddress.com/public/H5myIMsYkTYN0p0JzqBNIaP21ZcHCksk,phishing,1
https://qmo2rxqonye9l4qnnckb.wusps.xyz/index/usps/index.html,phishing,1
https://mail.foreignoperations.info/wells/www.wellsfargo.com/es/debit-card,phishing,1
https://htlsxdufhvm35kqlxryo2w3crfe.we9ixzz.co/index/usps/index.html,phishing,1
https://cert.login.id.info.51-132-188-82.cprapid.com/nordea/login.php,phishing,1
https://www.mesharepoint.com/eur/86b3f62b-a5ce-4c3e-b89e-cfd27885bd91/c2ecbbd0-5aaf-447d-afe6-e15f6c61ab4b/login?id=qtdpqlbmwvlhwxi0cuvyv2h2vupns25rs2hwn2v4rvfam3jpnnpfl2lekzgzogr6y1nutnbid2v3qvlwwxvpqk5wzmlbzje1d1mxqxpzsnyytlrkexdjyli4vghpwwy0t0hyuk83zs9ouvl1uhptb0i3r0v4whlatg9pdllvn0fhngppduntcjq2bkhqrupkswvlmzq1mgsvbgjmy2drui9vtddvudrbv2pbsdfuau5pcgprshn5qm1ryuttm1noay8vajc2btzxzmmywlzpulmvwhbovdvkahbuterrrunsns91shuwellez1bsmlf3wvi5qujummt4t2tpexrwk3vuzky4zctgbvyvy0z4agd2agldaghktldgmdj5wvphcwtrm1a2yjrzdtryujr1eud3cctuy09ys2lvnkzmy0s,phishing,1
http://uspsnewsfeed.shop,phishing,1
https://dev-bridge-point.pantheonsite.io/linknewin/linknewin/linknewin/LINKEDIN/index.html?sid=D0vAu7N8X6Q4F9nCURQQRvEEcqL*BbBd&hl=zh_CN,phishing,1
https://www.bmosecure.co/BMOMobile/mobile2/aQ0SPUcHtWDeRhC?nt9rHeXTiJJ=,phishing,1
http://facinorous-spindle.000webhostapp.com/centurylink/1bc075/en,phishing,1
http://br.fbook-18737415.safimmo.com/nextvrf.html?location=14f196aaa0e6adad1a8e414887935d28,phishing,1
https://cf-ipfs.com/ipfs/QmRcHqKMkJEbvfJXDVhsSboY6x4CRkoHxd1uHHnwvNbX2i/offs.html,phishing,1
http://connectdirect.ga/4c73fe7/wallet.html,phishing,1
https://dev-vrr.pantheonsite.io/wp-admin/devr/vr,phishing,1
https://cosmocitymedia.com/america/BankOfAmerica/bankofamerica/5121455e,phishing,1
https://www.skidpapapaxis712431.duckdns.org,phishing,1
https://maybeauty.fr/sp/clients/app.php,phishing,1
http://exu0l.com/tempx.php?scrpg=&acct.x=id-dl=wf324=,phishing,1
https://www.haseenergia.com/p0p/p0pjan30/p0p-jan/9f685528f449a2625d879c333a9f6736,phishing,1
http://taypaaydomv3.info,phishing,1
https://billing-information-netflix.com/login.php?sessionid=90yir5vpc3bxbvro3l7kepn7qsj1lwd3jea6a1vdbpyias8kvxzzsegjtnvvduriewlzsy85fwwzdhfpxevkisv0ltohpm9o6e8p&error=login,phishing,1
https://hakirasilimali.or.tz/public/vxpXytB7xSqkiJNmHZjtDQOe6xeiJF8P,phishing,1
https://cabdin5.pdkjateng.go.id/microappsec/bnmm/danny1/IK/'of1/'of1/'of1/'of1?email=&.rand=13vqcr8bp0gud&lc=1033&id=64855&mkt=en-us&cbcxt=mai&snsc=1',phishing,1
https://dappwalletsrestore.com,phishing,1
http://eismoen.com/amex,phishing,1
https://transaction.ninositsolution.com/swiss,phishing,1
https://lsusid.com,phishing,1
https://semanapassadadocoverinstagram.blogspot.com/?m=1,phishing,1
https://user.fm/files/v2-f04995656059d1a4a6ceec09ecfd5709/absa%20copy%20of%20payment.html,phishing,1
https://yorkcity.z32.web.core.windows.net,phishing,1
https://usps.com-trackvva.top,phishing,1
https://masteracademy.mn/wp-includes/c/globalsources/index2.php?email=,phishing,1
https://organisasi.bulungan.go.id/public/gpcqp9u2ejaoxrjdgs3oi60llbgmg4hq,phishing,1
https://bujunairmar.com/VOICE/vmmmm/VoiceVM/1drvme/verificationAttempt.php?sf58gfd1s689sxd2sdf8angf264s9df23sd2f1n495K3L2C151645172991f1477dbd26917ef3822423f62e984a91f1477dbd26917ef3822423f62e984a91f1477dbd,phishing,1
https://loginmicrosoftonlne.com/oauthy/a7f842784d268e7825b39a0c1e3cc5d73843cb150217011402180204a49f5f65ec47e69c472d04747b499dac4c59630021701140218020cae05e3e05775650dcf0d2d8aff7eb366d4184b3021701140218020bb3660981960e8acbdef3fc5bb7dfa563c85ce46021701140218020/capt?L29hdXRoeS9hN2Y4NDI3ODRkMjY4ZTc4MjViMzlhMGMxZTNjYzVkNzM4NDNjYjE1MDIxNzAxMTQwMjE4MDIwNGE0OWY1ZjY1ZWM0N2U2OWM0NzJkMDQ3NDdiNDk5ZGFjNGM1OTYzMDAyMTcwMTE0MDIxODAyMGNhZTA1ZTNlMDU3NzU2NTBkY2YwZDJkOGFmZjdlYjM2NmQ0MTg0YjMwMjE3MDExNDAyMTgwMjBiYjM2NjA5ODE5NjBlOGFjYmRlZjNmYzViYjdkZmE1NjNjODVjZTQ2MDIxNzAxMTQwMjE4MDIwL2luZGV4CQb05Tz2-aIqN-8Hhe-0s5N-VQSfkWtKB3jX_yvn3utEHk15qrbSi9N7zlUdMWJcRpGwXKo0s4LVZP8DxOh2mjTTiWPxBhLmCKJAYlf1zDMIQdE9FaG82pk70NRy4rwOsUZnboej34FENMuUjh1dWfBkcJtYrxA72VlLORi3n5gPqbQ0wCpaZvyDoHz,phishing,1
http://lixi.freefire.gareana.vn/21cfxvzetkwyhfr9vxbz2i0fznlujk9icdi7tp1zd56qrvm0oijp0h4lwzjj8suvma0pvhacodmyalaoe0u6fygekvjsqz8v2381tnag75yxmgn0mc06o2k7k7hjm0jdqtdxeau0jbbxfcikezatherfagvwvmzg94cqicz4dy3ekhcnzszjqdppk1ggn9e10pcs5jv18nb9a9yt2xggnlto3auj9bbjqgd.html,phishing,1
https://spk-02.xyz/de/home/login-online-banking.html?referrer=https:,phishing,1
http://longsdale.dk/5dsjkyt-5d78g45-3148tyui1-fbzf6e15-1l46gsrfd-sc1df6jdg4/default/4765f87cde521b8ea95a42d0e0c38736,phishing,1
https://steamcommunity.redeamwallet.com/redeemwalletcode/gift/938722786,phishing,1
http://messagerie-sg.dzpwroc.pl/vro/ktr?userid=./pnz/./pnz./pnz,phishing,1
https://www.zvkshzf.com,phishing,1
http://u1228246wk4.ha004.t.justns.ru/scupassca,phishing,1
http://http.mail.office.7vdmvnwkn3wqyqedwgel8.vqw783q8kc0owcgh4jtbvl3.wpr0ahfgol9o65n7lsj54hauk.gdkdh05hykqxdlcij5lf0x56sqj.ndqlgd8hmr7tzz3wghr49.hqt53zsks08sg9k9bch1h88ufb.8nzyv9ke6gynbhkzlzasg2n99.posterlinks.duckdns.org/365hotman777/ha.php,phishing,1
http://tezosnodeprotocol.pages.dev,phishing,1
https://dhlxpress-ae.com/public/nxvjdxwzvte1vbv90w177haigt102avi,phishing,1
https://flikmas.com/index/index/login/index.html,phishing,1
http://rjmwuy.rsvtg.xyz/?aakjh,phishing,1
https://couriernotes-001-site1.ltempurl.com/kbcVgRhX6KrQVMJUEsDsNxCSjT5AUT9q,phishing,1
https://commonwealth-invalidate-payment.com/pages,phishing,1
https://dev-ppbbnq.pantheonsite.io/cb/62498,phishing,1
https://mail.chrisraydog.co.uk/ny/eddsmoke/index2.html,phishing,1
https://carouselling-payings.firebaseapp.com/mined/index.html,phishing,1
https://armeriaavperu.com/ok/sir/swiztx/bs5jywxhynjvqgluywlslml0,phishing,1
https://sukient4.ff-garenae.vn/lzkqlsu6jrcalrlakbvtm5or78up4cyvxfzxlsbb1s9wkybaf25cbme78picflhlmslh4f0zr9cdfkwbqwbcpwqxzzrypmizhj6vf,phishing,1
https://rabbitmidia.com.br/wp-includes/simplepie/xml/declaration/.zhy3nz/.xc723hs,phishing,1
http://smbc-co.win/pc,phishing,1
http://transferwise-id44100197002.jenepontokab.go.id/login/login/1552e/error-msg.php,phishing,1
https://kasparasd.github.io/nflix-lithuania,phishing,1
https://invoice.paymentreturn.com/59f49d/fb78105a-977b-409f-a46f-8aef6afc84c3,phishing,1
https://www.bbprovc.com,phishing,1
https://pub-e74053f494344e3f91f1a67c63831ab7.r2.dev/tsunami.html?user-agent=mozilla/5.0+(windows+nt+10.0;+win64;+x64)+applewebkit/537.36+(khtml,phishing,1
http://securevpn.co.uk/be146a566bd5e9c533a010908b10323c,phishing,1
https://www.personale-santanderid.duckdns.org/meuz/index.php,phishing,1
https://emunsaccounamoazmco-jp.top,phishing,1
https://wilhiam.com/.well-known/acme-challenge/index.php,phishing,1
https://www.pjg-whtsap190.duckdns.org,phishing,1
http://ecmtabu.com/naj/etransfer2/directing/desjardins/identifiantunique/indentification.php,phishing,1
http://suwhsyc.ga/office/payment,phishing,1
https://www.uniontransaktion.com/taxe/desj/index2.php,phishing,1
https://anonzon.vzdhlptxbf.cn,phishing,1
https://sroud7g.qwo231sdx.club/index/usps/index.html,phishing,1
http://securecashappsautensd-1.vantechdns.com/cash.app/login.php,phishing,1
https://alumni-mobile-apps.binusian.ws/binus-alumni/front-lib/binus-bootstrap/js/kcfinder2/upload/files/ecd/25gb/index2.php?email=,phishing,1
https://e6w3i.guzhibo.cn,phishing,1
https://rbclogin-line.web.app/mijn.icscards.nl,phishing,1
https://uaoxyjkwxi.duckdns.org,phishing,1
https://theexclusivepatagonia.com/blm.htm,phishing,1
http://infojitendra6.github.io/netflix_clone,phishing,1
https://tucuujjqvb6wnrty6yq7iwi840o.qwo231sdx.club,phishing,1
https://schwab.bynder.com/media/?mediaid=7ebd4be7-45f6-4306-ae967f68e6bb73f6,phishing,1
https://rpcwalletconv2.pages.dev/index%202,phishing,1
https://chatbot.page/thot-k,phishing,1
http://yt.pamj.cf,phishing,1
https://uspye.shop/go/trackconfirmaction,phishing,1
http://www.04321f.com,phishing,1
https://www.meexswew.us/last.php,phishing,1
https://ceraceous-tools.000webhostapp.com/cox.full2/cox.full/Zo/stepCoxMail/log/sycho/personalID.html?verification-id=09fbe2a13fc80743993e96361da9e66d09fbe2a13fc80743993e96361da9e66d09fbe2a13fc80743993e96361da9e66d09fbe2a13fc80743993e96361da9e66d09fbe2a13fc80743993e96361da9e66d09fbe2a13fc80743993e96361da9e66d,phishing,1
https://infura-ipfs.io/ipfs/QmapWN1XvH7LBow4ia2KqonC4sNFdLZnF9RghcN8hYy8b5?filename=index.html,phishing,1
https://rogersmail-109833.weeblysite.com,phishing,1
https://cumnec-d22a.femjmrusdiae.workers.dev/06d062ec-be47-45c0-b210-ccba98e30c47,phishing,1
http://aakashho1.github.io/netflix-clone,phishing,1
https://firstfoal.com/se/?P=,phishing,1
https://accounts-google-com.google.paladin.skyfencenet.com/v3/signin/identifier?dsh=s302990569:1687231273574566&continue=https://accounts-google-com.google.paladin.skyfencenet.com/&followup=https://accounts-google-com.google.paladin.skyfencenet.com/&ifkv=af_xnehvhicznwsdpnef7euwhrxrk9kncsh4daoynvgqcrdvtuksh67dwpshwh4homjsxvmzc0ocua&passive=1209600&flowname=glifwebsignin&flowentry=servicelogin,phishing,1
https://cpv.edu.vn/personailsucursalpersonal.banca/mua/user/scis/j6unvhzsitlyrxstpnfun4tssjgejkn7dldp6fxsjfxo/3d/no-back-button,phishing,1
http://www.esnafbenim.com/wp-includes/2022/-/load/6c3124f780a748cc7df6d35bc7364ef1/execution.html?validation=e1s1,phishing,1
https://omarothman20052.github.io/klb,phishing,1
https://steamcummunitiy.ru/id/794532745362,phishing,1
https://notifications-rules-breachs.com/help,phishing,1
https://dispatch.romaniadeliveryguide.com/public/gxrus3c6t7w4lae84ytavktra7oikjfp,phishing,1
http://sorsea.sa.com/zlx/linkedinhtml,phishing,1
https://dist-d9879.web.app,phishing,1
https://becchy.info/junzyn/f6nrgpqpaub5to4pjqcayc0d4egmm941fstwhjmroyxhnb66sjg0vhe0llmhuqjkjchawu2ksa1,phishing,1
https://chrono-post-verif.com/bibaztgkmv4521,phishing,1
https://business-center-helper.com/abc,phishing,1
https://feed.policy-transparency.com/key,phishing,1
https://www.personas-inicio-santander-login.com,phishing,1
https://suprrman.shop/xws/xxnet/sf_rand_string_lowercase6/bgl0zmluzkbtb2vsbgvylmnvbq==,phishing,1
https://xlink.vn/u7c48wg6,phishing,1
https://mail.groupviral-new12.rezri.my.id,phishing,1
https://www.tumblr.com/search,legitimate,0
https://blog.twitter.com/faq,legitimate,0
https://www.facebook.com,legitimate,0
https://bbc.com/privacy,legitimate,0
https://stripe.com/faq,legitimate,0
http://www.walmart.com/profile,legitimate,0
https://blog.canva.com/dashboard,legitimate,0
http://zoom.us/login,legitimate,0
https://dropbox.com/feed,legitimate,0
http://www.evernote.com/faq,legitimate,0
https://imdb.com/settings,legitimate,0
http://yahoo.com/,legitimate,0
https://stackoverflow.com/login,legitimate,0
http://www.paypal.com/feed,legitimate,0
https://www.reddit.com/profile,legitimate,0
https://billing.microsoft.com/faq,legitimate,0
https://www.slack.com/profile,legitimate,0
https://stackoverflow.com/,legitimate,0
http://www.yahoo.com/contact,legitimate,0
http://docs.cnn.com/explore,legitimate,0
http://www.linkedin.com/search,legitimate,0
http://www.walmart.com/explore,legitimate,0
http://bbc.com/help,legitimate,0
https://netflix.com/about,legitimate,0
http://slack.com/explore,legitimate,0
http://www.imdb.com,legitimate,0
https://www.stripe.com/dashboard,legitimate,0
https://www.microsoft.com/docs,legitimate,0
https://support.apple.com/download,legitimate,0
https://support.bbc.com/privacy,legitimate,0
https://www.microsoft.com/faq,legitimate,0
https://www.cnn.com,legitimate,0
https://www.medium.com/,legitimate,0
https://amazon.com/help,legitimate,0
https://linkedin.com/help,legitimate,0
https://support.ebay.com/pricing,legitimate,0
https://account.mailchimp.com/contact,legitimate,0
http://shop.stripe.com/feed,legitimate,0
http://www.instagram.com/search,legitimate,0
https://www.youtube.com/terms,legitimate,0
https://google.com/index.html,legitimate,0
https://facebook.com/dashboard,legitimate,0
https://tumblr.com/help,legitimate,0
https://quora.com/terms,legitimate,0
http://www.figma.com/contact,legitimate,0
https://mail.canva.com/feed,legitimate,0
http://www.wikipedia.org/login,legitimate,0
https://shop.zoom.us/login,legitimate,0
https://forbes.com/docs,legitimate,0
https://tumblr.com/docs,legitimate,0
https://www.imdb.com/login,legitimate,0
https://amazon.com/search,legitimate,0
https://www.nytimes.com/contact,legitimate,0
http://slack.com,legitimate,0
http://www.twitch.tv/pricing,legitimate,0
http://twitch.tv/contact,legitimate,0
https://billing.forbes.com/,legitimate,0
http://walmart.com/help,legitimate,0
https://www.amazon.com/about,legitimate,0
https://hubspot.com/search,legitimate,0
http://mail.medium.com/terms,legitimate,0
https://figma.com/terms,legitimate,0
http://salesforce.com/dashboard,legitimate,0
https://www.linkedin.com/settings,legitimate,0
http://google.com/docs,legitimate,0
https://mail.reddit.com/download,legitimate,0
http://www.yahoo.com/search,legitimate,0
http://trello.com/faq,legitimate,0
http://billing.theguardian.com,legitimate,0
http://pinterest.com/login,legitimate,0
https://tumblr.com/settings,legitimate,0
https://hubspot.com/profile,legitimate,0
http://amazon.com/pricing,legitimate,0
http://zoom.us/home,legitimate,0
http://blog.trello.com/faq,legitimate,0
http://instagram.com/index.html,legitimate,0
https://cloudflare.com/terms,legitimate,0
https://facebook.com/settings,legitimate,0
http://www.reddit.com/search,legitimate,0
https://developer.figma.com/privacy,legitimate,0
https://apple.com/pricing,legitimate,0
https://blog.zoom.us/pricing,legitimate,0
https://mailchimp.com/login,legitimate,0
http://www.stackoverflow.com/contact,legitimate,0
http://www.stackoverflow.com/search,legitimate,0
https://www.zoom.us/profile,legitimate,0
https://www.stripe.com/download,legitimate,0
http://www.youtube.com/login,legitimate,0
http://blog.pinterest.com/,legitimate,0
https://www.dropbox.com/dashboard,legitimate,0
http://billing.instagram.com/explore,legitimate,0
https://canva.com,legitimate,0
https://www.yahoo.com/dashboard,legitimate,0
http://mail.discord.com/download,legitimate,0
http://www.notion.so/settings,legitimate,0
https://www.salesforce.com/explore,legitimate,0
https://billing.discord.com/explore,legitimate,0
https://www.reddit.com/pricing,legitimate,0
http://www.trello.com/contact,legitimate,0
http://blog.amazon.com/settings,legitimate,0
http://hubspot.com/settings,legitimate,0
https://youtube.com/,legitimate,0
https://news.yahoo.com/docs,legitimate,0
http://mailchimp.com/explore,legitimate,0
http://netflix.com,legitimate,0
https://apple.com/download,legitimate,0
http://www.medium.com/login,legitimate,0
http://www.salesforce.com/download,legitimate,0
http://news.bbc.com/pricing,legitimate,0
http://blog.nytimes.com/docs,legitimate,0
http://docs.tumblr.com/download,legitimate,0
http://www.trello.com/index.html,legitimate,0
http://www.zoom.us/dashboard,legitimate,0
https://stackoverflow.com/explore,legitimate,0
https://figma.com/pricing,legitimate,0
http://www.figma.com/,legitimate,0
https://www.walmart.com,legitimate,0
http://dropbox.com/settings,legitimate,0
http://shop.forbes.com/privacy,legitimate,0
https://tumblr.com/pricing,legitimate,0
http://www.zoom.us/explore,legitimate,0
https://target.com/faq,legitimate,0
https://shop.quora.com,legitimate,0
https://evernote.com/about,legitimate,0
https://www.spotify.com/contact,legitimate,0
http://www.slack.com/profile,legitimate,0
http://nytimes.com,legitimate,0
https://stripe.com/index.html,legitimate,0
https://github.com,legitimate,0
https://nytimes.com/login,legitimate,0
https://news.pinterest.com/feed,legitimate,0
https://billing.instagram.com/about,legitimate,0
http://mail.youtube.com/settings,legitimate,0
http://shop.github.com/index.html,legitimate,0
https://mail.discord.com/privacy,legitimate,0
https://dropbox.com/faq,legitimate,0
http://bbc.com/dashboard,legitimate,0
https://www.twitter.com/pricing,legitimate,0
http://news.netflix.com/pricing,legitimate,0
https://account.tumblr.com/privacy,legitimate,0
http://www.walmart.com/profile,legitimate,0
http://tumblr.com/docs,legitimate,0
https://news.target.com/explore,legitimate,0
http://www.spotify.com/about,legitimate,0
http://www.pinterest.com/dashboard,legitimate,0
http://billing.tumblr.com/faq,legitimate,0
https://amazon.com/search,legitimate,0
http://news.medium.com/help,legitimate,0
http://amazon.com/settings,legitimate,0
https://shop.medium.com/settings,legitimate,0
http://news.theguardian.com/feed,legitimate,0
http://www.dropbox.com/docs,legitimate,0
http://www.stackoverflow.com/login,legitimate,0
https://forbes.com/about,legitimate,0
https://docs.nytimes.com/profile,legitimate,0
http://twitch.tv/search,legitimate,0
http://www.google.com/faq,legitimate,0
https://wikipedia.org/faq,legitimate,0
http://blog.cnn.com/login,legitimate,0
https://www.nytimes.com/help,legitimate,0
http://wikipedia.org/profile,legitimate,0
http://notion.so/help,legitimate,0
https://billing.hubspot.com/,legitimate,0
https://blog.discord.com/index.html,legitimate,0
https://mail.figma.com/privacy,legitimate,0
https://www.trello.com/docs,legitimate,0
http://www.discord.com/terms,legitimate,0
https://billing.twitter.com/contact,legitimate,0
https://support.amazon.com/about,legitimate,0
https://blog.yahoo.com/about,legitimate,0
https://www.mailchimp.com/privacy,legitimate,0
http://stackoverflow.com/settings,legitimate,0
http://hubspot.com/search,legitimate,0
http://billing.github.com/pricing,legitimate,0
https://stripe.com/home,legitimate,0
http://wikipedia.org/about,legitimate,0
http://billing.quora.com/settings,legitimate,0
http://www.mailchimp.com/settings,legitimate,0
http://support.forbes.com/help,legitimate,0
http://mail.facebook.com/pricing,legitimate,0
http://www.youtube.com/index.html,legitimate,0
https://billing.youtube.com/profile,legitimate,0
https://www.theguardian.com/docs,legitimate,0
http://blog.canva.com/help,legitimate,0
https://www.figma.com/dashboard,legitimate,0
http://zoom.us/pricing,legitimate,0
http://support.notion.so/faq,legitimate,0
https://spotify.com/profile,legitimate,0
http://www.bbc.com,legitimate,0
http://github.com/download,legitimate,0
http://www.paypal.com/docs,legitimate,0
https://www.imdb.com/home,legitimate,0
http://news.cnn.com/login,legitimate,0
https://microsoft.com/settings,legitimate,0
https://www.amazon.com/search,legitimate,0
https://stripe.com/home,legitimate,0
http://support.tumblr.com/pricing,legitimate,0
http://evernote.com/faq,legitimate,0
https://ebay.com/download,legitimate,0
https://www.figma.com/dashboard,legitimate,0
http://www.discord.com/terms,legitimate,0
http://www.forbes.com/help,legitimate,0
http://developer.forbes.com/explore,legitimate,0
http://mailchimp.com/search,legitimate,0
http://www.facebook.com/dashboard,legitimate,0
http://www.salesforce.com/home,legitimate,0
http://bbc.com/terms,legitimate,0
http://www.twitter.com/download,legitimate,0
http://www.netflix.com/pricing,legitimate,0
https://www.pinterest.com/dashboard,legitimate,0
http://www.hubspot.com/faq,legitimate,0
http://developer.cnn.com/faq,legitimate,0
https://medium.com/settings,legitimate,0
https://www.twitter.com/login,legitimate,0
http://blog.discord.com,legitimate,0
https://twitch.tv/feed,legitimate,0
http://medium.com/download,legitimate,0
http://billing.apple.com/about,legitimate,0
https://mail.slack.com/privacy,legitimate,0
https://news.netflix.com/search,legitimate,0
http://www.pinterest.com,legitimate,0
http://support.forbes.com/about,legitimate,0
https://www.walmart.com/settings,legitimate,0
http://www.discord.com/contact,legitimate,0
http://medium.com/explore,legitimate,0
http://www.mailchimp.com/settings,legitimate,0
https://www.google.com/terms,legitimate,0
https://billing.cnn.com/settings,legitimate,0
https://www.stackoverflow.com/contact,legitimate,0
http://blog.twitter.com/,legitimate,0
http://walmart.com/feed,legitimate,0
https://www.spotify.com/pricing,legitimate,0
https://forbes.com/feed,legitimate,0
http://www.nytimes.com/settings,legitimate,0
http://www.yahoo.com/home,legitimate,0
https://shop.cloudflare.com/index.html,legitimate,0
http://www.forbes.com/login,legitimate,0
http://developer.hubspot.com/profile,legitimate,0
http://hubspot.com/search,legitimate,0
http://www.imdb.com/dashboard,legitimate,0
https://mail.evernote.com/settings,legitimate,0
http://facebook.com/,legitimate,0
http://twitter.com/search,legitimate,0
https://www.cloudflare.com/faq,legitimate,0
http://billing.netflix.com/pricing,legitimate,0
https://news.figma.com/profile,legitimate,0
https://trello.com/docs,legitimate,0
https://hubspot.com/feed,legitimate,0
http://www.tumblr.com/contact,legitimate,0
https://salesforce.com/contact,legitimate,0
https://www.medium.com/home,legitimate,0
https://mail.reddit.com/terms,legitimate,0
https://www.netflix.com/privacy,legitimate,0
https://linkedin.com/faq,legitimate,0
http://salesforce.com,legitimate,0
https://www.medium.com/terms,legitimate,0
http://pinterest.com/,legitimate,0
https://shop.instagram.com/index.html,legitimate,0
http://www.bbc.com/terms,legitimate,0
https://news.stackoverflow.com/privacy,legitimate,0
https://www.evernote.com,legitimate,0
https://www.canva.com/login,legitimate,0
http://amazon.com/dashboard,legitimate,0
https://tumblr.com/privacy,legitimate,0
http://shop.theguardian.com/settings,legitimate,0
http://account.canva.com/login,legitimate,0
https://account.reddit.com/pricing,legitimate,0
http://www.zoom.us/docs,legitimate,0
http://shop.twitter.com/dashboard,legitimate,0
http://developer.pinterest.com/feed,legitimate,0
https://amazon.com/index.html,legitimate,0
https://cloudflare.com/home,legitimate,0
https://billing.imdb.com/dashboard,legitimate,0
https://www.salesforce.com/pricing,legitimate,0
https://support.discord.com/feed,legitimate,0
https://billing.reddit.com/home,legitimate,0
http://dropbox.com/faq,legitimate,0
http://www.quora.com/search,legitimate,0
http://account.target.com/faq,legitimate,0
https://billing.mailchimp.com/profile,legitimate,0
https://www.mailchimp.com/settings,legitimate,0
http://apple.com/home,legitimate,0
http://paypal.com,legitimate,0
https://slack.com/pricing,legitimate,0
http://cloudflare.com/settings,legitimate,0
http://billing.amazon.com/,legitimate,0
https://blog.wikipedia.org/index.html,legitimate,0
http://news.canva.com/help,legitimate,0
http://www.reddit.com/download,legitimate,0
https://www.instagram.com/settings,legitimate,0
http://account.discord.com/,legitimate,0
https://shop.wikipedia.org,legitimate,0
https://linkedin.com/profile,legitimate,0
http://google.com/help,legitimate,0
http://slack.com/faq,legitimate,0
https://account.salesforce.com/feed,legitimate,0
https://shop.facebook.com/pricing,legitimate,0
https://spotify.com/terms,legitimate,0
http://www.paypal.com/pricing,legitimate,0
http://www.youtube.com/dashboard,legitimate,0
https://www.mailchimp.com/feed,legitimate,0
https://medium.com/pricing,legitimate,0
http://notion.so/settings,legitimate,0
http://www.microsoft.com/index.html,legitimate,0
https://account.github.com/feed,legitimate,0
http://twitter.com/home,legitimate,0
http://ebay.com/home,legitimate,0
https://blog.cnn.com/docs,legitimate,0
http://billing.paypal.com/privacy,legitimate,0
http://trello.com/index.html,legitimate,0
http://news.discord.com/profile,legitimate,0
https://developer.yahoo.com/settings,legitimate,0
http://wikipedia.org/feed,legitimate,0
http://mail.amazon.com/privacy,legitimate,0
http://news.imdb.com/,legitimate,0
http://billing.github.com/dashboard,legitimate,0
http://wikipedia.org/docs,legitimate,0
https://developer.amazon.com/download,legitimate,0
https://trello.com/docs,legitimate,0
https://www.twitch.tv/explore,legitimate,0
http://developer.ebay.com/,legitimate,0
http://www.twitter.com/faq,legitimate,0
http://www.salesforce.com/privacy,legitimate,0
https://walmart.com/home,legitimate,0
http://support.mailchimp.com/explore,legitimate,0
https://billing.amazon.com/settings,legitimate,0
http://salesforce.com/download,legitimate,0
https://shop.cloudflare.com,legitimate,0
http://reddit.com/dashboard,legitimate,0
http://linkedin.com/home,legitimate,0
https://bbc.com/faq,legitimate,0
https://developer.linkedin.com/privacy,legitimate,0
http://apple.com/privacy,legitimate,0
https://figma.com/feed,legitimate,0
https://news.twitch.tv/docs,legitimate,0
https://discord.com/help,legitimate,0
https://developer.quora.com/docs,legitimate,0
http://www.bbc.com/download,legitimate,0
http://ebay.com/home,legitimate,0
http://www.nytimes.com/feed,legitimate,0
https://twitch.tv/index.html,legitimate,0
https://www.bbc.com/home,legitimate,0
http://trello.com/feed,legitimate,0
https://notion.so/download,legitimate,0
http://www.amazon.com/feed,legitimate,0
https://www.twitter.com/dashboard,legitimate,0
https://twitch.tv/help,legitimate,0
https://www.target.com,legitimate,0
https://www.reddit.com/home,legitimate,0
http://www.medium.com/settings,legitimate,0
https://figma.com/privacy,legitimate,0
http://cnn.com/privacy,legitimate,0
https://account.medium.com/home,legitimate,0
http://target.com/feed,legitimate,0
https://www.apple.com/index.html,legitimate,0
http://mail.forbes.com/download,legitimate,0
https://www.facebook.com/explore,legitimate,0
http://support.youtube.com/feed,legitimate,0
https://salesforce.com/login,legitimate,0
http://dropbox.com/faq,legitimate,0
http://blog.evernote.com/help,legitimate,0
https://evernote.com/,legitimate,0
http://github.com/,legitimate,0
http://support.notion.so/faq,legitimate,0
http://stripe.com/contact,legitimate,0
http://stripe.com/dashboard,legitimate,0
http://www.canva.com/explore,legitimate,0
http://www.apple.com/help,legitimate,0
http://developer.tumblr.com/index.html,legitimate,0
http://www.ebay.com/about,legitimate,0
http://amazon.com/dashboard,legitimate,0
http://www.ebay.com/pricing,legitimate,0
https://www.trello.com/,legitimate,0
http://www.tumblr.com/,legitimate,0
https://www.bbc.com/about,legitimate,0
https://blog.hubspot.com/docs,legitimate,0
https://medium.com/feed,legitimate,0
http://shop.facebook.com/privacy,legitimate,0
https://www.cloudflare.com/docs,legitimate,0
https://theguardian.com/feed,legitimate,0
http://developer.tumblr.com/search,legitimate,0
https://www.apple.com/help,legitimate,0
http://pinterest.com/profile,legitimate,0
http://docs.twitch.tv/help,legitimate,0
https://yahoo.com/docs,legitimate,0
https://hubspot.com/dashboard,legitimate,0
http://mail.forbes.com/settings,legitimate,0
http://blog.mailchimp.com/about,legitimate,0
http://instagram.com/contact,legitimate,0
https://www.youtube.com/feed,legitimate,0
http://news.linkedin.com/privacy,legitimate,0
https://www.notion.so/help,legitimate,0
http://shop.yahoo.com/home,legitimate,0
http://www.evernote.com/download,legitimate,0
http://blog.paypal.com/terms,legitimate,0
https://www.bbc.com/,legitimate,0
https://discord.com/about,legitimate,0
https://developer.stackoverflow.com/feed,legitimate,0
http://www.github.com/faq,legitimate,0
http://blog.discord.com/privacy,legitimate,0
https://account.microsoft.com/terms,legitimate,0
https://blog.target.com/privacy,legitimate,0
http://youtube.com/index.html,legitimate,0
https://www.stripe.com/contact,legitimate,0
http://billing.youtube.com/help,legitimate,0
http://www.medium.com/explore,legitimate,0
http://mailchimp.com/,legitimate,0
https://www.nytimes.com/docs,legitimate,0
https://developer.netflix.com/dashboard,legitimate,0
http://www.linkedin.com/feed,legitimate,0
https://evernote.com/login,legitimate,0
http://netflix.com/login,legitimate,0
https://www.target.com/pricing,legitimate,0
https://www.quora.com/dashboard,legitimate,0
https://www.bbc.com/docs,legitimate,0
http://www.youtube.com/index.html,legitimate,0
http://www.medium.com/contact,legitimate,0
http://twitch.tv/help,legitimate,0
http://support.google.com/login,legitimate,0
http://www.cloudflare.com/explore,legitimate,0
http://www.wikipedia.org/terms,legitimate,0
https://developer.twitch.tv/index.html,legitimate,0
http://www.imdb.com/profile,legitimate,0
https://notion.so/feed,legitimate,0
http://www.netflix.com/contact,legitimate,0
http://facebook.com/,legitimate,0
https://www.theguardian.com/docs,legitimate,0
https://billing.linkedin.com/dashboard,legitimate,0
http://www.target.com/settings,legitimate,0
http://account.forbes.com/help,legitimate,0
http://cloudflare.com/dashboard,legitimate,0
https://shop.discord.com,legitimate,0
http://support.walmart.com/terms,legitimate,0
https://www.nytimes.com/about,legitimate,0
http://blog.medium.com/,legitimate,0
https://trello.com/dashboard,legitimate,0
http://www.mailchimp.com/contact,legitimate,0
http://account.nytimes.com/,legitimate,0
https://imdb.com/dashboard,legitimate,0
http://www.spotify.com/about,legitimate,0
http://www.forbes.com/feed,legitimate,0
http://www.github.com/search,legitimate,0
http://www.stackoverflow.com/settings,legitimate,0
http://docs.cnn.com/dashboard,legitimate,0
http://developer.tumblr.com/settings,legitimate,0
https://billing.forbes.com/explore,legitimate,0
http://twitch.tv/,legitimate,0
http://www.trello.com/profile,legitimate,0
http://forbes.com/profile,legitimate,0
http://target.com/terms,legitimate,0
https://salesforce.com/download,legitimate,0
https://twitter.com/pricing,legitimate,0
http://hubspot.com/home,legitimate,0
https://figma.com/help,legitimate,0
http://www.spotify.com/settings,legitimate,0
https://mail.quora.com/search,legitimate,0
https://www.apple.com/,legitimate,0
http://twitch.tv/,legitimate,0
https://support.ebay.com/login,legitimate,0
http://www.stripe.com/faq,legitimate,0
http://blog.evernote.com/profile,legitimate,0
https://www.microsoft.com/docs,legitimate,0
http://zoom.us/settings,legitimate,0
https://blog.paypal.com/explore,legitimate,0
http://www.amazon.com/explore,legitimate,0
https://nytimes.com/dashboard,legitimate,0
https://www.slack.com/search,legitimate,0
http://www.discord.com/terms,legitimate,0
https://support.cloudflare.com/search,legitimate,0
https://www.discord.com/about,legitimate,0
http://account.discord.com/login,legitimate,0
http://developer.stackoverflow.com/search,legitimate,0
https://evernote.com/privacy,legitimate,0
http://shop.imdb.com/help,legitimate,0
https://docs.ebay.com/index.html,legitimate,0
http://account.cloudflare.com/index.html,legitimate,0
https://www.bbc.com/contact,legitimate,0
https://www.theguardian.com/docs,legitimate,0
https://docs.walmart.com/help,legitimate,0
https://www.wikipedia.org/docs,legitimate,0
https://www.evernote.com/terms,legitimate,0
https://www.hubspot.com/settings,legitimate,0
https://www.google.com/contact,legitimate,0
https://www.dropbox.com/index.html,legitimate,0
https://www.facebook.com/settings,legitimate,0
http://stripe.com/pricing,legitimate,0
http://www.slack.com/explore,legitimate,0
https://stripe.com/feed,legitimate,0
https://blog.notion.so/download,legitimate,0
https://youtube.com/settings,legitimate,0
http://www.forbes.com/explore,legitimate,0
https://www.dropbox.com/home,legitimate,0
http://docs.instagram.com/,legitimate,0
http://medium.com/contact,legitimate,0
https://mail.facebook.com/docs,legitimate,0
https://docs.facebook.com/explore,legitimate,0
http://docs.reddit.com/,legitimate,0
https://www.stackoverflow.com/terms,legitimate,0
http://billing.hubspot.com/dashboard,legitimate,0
https://salesforce.com/download,legitimate,0
https://www.tumblr.com/,legitimate,0
https://shop.cnn.com/,legitimate,0
http://shop.spotify.com/pricing,legitimate,0
http://www.slack.com/about,legitimate,0
http://discord.com/home,legitimate,0
http://www.figma.com/pricing,legitimate,0
https://pinterest.com/contact,legitimate,0
http://www.cloudflare.com/index.html,legitimate,0
https://www.slack.com/privacy,legitimate,0
https://walmart.com/faq,legitimate,0
https://zoom.us/settings,legitimate,0
https://instagram.com/help,legitimate,0
https://billing.reddit.com/explore,legitimate,0
https://www.twitch.tv/explore,legitimate,0
http://account.dropbox.com/settings,legitimate,0
http://developer.cnn.com/docs,legitimate,0
https://www.reddit.com/feed,legitimate,0
http://quora.com/search,legitimate,0
https://www.imdb.com/terms,legitimate,0
http://github.com/dashboard,legitimate,0
https://shop.medium.com/help,legitimate,0
http://www.stripe.com/help,legitimate,0
http://blog.dropbox.com/about,legitimate,0
https://www.apple.com/faq,legitimate,0
https://yahoo.com/,legitimate,0
https://paypal.com/search,legitimate,0
https://reddit.com/download,legitimate,0
http://target.com/privacy,legitimate,0
http://google.com/faq,legitimate,0
http://theguardian.com/profile,legitimate,0
http://www.mailchimp.com/pricing,legitimate,0
https://theguardian.com/home,legitimate,0
https://docs.theguardian.com/profile,legitimate,0
http://www.amazon.com/feed,legitimate,0
http://news.medium.com/search,legitimate,0
http://mail.stripe.com/,legitimate,0
https://www.slack.com/faq,legitimate,0
http://www.google.com/about,legitimate,0
https://www.stripe.com/dashboard,legitimate,0
https://stackoverflow.com/contact,legitimate,0
http://yahoo.com/profile,legitimate,0
https://www.youtube.com/contact,legitimate,0
https://discord.com/about,legitimate,0
https://www.hubspot.com/faq,legitimate,0
http://shop.linkedin.com/index.html,legitimate,0
http://canva.com/search,legitimate,0
https://developer.target.com/privacy,legitimate,0
http://paypal.com/profile,legitimate,0
http://dropbox.com/faq,legitimate,0
http://hubspot.com/terms,legitimate,0
http://mail.twitch.tv/search,legitimate,0
https://www.netflix.com/explore,legitimate,0
https://www.cloudflare.com/login,legitimate,0
https://www.trello.com/feed,legitimate,0
http://amazon.com/about,legitimate,0
http://news.imdb.com/download,legitimate,0
http://amazon.com/feed,legitimate,0
https://billing.spotify.com/explore,legitimate,0
https://www.slack.com/index.html,legitimate,0
https://billing.microsoft.com/explore,legitimate,0
https://www.discord.com/profile,legitimate,0
http://microsoft.com/pricing,legitimate,0
http://www.nytimes.com/index.html,legitimate,0
http://paypal.com/help,legitimate,0
https://linkedin.com/settings,legitimate,0
https://www.target.com/explore,legitimate,0
http://www.canva.com/privacy,legitimate,0
https://www.ebay.com/contact,legitimate,0
http://notion.so/dashboard,legitimate,0
http://news.medium.com/dashboard,legitimate,0
http://www.cloudflare.com/login,legitimate,0
https://billing.apple.com/faq,legitimate,0
https://news.reddit.com/docs,legitimate,0
http://www.hubspot.com/help,legitimate,0
https://pinterest.com/home,legitimate,0
http://trello.com/privacy,legitimate,0
http://www.forbes.com/download,legitimate,0
http://cloudflare.com/faq,legitimate,0
https://salesforce.com/feed,legitimate,0
https://quora.com/explore,legitimate,0
http://google.com/login,legitimate,0
http://docs.theguardian.com/faq,legitimate,0
https://www.notion.so/docs,legitimate,0
https://nytimes.com/login,legitimate,0
http://instagram.com/home,legitimate,0
http://www.evernote.com/contact,legitimate,0
http://www.twitter.com/docs,legitimate,0
http://discord.com/,legitimate,0
https://www.stripe.com/login,legitimate,0
https://docs.apple.com/faq,legitimate,0
https://developer.canva.com/docs,legitimate,0
https://shop.apple.com/about,legitimate,0
http://target.com/contact,legitimate,0
http://www.slack.com,legitimate,0
https://www.yahoo.com/terms,legitimate,0
https://cloudflare.com/dashboard,legitimate,0
https://pinterest.com/help,legitimate,0
http://www.target.com/explore,legitimate,0
https://www.evernote.com/privacy,legitimate,0
https://support.walmart.com/index.html,legitimate,0
https://medium.com/settings,legitimate,0
https://www.mailchimp.com/home,legitimate,0
http://shop.linkedin.com/terms,legitimate,0
http://cnn.com/faq,legitimate,0
https://cnn.com/settings,legitimate,0
https://www.trello.com/privacy,legitimate,0
https://cnn.com/home,legitimate,0
https://shop.bbc.com/help,legitimate,0
http://www.trello.com/help,legitimate,0
https://mail.youtube.com/search,legitimate,0
http://www.stackoverflow.com/faq,legitimate,0
http://www.quora.com/help,legitimate,0
https://tumblr.com/faq,legitimate,0
http://trello.com/faq,legitimate,0
https://stripe.com/search,legitimate,0
http://www.pinterest.com/feed,legitimate,0
https://medium.com/contact,legitimate,0
http://billing.canva.com/about,legitimate,0
https://wikipedia.org/terms,legitimate,0
http://www.ebay.com/faq,legitimate,0
https://developer.twitch.tv/settings,legitimate,0
http://account.twitter.com/home,legitimate,0
http://www.stripe.com/home,legitimate,0
https://spotify.com/search,legitimate,0
http://quora.com/profile,legitimate,0
http://www.yahoo.com/index.html,legitimate,0
http://account.tumblr.com/feed,legitimate,0
http://www.walmart.com,legitimate,0
https://news.salesforce.com/feed,legitimate,0
https://www.reddit.com/pricing,legitimate,0
https://www.spotify.com/settings,legitimate,0
http://account.linkedin.com/terms,legitimate,0
http://developer.wikipedia.org/,legitimate,0
https://instagram.com/about,legitimate,0
http://canva.com/contact,legitimate,0
https://tumblr.com/index.html,legitimate,0
http://cloudflare.com/about,legitimate,0
https://shop.discord.com/search,legitimate,0
http://mail.twitter.com,legitimate,0
https://linkedin.com/terms,legitimate,0
https://account.trello.com,legitimate,0
https://canva.com/home,legitimate,0
http://slack.com/index.html,legitimate,0
https://www.cloudflare.com/settings,legitimate,0
https://stripe.com/home,legitimate,0
https://account.google.com/privacy,legitimate,0
https://www.reddit.com/home,legitimate,0
http://billing.trello.com/contact,legitimate,0
https://instagram.com/terms,legitimate,0
http://www.spotify.com/home,legitimate,0
https://support.amazon.com/search,legitimate,0
http://www.discord.com/contact,legitimate,0
https://www.stripe.com/,legitimate,0
https://www.instagram.com/search,legitimate,0
http://theguardian.com,legitimate,0
http://slack.com/terms,legitimate,0
http://developer.hubspot.com/about,legitimate,0
http://walmart.com/index.html,legitimate,0
https://facebook.com/,legitimate,0
http://www.paypal.com/download,legitimate,0
http://shop.notion.so/index.html,legitimate,0
https://discord.com/index.html,legitimate,0
https://blog.spotify.com/explore,legitimate,0
https://support.canva.com/search,legitimate,0
https://canva.com/login,legitimate,0
http://billing.wikipedia.org/settings,legitimate,0
https://linkedin.com,legitimate,0
https://www.theguardian.com/download,legitimate,0
http://www.linkedin.com/profile,legitimate,0
https://www.canva.com/profile,legitimate,0
https://support.quora.com/index.html,legitimate,0
http://news.cloudflare.com/,legitimate,0
http://cloudflare.com/about,legitimate,0
http://mail.hubspot.com/login,legitimate,0
https://facebook.com,legitimate,0
https://www.cloudflare.com/explore,legitimate,0
https://imdb.com/pricing,legitimate,0
https://figma.com/dashboard,legitimate,0
http://mail.cloudflare.com/login,legitimate,0
https://theguardian.com/,legitimate,0
http://www.twitch.tv/settings,legitimate,0
http://mail.evernote.com,legitimate,0
http://www.quora.com/settings,legitimate,0
https://www.walmart.com/help,legitimate,0
https://netflix.com,legitimate,0
http://forbes.com/feed,legitimate,0
https://salesforce.com/explore,legitimate,0
http://theguardian.com/search,legitimate,0
http://netflix.com/profile,legitimate,0
https://theguardian.com/pricing,legitimate,0
http://news.amazon.com/terms,legitimate,0
https://paypal.com/explore,legitimate,0
https://billing.wikipedia.org/pricing,legitimate,0
https://www.pinterest.com/dashboard,legitimate,0
http://www.trello.com/profile,legitimate,0
https://linkedin.com/terms,legitimate,0
https://microsoft.com/docs,legitimate,0
http://www.instagram.com/faq,legitimate,0
http://www.discord.com/docs,legitimate,0
http://microsoft.com/settings,legitimate,0
https://www.netflix.com/index.html,legitimate,0
https://www.bbc.com/,legitimate,0
http://youtube.com/explore,legitimate,0
http://account.imdb.com/search,legitimate,0
https://linkedin.com/login,legitimate,0
https://linkedin.com/contact,legitimate,0
http://developer.paypal.com/index.html,legitimate,0
http://yahoo.com/contact,legitimate,0
http://zoom.us/login,legitimate,0
https://microsoft.com/terms,legitimate,0
http://www.youtube.com/explore,legitimate,0
http://www.reddit.com/about,legitimate,0
http://www.netflix.com/,legitimate,0
https://www.figma.com/faq,legitimate,0
http://tumblr.com/explore,legitimate,0
https://stripe.com/download,legitimate,0
https://slack.com/feed,legitimate,0
http://www.dropbox.com/terms,legitimate,0
http://www.apple.com,legitimate,0
http://youtube.com/profile,legitimate,0
https://news.dropbox.com/terms,legitimate,0
https://medium.com/search,legitimate,0
http://account.wikipedia.org/search,legitimate,0
http://apple.com/search,legitimate,0
http://developer.youtube.com/feed,legitimate,0
https://cnn.com/faq,legitimate,0
http://www.facebook.com/index.html,legitimate,0
https://docs.stackoverflow.com,legitimate,0
http://www.target.com/contact,legitimate,0
https://developer.apple.com/dashboard,legitimate,0
https://walmart.com/home,legitimate,0
https://www.yahoo.com/feed,legitimate,0
http://zoom.us/settings,legitimate,0
http://canva.com/help,legitimate,0
http://blog.imdb.com/privacy,legitimate,0
http://docs.walmart.com/about,legitimate,0
http://support.mailchimp.com/settings,legitimate,0
https://blog.google.com/terms,legitimate,0
http://apple.com/privacy,legitimate,0
http://paypal.com/terms,legitimate,0
https://zoom.us/index.html,legitimate,0
https://www.microsoft.com/index.html,legitimate,0
http://pinterest.com/contact,legitimate,0
https://www.pinterest.com/login,legitimate,0
https://www.trello.com/pricing,legitimate,0
https://www.slack.com/feed,legitimate,0
http://www.quora.com/search,legitimate,0
https://facebook.com/settings,legitimate,0
https://www.twitter.com/index.html,legitimate,0
http://www.microsoft.com/index.html,legitimate,0
https://developer.target.com/help,legitimate,0
https://shop.microsoft.com/privacy,legitimate,0
http://twitter.com/dashboard,legitimate,0
https://www.mailchimp.com/faq,legitimate,0
http://www.medium.com/login,legitimate,0
https://shop.imdb.com/help,legitimate,0
https://www.google.com/pricing,legitimate,0
https://support.paypal.com/privacy,legitimate,0
http://youtube.com/contact,legitimate,0
https://nytimes.com/login,legitimate,0
http://www.cnn.com/profile,legitimate,0
https://www.apple.com/feed,legitimate,0
http://trello.com/,legitimate,0
http://www.pinterest.com/search,legitimate,0
http://netflix.com/login,legitimate,0
https://developer.figma.com/terms,legitimate,0
https://slack.com/download,legitimate,0
http://account.nytimes.com/terms,legitimate,0
https://www.amazon.com/explore,legitimate,0
https://account.theguardian.com/terms,legitimate,0
https://www.apple.com/about,legitimate,0
https://facebook.com/pricing,legitimate,0
https://paypal.com/home,legitimate,0
http://developer.yahoo.com/index.html,legitimate,0
http://www.imdb.com/dashboard,legitimate,0
http://www.google.com/privacy,legitimate,0
http://www.netflix.com/home,legitimate,0
https://mail.twitter.com/settings,legitimate,0
http://www.slack.com/help,legitimate,0
http://tumblr.com/explore,legitimate,0
https://billing.hubspot.com/explore,legitimate,0
https://www.mailchimp.com/search,legitimate,0
https://www.cloudflare.com,legitimate,0
http://www.tumblr.com/help,legitimate,0
https://discord.com/docs,legitimate,0
http://support.figma.com/privacy,legitimate,0
https://www.reddit.com/pricing,legitimate,0
http://www.wikipedia.org/download,legitimate,0
https://www.bbc.com/explore,legitimate,0
https://account.youtube.com/about,legitimate,0
https://medium.com/,legitimate,0
http://www.github.com/profile,legitimate,0
http://news.notion.so/login,legitimate,0
https://www.cnn.com/privacy,legitimate,0
http://www.walmart.com/faq,legitimate,0
http://pinterest.com/index.html,legitimate,0
http://www.wikipedia.org/about,legitimate,0
https://docs.stackoverflow.com/contact,legitimate,0
http://shop.youtube.com,legitimate,0
http://blog.apple.com/privacy,legitimate,0
https://www.ebay.com/settings,legitimate,0
http://www.dropbox.com/docs,legitimate,0
http://www.discord.com/download,legitimate,0
http://google.com/download,legitimate,0
http://account.ebay.com/privacy,legitimate,0
http://support.twitter.com/help,legitimate,0
https://www.paypal.com/dashboard,legitimate,0
http://support.stripe.com/settings,legitimate,0
https://blog.medium.com/,legitimate,0
http://developer.linkedin.com,legitimate,0
http://www.figma.com/explore,legitimate,0
http://www.quora.com/contact,legitimate,0
http://docs.forbes.com/help,legitimate,0
http://www.microsoft.com/faq,legitimate,0
https://nytimes.com/home,legitimate,0
http://hubspot.com/dashboard,legitimate,0
https://www.stackoverflow.com/settings,legitimate,0
http://www.pinterest.com/terms,legitimate,0
http://nytimes.com/,legitimate,0
https://bbc.com/login,legitimate,0
http://www.figma.com/,legitimate,0
https://zoom.us/pricing,legitimate,0
http://www.apple.com/index.html,legitimate,0
http://developer.apple.com/dashboard,legitimate,0
https://www.tumblr.com/contact,legitimate,0
https://cnn.com/index.html,legitimate,0
https://www.paypal.com/pricing,legitimate,0
http://www.slack.com,legitimate,0
https://cloudflare.com,legitimate,0
http://youtube.com,legitimate,0
https://docs.dropbox.com/settings,legitimate,0
https://www.bbc.com/terms,legitimate,0
http://facebook.com/settings,legitimate,0
http://news.theguardian.com/privacy,legitimate,0
http://shop.linkedin.com/dashboard,legitimate,0
http://microsoft.com/explore,legitimate,0
https://linkedin.com/contact,legitimate,0
https://billing.microsoft.com/login,legitimate,0
http://www.paypal.com/profile,legitimate,0
https://salesforce.com/login,legitimate,0
https://www.instagram.com/pricing,legitimate,0
http://imdb.com/profile,legitimate,0
http://mailchimp.com,legitimate,0
http://shop.twitter.com/download,legitimate,0
http://billing.mailchimp.com/home,legitimate,0
http://mail.target.com/login,legitimate,0
http://cnn.com/contact,legitimate,0
https://support.github.com/feed,legitimate,0
http://facebook.com/faq,legitimate,0
http://docs.nytimes.com/dashboard,legitimate,0
https://salesforce.com/index.html,legitimate,0
https://billing.cnn.com/home,legitimate,0
https://twitter.com/profile,legitimate,0
https://www.pinterest.com/docs,legitimate,0
https://facebook.com/settings,legitimate,0
http://www.instagram.com/login,legitimate,0
https://salesforce.com/about,legitimate,0
http://www.target.com/profile,legitimate,0
https://www.apple.com/login,legitimate,0
http://www.tumblr.com/explore,legitimate,0
http://shop.microsoft.com/login,legitimate,0
https://twitter.com/pricing,legitimate,0
http://billing.trello.com/about,legitimate,0
http://developer.youtube.com/home,legitimate,0
http://figma.com/docs,legitimate,0
https://www.stripe.com/dashboard,legitimate,0
https://account.quora.com/terms,legitimate,0
https://developer.theguardian.com/privacy,legitimate,0
https://shop.medium.com/help,legitimate,0
http://imdb.com/privacy,legitimate,0
https://www.microsoft.com/download,legitimate,0
http://yahoo.com/help,legitimate,0
http://www.tumblr.com/,legitimate,0
https://account.slack.com/explore,legitimate,0
https://www.trello.com/terms,legitimate,0
http://www.trello.com/dashboard,legitimate,0
https://news.stripe.com,legitimate,0
https://www.facebook.com/faq,legitimate,0
https://mail.target.com/settings,legitimate,0
https://www.cloudflare.com/,legitimate,0
https://www.imdb.com/privacy,legitimate,0
http://developer.trello.com/login,legitimate,0
https://zoom.us/feed,legitimate,0
http://account.cloudflare.com/login,legitimate,0
https://www.linkedin.com/pricing,legitimate,0
https://support.github.com/contact,legitimate,0
https://evernote.com/contact,legitimate,0
http://www.facebook.com/terms,legitimate,0
https://www.salesforce.com/terms,legitimate,0
https://theguardian.com/,legitimate,0
http://www.bbc.com/about,legitimate,0
https://slack.com/privacy,legitimate,0
http://www.figma.com/privacy,legitimate,0
https://www.zoom.us/settings,legitimate,0
http://figma.com/privacy,legitimate,0
http://www.imdb.com/contact,legitimate,0
https://docs.twitch.tv/feed,legitimate,0
https://blog.forbes.com/dashboard,legitimate,0
https://developer.nytimes.com/terms,legitimate,0
http://www.canva.com,legitimate,0
https://www.netflix.com/,legitimate,0
https://www.microsoft.com/settings,legitimate,0
http://mailchimp.com/settings,legitimate,0
https://dropbox.com/docs,legitimate,0
https://billing.imdb.com/search,legitimate,0
http://docs.mailchimp.com/settings,legitimate,0
https://www.figma.com/dashboard,legitimate,0
https://www.pinterest.com/contact,legitimate,0
http://docs.stripe.com/feed,legitimate,0
https://www.trello.com/about,legitimate,0
https://bbc.com/login,legitimate,0
http://www.tumblr.com/faq,legitimate,0
http://walmart.com/profile,legitimate,0
https://www.netflix.com/,legitimate,0
https://developer.wikipedia.org/privacy,legitimate,0
http://news.imdb.com/feed,legitimate,0
https://developer.stackoverflow.com/about,legitimate,0
https://figma.com/faq,legitimate,0
http://www.stackoverflow.com/contact,legitimate,0
http://www.twitch.tv/contact,legitimate,0
http://account.google.com/login,legitimate,0
http://stripe.com/privacy,legitimate,0
https://www.spotify.com/explore,legitimate,0
https://www.forbes.com/settings,legitimate,0
https://www.bbc.com/download,legitimate,0
http://twitch.tv/contact,legitimate,0
http://twitter.com/about,legitimate,0
https://salesforce.com/contact,legitimate,0
http://forbes.com/pricing,legitimate,0
https://evernote.com/dashboard,legitimate,0
https://wikipedia.org/about,legitimate,0
http://quora.com/search,legitimate,0
http://www.trello.com/explore,legitimate,0
http://slack.com/login,legitimate,0
https://walmart.com/,legitimate,0
https://developer.twitter.com/settings,legitimate,0
http://twitch.tv/docs,legitimate,0
http://shop.youtube.com/help,legitimate,0
https://linkedin.com/explore,legitimate,0
http://www.hubspot.com/feed,legitimate,0
https://account.netflix.com/login,legitimate,0
https://www.ebay.com/explore,legitimate,0
https://dropbox.com/contact,legitimate,0
http://microsoft.com/about,legitimate,0
https://www.github.com/login,legitimate,0
https://imdb.com/docs,legitimate,0
https://support.yahoo.com/profile,legitimate,0
https://docs.walmart.com/help,legitimate,0
http://salesforce.com/search,legitimate,0
https://support.yahoo.com/contact,legitimate,0
http://www.zoom.us/privacy,legitimate,0
http://quora.com/terms,legitimate,0
http://www.microsoft.com,legitimate,0
http://stripe.com/pricing,legitimate,0
http://hubspot.com/dashboard,legitimate,0
http://www.dropbox.com/settings,legitimate,0
http://apple.com/privacy,legitimate,0
https://forbes.com/contact,legitimate,0
http://mail.yahoo.com,legitimate,0
https://billing.notion.so/terms,legitimate,0
https://www.pinterest.com/faq,legitimate,0
http://www.notion.so/search,legitimate,0
http://www.bbc.com/download,legitimate,0
https://www.bbc.com,legitimate,0
https://billing.microsoft.com/download,legitimate,0
https://apple.com/terms,legitimate,0
https://www.facebook.com/search,legitimate,0
http://pinterest.com/feed,legitimate,0
https://www.reddit.com/download,legitimate,0
http://www.evernote.com/,legitimate,0
https://theguardian.com/profile,legitimate,0
http://billing.quora.com/about,legitimate,0
http://www.walmart.com/index.html,legitimate,0
http://theguardian.com/explore,legitimate,0
http://www.nytimes.com/privacy,legitimate,0
https://trello.com/about,legitimate,0
https://mail.stripe.com/profile,legitimate,0
https://microsoft.com/feed,legitimate,0
https://www.zoom.us/login,legitimate,0
http://www.reddit.com/terms,legitimate,0
https://medium.com/,legitimate,0
https://billing.microsoft.com/home,legitimate,0
https://wikipedia.org/about,legitimate,0
http://blog.notion.so/privacy,legitimate,0
https://reddit.com/docs,legitimate,0
http://stackoverflow.com/pricing,legitimate,0
https://target.com/download,legitimate,0
http://blog.hubspot.com/dashboard,legitimate,0
http://billing.yahoo.com/search,legitimate,0
http://twitter.com,legitimate,0
https://account.hubspot.com/pricing,legitimate,0
https://apple.com/help,legitimate,0
https://account.instagram.com/index.html,legitimate,0
http://blog.forbes.com,legitimate,0
http://www.cloudflare.com/,legitimate,0
http://www.slack.com/feed,legitimate,0
https://pinterest.com/help,legitimate,0
https://www.ebay.com/faq,legitimate,0
http://google.com,legitimate,0
https://slack.com/contact,legitimate,0
http://www.twitter.com/home,legitimate,0
http://www.pinterest.com/faq,legitimate,0
http://www.target.com/profile,legitimate,0
http://www.imdb.com/faq,legitimate,0
http://www.imdb.com/faq,legitimate,0
http://www.quora.com/feed,legitimate,0
http://blog.instagram.com/search,legitimate,0
http://reddit.com/download,legitimate,0
http://developer.target.com/,legitimate,0
https://shop.google.com/index.html,legitimate,0
https://news.canva.com/index.html,legitimate,0
https://cloudflare.com/index.html,legitimate,0
https://www.target.com/download,legitimate,0
http://apple.com/help,legitimate,0
http://salesforce.com/download,legitimate,0
http://ebay.com/download,legitimate,0
https://hubspot.com/,legitimate,0
http://docs.google.com/about,legitimate,0
https://www.dropbox.com/explore,legitimate,0
http://theguardian.com,legitimate,0
https://mail.twitch.tv/faq,legitimate,0
http://www.stackoverflow.com/privacy,legitimate,0
https://www.quora.com,legitimate,0
http://www.bbc.com/login,legitimate,0
https://www.zoom.us/login,legitimate,0
http://account.pinterest.com/docs,legitimate,0
http://www.medium.com/dashboard,legitimate,0
http://news.youtube.com/help,legitimate,0
https://slack.com/search,legitimate,0
https://www.dropbox.com/download,legitimate,0
https://twitch.tv/index.html,legitimate,0
http://imdb.com/about,legitimate,0
http://www.reddit.com/terms,legitimate,0
http://blog.hubspot.com/contact,legitimate,0
http://medium.com/profile,legitimate,0
https://medium.com/privacy,legitimate,0
http://instagram.com/index.html,legitimate,0
http://forbes.com/,legitimate,0
http://developer.spotify.com/help,legitimate,0
http://bbc.com/profile,legitimate,0
http://docs.linkedin.com/,legitimate,0
http://news.facebook.com/download,legitimate,0
http://shop.apple.com/docs,legitimate,0
https://www.spotify.com,legitimate,0
https://www.walmart.com/login,legitimate,0
http://developer.pinterest.com/about,legitimate,0
http://www.nytimes.com/privacy,legitimate,0
http://cnn.com/pricing,legitimate,0
https://shop.cloudflare.com/feed,legitimate,0
http://www.apple.com/terms,legitimate,0
https://billing.stackoverflow.com/login,legitimate,0
http://docs.canva.com/explore,legitimate,0
https://blog.netflix.com/help,legitimate,0
https://www.cnn.com/home,legitimate,0
http://www.pinterest.com/faq,legitimate,0
https://mailchimp.com/about,legitimate,0
https://www.nytimes.com/login,legitimate,0
http://www.cloudflare.com/feed,legitimate,0
http://figma.com/login,legitimate,0
http://quora.com/terms,legitimate,0
https://www.spotify.com/download,legitimate,0
http://slack.com/privacy,legitimate,0
http://news.netflix.com/about,legitimate,0
http://shop.target.com/terms,legitimate,0
http://microsoft.com/dashboard,legitimate,0
https://www.stripe.com/settings,legitimate,0
http://billing.notion.so/profile,legitimate,0
http://developer.walmart.com/download,legitimate,0
http://apple.com,legitimate,0
https://docs.pinterest.com/index.html,legitimate,0
https://www.twitter.com/login,legitimate,0
https://news.wikipedia.org,legitimate,0
http://twitter.com/profile,legitimate,0
https://mail.slack.com/settings,legitimate,0
https://docs.twitch.tv/docs,legitimate,0
https://blog.microsoft.com,legitimate,0
https://www.nytimes.com/docs,legitimate,0
http://www.linkedin.com/faq,legitimate,0
https://billing.evernote.com/terms,legitimate,0
http://account.paypal.com/faq,legitimate,0
http://www.forbes.com/search,legitimate,0
https://www.cloudflare.com/pricing,legitimate,0
http://www.google.com,legitimate,0
https://www.nytimes.com/faq,legitimate,0
https://www.discord.com,legitimate,0
http://support.stackoverflow.com,legitimate,0
http://www.imdb.com/pricing,legitimate,0
http://stripe.com/explore,legitimate,0
http://www.amazon.com/pricing,legitimate,0
https://account.mailchimp.com/profile,legitimate,0
http://www.figma.com/contact,legitimate,0
https://twitch.tv/login,legitimate,0
http://www.tumblr.com/privacy,legitimate,0
http://www.youtube.com/home,legitimate,0
https://apple.com/login,legitimate,0
http://trello.com,legitimate,0
https://google.com/help,legitimate,0
https://www.discord.com/help,legitimate,0
http://news.facebook.com/dashboard,legitimate,0
https://tumblr.com/explore,legitimate,0
https://www.apple.com/contact,legitimate,0
http://instagram.com/search,legitimate,0
http://facebook.com/contact,legitimate,0
http://mail.salesforce.com/contact,legitimate,0
http://shop.discord.com/dashboard,legitimate,0
https://www.imdb.com/download,legitimate,0
https://www.paypal.com/settings,legitimate,0
https://salesforce.com/contact,legitimate,0
https://docs.canva.com/dashboard,legitimate,0
https://www.walmart.com/login,legitimate,0
http://facebook.com/terms,legitimate,0
http://cloudflare.com/index.html,legitimate,0
https://www.amazon.com/privacy,legitimate,0
http://dropbox.com/home,legitimate,0
https://www.stackoverflow.com/dashboard,legitimate,0
http://news.github.com,legitimate,0
http://developer.linkedin.com/profile,legitimate,0
https://news.trello.com/faq,legitimate,0
http://account.cnn.com/contact,legitimate,0
https://www.spotify.com/docs,legitimate,0
http://billing.microsoft.com/index.html,legitimate,0
https://www.pinterest.com/faq,legitimate,0
http://paypal.com/download,legitimate,0
http://target.com/feed,legitimate,0
https://developer.yahoo.com/faq,legitimate,0
http://docs.hubspot.com/help,legitimate,0
https://www.spotify.com/pricing,legitimate,0
http://theguardian.com/index.html,legitimate,0
https://facebook.com/contact,legitimate,0
https://twitter.com/,legitimate,0
http://news.target.com/terms,legitimate,0
http://www.stackoverflow.com/privacy,legitimate,0
https://stripe.com/help,legitimate,0
https://news.wikipedia.org/feed,legitimate,0
http://developer.wikipedia.org/privacy,legitimate,0
http://yahoo.com/settings,legitimate,0
https://docs.twitter.com/login,legitimate,0
https://www.github.com/contact,legitimate,0
https://billing.apple.com/faq,legitimate,0
http://mail.quora.com/feed,legitimate,0
http://microsoft.com/about,legitimate,0
http://www.salesforce.com/about,legitimate,0
http://www.imdb.com/dashboard,legitimate,0
http://shop.canva.com/dashboard,legitimate,0
https://billing.reddit.com/explore,legitimate,0
http://www.trello.com/explore,legitimate,0
https://www.ebay.com,legitimate,0
https://discord.com/search,legitimate,0
https://mailchimp.com/profile,legitimate,0
https://evernote.com/feed,legitimate,0
https://www.cloudflare.com/terms,legitimate,0
https://www.discord.com/index.html,legitimate,0
http://yahoo.com/dashboard,legitimate,0
http://www.mailchimp.com/terms,legitimate,0
https://billing.discord.com/,legitimate,0
http://zoom.us/feed,legitimate,0
http://stackoverflow.com/privacy,legitimate,0
https://discord.com/download,legitimate,0
https://developer.quora.com/home,legitimate,0
http://account.stackoverflow.com/home,legitimate,0
https://www.ebay.com/terms,legitimate,0
https://www.twitch.tv/explore,legitimate,0
https://www.amazon.com/help,legitimate,0
https://www.pinterest.com/index.html,legitimate,0
http://www.mailchimp.com/home,legitimate,0
https://news.github.com/help,legitimate,0
http://imdb.com/privacy,legitimate,0
https://tumblr.com/pricing,legitimate,0
http://instagram.com/pricing,legitimate,0
http://www.github.com/dashboard,legitimate,0
http://billing.youtube.com/settings,legitimate,0
https://developer.trello.com/privacy,legitimate,0
https://stackoverflow.com/contact,legitimate,0
http://blog.amazon.com/login,legitimate,0
https://docs.netflix.com/settings,legitimate,0
https://developer.instagram.com/settings,legitimate,0
http://zoom.us/contact,legitimate,0
https://docs.theguardian.com/profile,legitimate,0
http://billing.netflix.com,legitimate,0
http://billing.theguardian.com/,legitimate,0
http://twitch.tv/contact,legitimate,0
http://www.stripe.com,legitimate,0
https://shop.tumblr.com/feed,legitimate,0
https://www.stripe.com/explore,legitimate,0
https://shop.twitter.com/dashboard,legitimate,0
http://billing.amazon.com/about,legitimate,0
https://www.imdb.com,legitimate,0
https://docs.discord.com/dashboard,legitimate,0
http://shop.microsoft.com,legitimate,0
http://www.paypal.com/settings,legitimate,0
https://www.wikipedia.org/profile,legitimate,0
http://www.tumblr.com/search,legitimate,0
https://www.salesforce.com/home,legitimate,0
https://shop.hubspot.com/privacy,legitimate,0
https://quora.com/home,legitimate,0
http://support.zoom.us/docs,legitimate,0
https://docs.linkedin.com/terms,legitimate,0
https://www.mailchimp.com/download,legitimate,0
https://stripe.com/terms,legitimate,0
https://imdb.com/faq,legitimate,0
https://www.netflix.com,legitimate,0
http://www.discord.com/docs,legitimate,0
http://twitter.com/home,legitimate,0
https://www.target.com/profile,legitimate,0
https://stackoverflow.com,legitimate,0
http://mail.nytimes.com/home,legitimate,0
http://slack.com/help,legitimate,0
http://github.com/search,legitimate,0
https://tumblr.com/pricing,legitimate,0
https://yahoo.com/about,legitimate,0
http://www.mailchimp.com/dashboard,legitimate,0
http://www.notion.so/,legitimate,0
http://www.target.com/terms,legitimate,0
https://trello.com/docs,legitimate,0
https://docs.forbes.com/explore,legitimate,0
https://www.theguardian.com/,legitimate,0
https://www.notion.so/settings,legitimate,0
http://canva.com/settings,legitimate,0
https://evernote.com/docs,legitimate,0
https://apple.com/terms,legitimate,0
https://www.spotify.com/docs,legitimate,0
https://www.walmart.com/contact,legitimate,0
http://www.spotify.com/about,legitimate,0
https://trello.com/feed,legitimate,0
https://account.slack.com/download,legitimate,0
https://shop.slack.com/,legitimate,0
https://developer.salesforce.com/home,legitimate,0
https://wikipedia.org/pricing,legitimate,0
http://support.trello.com/settings,legitimate,0
https://github.com,legitimate,0
http://www.cnn.com/help,legitimate,0
https://www.medium.com/contact,legitimate,0
http://www.trello.com/index.html,legitimate,0
https://docs.tumblr.com/privacy,legitimate,0
https://netflix.com/,legitimate,0
http://facebook.com/terms,legitimate,0
http://wikipedia.org/login,legitimate,0
http://hubspot.com/settings,legitimate,0
https://news.walmart.com/feed,legitimate,0
https://www.spotify.com/feed,legitimate,0
http://www.imdb.com/index.html,legitimate,0
http://instagram.com/profile,legitimate,0
http://www.theguardian.com/contact,legitimate,0
https://twitter.com/terms,legitimate,0
https://news.mailchimp.com/privacy,legitimate,0
http://shop.spotify.com/profile,legitimate,0
http://blog.quora.com/help,legitimate,0
http://target.com/search,legitimate,0
http://instagram.com,legitimate,0
http://mail.reddit.com/privacy,legitimate,0
http://zoom.us/feed,legitimate,0
https://www.github.com/settings,legitimate,0
http://www.discord.com/download,legitimate,0
http://hubspot.com/dashboard,legitimate,0
http://shop.quora.com/privacy,legitimate,0
https://zoom.us/dashboard,legitimate,0
http://stripe.com/home,legitimate,0
http://blog.evernote.com/faq,legitimate,0
http://www.wikipedia.org/download,legitimate,0
http://billing.hubspot.com/dashboard,legitimate,0
https://docs.hubspot.com/dashboard,legitimate,0
http://tumblr.com,legitimate,0
http://shop.forbes.com/about,legitimate,0
http://blog.instagram.com/settings,legitimate,0
http://www.figma.com/index.html,legitimate,0
http://www.trello.com/settings,legitimate,0
https://www.apple.com/login,legitimate,0
http://amazon.com/docs,legitimate,0
https://news.netflix.com/contact,legitimate,0
http://news.theguardian.com/settings,legitimate,0
http://theguardian.com/home,legitimate,0
https://www.slack.com/download,legitimate,0
https://www.facebook.com/privacy,legitimate,0
https://www.facebook.com/login,legitimate,0
http://www.discord.com/contact,legitimate,0
http://twitch.tv/profile,legitimate,0
http://news.instagram.com/profile,legitimate,0
https://www.instagram.com,legitimate,0
https://docs.dropbox.com/faq,legitimate,0
http://twitch.tv/terms,legitimate,0
https://discord.com/privacy,legitimate,0
http://www.wikipedia.org/home,legitimate,0
https://news.wikipedia.org/login,legitimate,0
http://canva.com/explore,legitimate,0
https://billing.paypal.com/docs,legitimate,0
http://www.github.com/faq,legitimate,0
https://news.linkedin.com/index.html,legitimate,0
http://www.discord.com/docs,legitimate,0
http://netflix.com/privacy,legitimate,0
http://www.apple.com/dashboard,legitimate,0
http://www.youtube.com/index.html,legitimate,0
http://www.nytimes.com/docs,legitimate,0
https://www.ebay.com/terms,legitimate,0
https://notion.so/login,legitimate,0
http://account.yahoo.com/settings,legitimate,0
http://shop.figma.com/search,legitimate,0
https://nytimes.com/explore,legitimate,0
https://mailchimp.com/terms,legitimate,0
http://shop.zoom.us/faq,legitimate,0
https://blog.salesforce.com/index.html,legitimate,0
http://mail.ebay.com/docs,legitimate,0
http://trello.com/about,legitimate,0
http://ebay.com/login,legitimate,0
http://www.stripe.com/,legitimate,0
https://walmart.com,legitimate,0
https://www.forbes.com/settings,legitimate,0
http://billing.trello.com/contact,legitimate,0
https://www.quora.com/settings,legitimate,0
http://walmart.com,legitimate,0
http://www.wikipedia.org/feed,legitimate,0
https://www.imdb.com/feed,legitimate,0
https://medium.com/pricing,legitimate,0
http://developer.slack.com/explore,legitimate,0
http://shop.reddit.com/about,legitimate,0
http://imdb.com/explore,legitimate,0
http://twitch.tv/home,legitimate,0
https://stripe.com,legitimate,0
https://news.canva.com/home,legitimate,0
https://blog.figma.com/docs,legitimate,0
http://evernote.com/download,legitimate,0
http://www.slack.com/feed,legitimate,0
https://www.ebay.com,legitimate,0
http://docs.bbc.com/profile,legitimate,0
http://account.cloudflare.com/,legitimate,0
https://www.cloudflare.com/login,legitimate,0
http://theguardian.com/profile,legitimate,0
http://theguardian.com/privacy,legitimate,0
https://www.paypal.com/index.html,legitimate,0
http://zoom.us/faq,legitimate,0
https://www.bbc.com/help,legitimate,0
http://www.twitch.tv/settings,legitimate,0
https://www.ebay.com/settings,legitimate,0
http://www.nytimes.com/terms,legitimate,0
https://salesforce.com/settings,legitimate,0
https://www.amazon.com/home,legitimate,0
https://www.linkedin.com/privacy,legitimate,0
http://www.google.com/login,legitimate,0
https://billing.netflix.com/docs,legitimate,0
http://www.mailchimp.com/search,legitimate,0
http://blog.facebook.com/dashboard,legitimate,0
https://blog.netflix.com/help,legitimate,0
http://salesforce.com/docs,legitimate,0
https://docs.dropbox.com/,legitimate,0
http://microsoft.com/docs,legitimate,0
http://www.nytimes.com/faq,legitimate,0
https://shop.slack.com/help,legitimate,0
http://blog.canva.com,legitimate,0
http://www.hubspot.com/dashboard,legitimate,0
https://mail.paypal.com/feed,legitimate,0
http://billing.tumblr.com/dashboard,legitimate,0
http://pinterest.com/terms,legitimate,0
http://news.medium.com/terms,legitimate,0
https://www.hubspot.com/about,legitimate,0
http://hubspot.com,legitimate,0
https://www.twitter.com/download,legitimate,0
https://www.stackoverflow.com/settings,legitimate,0
http://youtube.com/privacy,legitimate,0
https://www.salesforce.com/contact,legitimate,0
https://ebay.com/home,legitimate,0
http://instagram.com/about,legitimate,0
http://www.salesforce.com/index.html,legitimate,0
http://www.mailchimp.com/dashboard,legitimate,0
http://tumblr.com/,legitimate,0
http://www.wikipedia.org/profile,legitimate,0
http://www.yahoo.com/help,legitimate,0
https://www.apple.com/help,legitimate,0
https://blog.canva.com/contact,legitimate,0
https://news.pinterest.com/login,legitimate,0
https://quora.com/profile,legitimate,0
http://www.netflix.com,legitimate,0
https://www.netflix.com/dashboard,legitimate,0
http://bbc.com/help,legitimate,0
http://www.yahoo.com/faq,legitimate,0
https://www.mailchimp.com/help,legitimate,0
https://billing.dropbox.com/dashboard,legitimate,0
http://paypal.com/index.html,legitimate,0
http://www.amazon.com/docs,legitimate,0
http://imdb.com/,legitimate,0
http://www.mailchimp.com/explore,legitimate,0
https://www.amazon.com/docs,legitimate,0
https://github.com,legitimate,0
https://www.yahoo.com/faq,legitimate,0
http://news.trello.com,legitimate,0
https://zoom.us/,legitimate,0
http://stripe.com/download,legitimate,0
http://walmart.com/search,legitimate,0
https://www.netflix.com/help,legitimate,0
https://news.facebook.com/search,legitimate,0
https://paypal.com/,legitimate,0
http://www.target.com/about,legitimate,0
https://cnn.com/privacy,legitimate,0
https://canva.com/dashboard,legitimate,0
http://hubspot.com/terms,legitimate,0
https://facebook.com/terms,legitimate,0
https://instagram.com/profile,legitimate,0
https://mailchimp.com/feed,legitimate,0
https://walmart.com/,legitimate,0
https://mail.target.com/explore,legitimate,0
https://www.amazon.com,legitimate,0
https://stripe.com/terms,legitimate,0
http://shop.nytimes.com/home,legitimate,0
https://blog.tumblr.com/download,legitimate,0
http://apple.com/privacy,legitimate,0
https://cnn.com/privacy,legitimate,0
https://www.figma.com,legitimate,0
https://theguardian.com/login,legitimate,0
http://account.stackoverflow.com/docs,legitimate,0
https://github.com/login,legitimate,0
https://www.apple.com/about,legitimate,0
https://www.cloudflare.com/settings,legitimate,0
https://www.zoom.us/privacy,legitimate,0
http://wikipedia.org/faq,legitimate,0
https://cnn.com/download,legitimate,0
https://trello.com/terms,legitimate,0
http://hubspot.com/dashboard,legitimate,0
https://www.stackoverflow.com/login,legitimate,0
https://slack.com/search,legitimate,0
https://news.cnn.com/,legitimate,0
http://target.com/docs,legitimate,0
https://www.linkedin.com/docs,legitimate,0
https://www.github.com/dashboard,legitimate,0
https://www.quora.com/,legitimate,0
http://evernote.com/docs,legitimate,0
http://www.stackoverflow.com/settings,legitimate,0
https://quora.com/faq,legitimate,0
https://www.theguardian.com/help,legitimate,0
https://www.evernote.com/profile,legitimate,0
https://shop.medium.com/search,legitimate,0
http://shop.stackoverflow.com/terms,legitimate,0
https://figma.com/,legitimate,0
https://news.bbc.com/,legitimate,0
http://www.nytimes.com/login,legitimate,0
http://amazon.com/faq,legitimate,0
https://linkedin.com/feed,legitimate,0
http://docs.amazon.com,legitimate,0
http://evernote.com/terms,legitimate,0
https://www.linkedin.com/explore,legitimate,0
https://developer.evernote.com,legitimate,0
https://shop.zoom.us/download,legitimate,0
https://www.tumblr.com/privacy,legitimate,0
https://mail.zoom.us/,legitimate,0
http://slack.com/feed,legitimate,0
http://cloudflare.com/feed,legitimate,0
https://account.yahoo.com/faq,legitimate,0
https://www.medium.com/faq,legitimate,0
https://news.walmart.com/contact,legitimate,0
https://www.tumblr.com/download,legitimate,0
http://yahoo.com/feed,legitimate,0
http://www.bbc.com/download,legitimate,0
https://news.forbes.com/faq,legitimate,0
http://news.cloudflare.com/index.html,legitimate,0
https://amazon.com/explore,legitimate,0
https://twitter.com/about,legitimate,0
http://mail.netflix.com/help,legitimate,0
https://docs.paypal.com,legitimate,0
http://shop.forbes.com/home,legitimate,0
http://www.trello.com,legitimate,0
http://youtube.com/search,legitimate,0
http://shop.zoom.us/dashboard,legitimate,0
http://billing.mailchimp.com/download,legitimate,0
http://www.quora.com/home,legitimate,0
http://www.stackoverflow.com/help,legitimate,0
http://netflix.com/feed,legitimate,0
http://target.com/about,legitimate,0
http://mailchimp.com/home,legitimate,0
https://facebook.com/dashboard,legitimate,0
https://www.cloudflare.com/about,legitimate,0
https://account.facebook.com/dashboard,legitimate,0
http://www.trello.com/faq,legitimate,0
https://www.instagram.com,legitimate,0
http://evernote.com/dashboard,legitimate,0
https://www.forbes.com/download,legitimate,0
http://www.twitch.tv/terms,legitimate,0
https://billing.trello.com/dashboard,legitimate,0
https://linkedin.com/faq,legitimate,0
https://notion.so/privacy,legitimate,0
https://www.amazon.com/dashboard,legitimate,0
https://billing.github.com/terms,legitimate,0
https://youtube.com/index.html,legitimate,0
http://mail.notion.so/contact,legitimate,0
http://developer.ebay.com/download,legitimate,0
https://www.netflix.com/pricing,legitimate,0
http://www.google.com/settings,legitimate,0
http://www.trello.com/faq,legitimate,0
https://docs.trello.com/pricing,legitimate,0
http://canva.com/pricing,legitimate,0
https://billing.amazon.com/home,legitimate,0
https://www.theguardian.com/dashboard,legitimate,0
https://www.amazon.com,legitimate,0
http://www.apple.com/faq,legitimate,0
http://github.com/about,legitimate,0
http://support.cnn.com/,legitimate,0
http://www.cnn.com/faq,legitimate,0
http://google.com/home,legitimate,0
http://support.paypal.com/help,legitimate,0
https://www.apple.com/help,legitimate,0
https://tumblr.com/help,legitimate,0
https://billing.cloudflare.com/terms,legitimate,0
http://www.pinterest.com/help,legitimate,0
https://developer.quora.com,legitimate,0
http://blog.wikipedia.org/home,legitimate,0
http://news.linkedin.com/feed,legitimate,0
https://www.cloudflare.com/pricing,legitimate,0
http://www.twitch.tv/download,legitimate,0
https://paypal.com/about,legitimate,0
https://forbes.com/dashboard,legitimate,0
http://www.hubspot.com/feed,legitimate,0
https://account.dropbox.com/home,legitimate,0
https://blog.twitch.tv/feed,legitimate,0
http://www.microsoft.com/login,legitimate,0
https://blog.stackoverflow.com/contact,legitimate,0
https://www.yahoo.com/login,legitimate,0
https://www.dropbox.com/settings,legitimate,0
http://www.ebay.com/download,legitimate,0
http://blog.discord.com,legitimate,0
https://mailchimp.com/home,legitimate,0
https://reddit.com/home,legitimate,0
https://shop.instagram.com/index.html,legitimate,0
https://www.facebook.com/contact,legitimate,0
https://www.bbc.com/terms,legitimate,0
https://pinterest.com/,legitimate,0
https://support.google.com/login,legitimate,0
https://walmart.com/contact,legitimate,0
https://amazon.com/home,legitimate,0
http://www.dropbox.com/about,legitimate,0
https://account.yahoo.com/login,legitimate,0
https://github.com/settings,legitimate,0
https://twitter.com/contact,legitimate,0
http://developer.walmart.com/about,legitimate,0
http://dropbox.com/explore,legitimate,0
http://docs.stackoverflow.com/pricing,legitimate,0
https://evernote.com/login,legitimate,0
https://www.twitch.tv/faq,legitimate,0
https://www.cnn.com/login,legitimate,0
http://www.ebay.com/settings,legitimate,0
http://docs.figma.com/settings,legitimate,0
http://nytimes.com/feed,legitimate,0
https://www.cnn.com/login,legitimate,0
http://news.salesforce.com/index.html,legitimate,0
https://www.notion.so/terms,legitimate,0
https://cloudflare.com/contact,legitimate,0
http://docs.notion.so/login,legitimate,0
https://shop.cnn.com/profile,legitimate,0
http://www.nytimes.com/privacy,legitimate,0
http://news.tumblr.com/home,legitimate,0
http://pinterest.com/help,legitimate,0
http://docs.linkedin.com,legitimate,0
https://cnn.com,legitimate,0
https://shop.hubspot.com/dashboard,legitimate,0
https://support.target.com/login,legitimate,0
https://www.evernote.com/contact,legitimate,0
http://www.bbc.com/profile,legitimate,0
http://account.youtube.com/,legitimate,0
http://www.trello.com/dashboard,legitimate,0
http://www.facebook.com/,legitimate,0
https://account.discord.com/about,legitimate,0
http://discord.com/explore,legitimate,0
http://mail.hubspot.com/help,legitimate,0
http://news.microsoft.com/download,legitimate,0
https://www.cnn.com/terms,legitimate,0
http://billing.dropbox.com/settings,legitimate,0
http://walmart.com/,legitimate,0
https://www.walmart.com,legitimate,0
http://canva.com/feed,legitimate,0
http://www.wikipedia.org/search,legitimate,0
https://docs.discord.com/terms,legitimate,0
https://www.instagram.com/dashboard,legitimate,0
https://www.spotify.com/,legitimate,0
http://shop.bbc.com/pricing,legitimate,0
http://www.nytimes.com/terms,legitimate,0
https://www.quora.com/explore,legitimate,0
http://cnn.com/login,legitimate,0
https://www.bbc.com/dashboard,legitimate,0
https://www.cloudflare.com/pricing,legitimate,0
https://news.yahoo.com/faq,legitimate,0
https://www.wikipedia.org/settings,legitimate,0
http://docs.amazon.com/terms,legitimate,0
https://www.tumblr.com/index.html,legitimate,0
http://dropbox.com/index.html,legitimate,0
http://www.canva.com/faq,legitimate,0
http://www.notion.so/profile,legitimate,0
http://youtube.com/download,legitimate,0
https://www.reddit.com/docs,legitimate,0
http://account.canva.com/terms,legitimate,0
https://cloudflare.com/docs,legitimate,0
https://hubspot.com/settings,legitimate,0
http://www.yahoo.com/contact,legitimate,0
http://www.stripe.com/about,legitimate,0
http://notion.so/search,legitimate,0
https://youtube.com/search,legitimate,0
http://www.imdb.com/pricing,legitimate,0
http://microsoft.com/profile,legitimate,0
https://www.tumblr.com/faq,legitimate,0
https://www.cnn.com,legitimate,0
https://www.ebay.com/settings,legitimate,0
https://www.salesforce.com/index.html,legitimate,0
http://instagram.com/terms,legitimate,0
https://account.walmart.com/download,legitimate,0
http://medium.com/privacy,legitimate,0
https://www.walmart.com/explore,legitimate,0
https://netflix.com/login,legitimate,0
https://www.trello.com/pricing,legitimate,0
http://cnn.com/faq,legitimate,0
http://www.forbes.com/pricing,legitimate,0
http://www.netflix.com/feed,legitimate,0
http://www.youtube.com/privacy,legitimate,0
https://www.salesforce.com/search,legitimate,0
http://www.discord.com/feed,legitimate,0
https://trello.com/explore,legitimate,0
https://www.discord.com/index.html,legitimate,0
https://microsoft.com/docs,legitimate,0
http://tumblr.com/index.html,legitimate,0
http://news.figma.com/dashboard,legitimate,0
http://mailchimp.com/profile,legitimate,0
https://www.ebay.com/faq,legitimate,0
http://news.youtube.com/,legitimate,0
https://news.linkedin.com,legitimate,0
http://docs.discord.com/dashboard,legitimate,0
https://medium.com/download,legitimate,0
https://billing.figma.com/dashboard,legitimate,0
http://news.linkedin.com/profile,legitimate,0
https://www.twitch.tv/contact,legitimate,0
https://www.apple.com/explore,legitimate,0
http://youtube.com,legitimate,0
https://www.github.com/profile,legitimate,0
https://www.target.com/pricing,legitimate,0
http://cloudflare.com/about,legitimate,0
https://www.theguardian.com/pricing,legitimate,0
http://stackoverflow.com/contact,legitimate,0
https://www.cnn.com/explore,legitimate,0
https://ebay.com/contact,legitimate,0
http://www.apple.com/pricing,legitimate,0
https://www.pinterest.com/search,legitimate,0
http://www.walmart.com/docs,legitimate,0
https://www.linkedin.com/dashboard,legitimate,0
http://docs.slack.com/pricing,legitimate,0
http://imdb.com/,legitimate,0
https://nytimes.com/feed,legitimate,0
https://www.bbc.com/privacy,legitimate,0
http://www.salesforce.com/feed,legitimate,0
https://walmart.com/about,legitimate,0
http://blog.cnn.com/dashboard,legitimate,0
http://spotify.com/download,legitimate,0
http://www.instagram.com/dashboard,legitimate,0
https://www.tumblr.com/feed,legitimate,0
http://www.target.com/profile,legitimate,0
http://spotify.com/help,legitimate,0
https://account.paypal.com/docs,legitimate,0
https://wikipedia.org/search,legitimate,0
https://www.pinterest.com/about,legitimate,0
http://cnn.com/,legitimate,0
http://developer.imdb.com/help,legitimate,0
http://netflix.com/login,legitimate,0
http://twitch.tv/about,legitimate,0
https://www.quora.com/terms,legitimate,0
https://theguardian.com/terms,legitimate,0
https://medium.com/help,legitimate,0
https://twitch.tv/login,legitimate,0
http://developer.twitter.com/dashboard,legitimate,0
https://evernote.com/help,legitimate,0
http://support.salesforce.com,legitimate,0
http://www.target.com/docs,legitimate,0
http://reddit.com/,legitimate,0
http://yahoo.com/faq,legitimate,0
http://www.pinterest.com/about,legitimate,0
https://youtube.com/contact,legitimate,0
https://www.twitch.tv/home,legitimate,0
https://www.canva.com/settings,legitimate,0
https://developer.twitter.com/feed,legitimate,0
https://www.slack.com/help,legitimate,0
http://billing.canva.com/index.html,legitimate,0
http://developer.apple.com/pricing,legitimate,0
http://bbc.com/dashboard,legitimate,0
http://docs.hubspot.com/home,legitimate,0
http://account.stripe.com/download,legitimate,0
https://www.canva.com/index.html,legitimate,0
http://linkedin.com/settings,legitimate,0
https://www.twitch.tv/terms,legitimate,0
https://facebook.com/download,legitimate,0
https://www.figma.com/login,legitimate,0
http://www.dropbox.com/profile,legitimate,0
https://instagram.com/docs,legitimate,0
https://www.facebook.com/index.html,legitimate,0
http://www.walmart.com/docs,legitimate,0
http://www.zoom.us/about,legitimate,0
https://ebay.com/profile,legitimate,0
https://shop.youtube.com,legitimate,0
http://microsoft.com/help,legitimate,0
http://shop.ebay.com/help,legitimate,0
http://billing.cloudflare.com/explore,legitimate,0
http://linkedin.com,legitimate,0
https://mailchimp.com/contact,legitimate,0
https://www.stripe.com/home,legitimate,0
https://shop.forbes.com/contact,legitimate,0
https://www.netflix.com/help,legitimate,0
http://microsoft.com/home,legitimate,0
http://www.youtube.com/docs,legitimate,0
https://www.quora.com/explore,legitimate,0
https://twitter.com/pricing,legitimate,0
http://news.walmart.com/privacy,legitimate,0
http://www.notion.so/help,legitimate,0
http://docs.wikipedia.org/download,legitimate,0
https://shop.spotify.com/faq,legitimate,0
https://support.figma.com/help,legitimate,0
https://news.stripe.com/feed,legitimate,0
http://microsoft.com/settings,legitimate,0
https://www.trello.com/search,legitimate,0
https://billing.zoom.us/privacy,legitimate,0
http://www.slack.com/pricing,legitimate,0
http://target.com/contact,legitimate,0
http://mail.nytimes.com/home,legitimate,0
https://ebay.com/help,legitimate,0
https://www.discord.com/search,legitimate,0
https://youtube.com/feed,legitimate,0
http://developer.microsoft.com/about,legitimate,0
https://www.canva.com/login,legitimate,0
https://mail.stackoverflow.com/help,legitimate,0
http://www.facebook.com/faq,legitimate,0
http://blog.bbc.com/privacy,legitimate,0
https://www.evernote.com/login,legitimate,0
https://billing.twitter.com/faq,legitimate,0
https://microsoft.com/login,legitimate,0
https://twitch.tv/docs,legitimate,0
http://stripe.com/feed,legitimate,0
http://github.com/docs,legitimate,0
http://nytimes.com/dashboard,legitimate,0
http://amazon.com/profile,legitimate,0
http://www.paypal.com/search,legitimate,0
https://www.stackoverflow.com/home,legitimate,0
http://www.evernote.com/download,legitimate,0
http://www.netflix.com,legitimate,0
https://www.spotify.com/explore,legitimate,0
https://notion.so/,legitimate,0
https://paypal.com/download,legitimate,0
http://www.hubspot.com/faq,legitimate,0
http://www.google.com/profile,legitimate,0
https://www.stripe.com/contact,legitimate,0
http://developer.notion.so/contact,legitimate,0
http://forbes.com/dashboard,legitimate,0
http://blog.forbes.com/settings,legitimate,0
https://mail.imdb.com/settings,legitimate,0
http://youtube.com/faq,legitimate,0
http://www.canva.com/download,legitimate,0
https://www.pinterest.com/download,legitimate,0
http://stripe.com/login,legitimate,0
http://support.google.com/docs,legitimate,0
http://docs.walmart.com/terms,legitimate,0
https://www.twitch.tv/terms,legitimate,0
https://shop.medium.com/login,legitimate,0
http://account.github.com/feed,legitimate,0
http://canva.com/pricing,legitimate,0
https://canva.com/home,legitimate,0
http://www.yahoo.com/feed,legitimate,0
http://billing.theguardian.com/explore,legitimate,0
http://www.paypal.com/pricing,legitimate,0
http://news.figma.com/about,legitimate,0
https://cnn.com/docs,legitimate,0
https://account.instagram.com/contact,legitimate,0
http://microsoft.com/faq,legitimate,0
http://mail.figma.com/login,legitimate,0
https://developer.twitch.tv/,legitimate,0
https://www.discord.com/feed,legitimate,0
http://www.youtube.com/home,legitimate,0
https://www.wikipedia.org/settings,legitimate,0
http://cnn.com,legitimate,0
https://www.yahoo.com/,legitimate,0
http://news.discord.com/terms,legitimate,0
http://www.nytimes.com/privacy,legitimate,0
https://blog.paypal.com/docs,legitimate,0
http://spotify.com/index.html,legitimate,0
http://notion.so/dashboard,legitimate,0
https://news.tumblr.com/index.html,legitimate,0
https://www.paypal.com/settings,legitimate,0
https://github.com/privacy,legitimate,0
https://billing.github.com/help,legitimate,0
https://mail.forbes.com/about,legitimate,0
https://medium.com/terms,legitimate,0
http://mail.ebay.com/dashboard,legitimate,0
http://cnn.com,legitimate,0
http://figma.com,legitimate,0
http://www.amazon.com/login,legitimate,0
https://twitch.tv/home,legitimate,0
https://netflix.com/settings,legitimate,0
http://target.com/dashboard,legitimate,0
https://www.wikipedia.org/settings,legitimate,0
http://www.netflix.com/pricing,legitimate,0
http://www.instagram.com/,legitimate,0
https://docs.walmart.com/search,legitimate,0
http://account.slack.com/login,legitimate,0
http://www.evernote.com/faq,legitimate,0
http://www.youtube.com/pricing,legitimate,0
https://www.imdb.com/terms,legitimate,0
https://docs.stripe.com/home,legitimate,0
http://www.trello.com/index.html,legitimate,0
https://www.forbes.com/about,legitimate,0
https://www.imdb.com/docs,legitimate,0
https://www.target.com/settings,legitimate,0
https://nytimes.com/profile,legitimate,0
http://www.paypal.com/contact,legitimate,0
http://forbes.com/terms,legitimate,0
https://notion.so/login,legitimate,0
https://www.canva.com/contact,legitimate,0
http://developer.pinterest.com/docs,legitimate,0
http://docs.spotify.com/dashboard,legitimate,0
https://news.zoom.us,legitimate,0
https://www.nytimes.com,legitimate,0
https://www.imdb.com/help,legitimate,0
http://stripe.com/index.html,legitimate,0
https://news.instagram.com/feed,legitimate,0
http://www.slack.com/about,legitimate,0
https://www.cloudflare.com/contact,legitimate,0
http://youtube.com/profile,legitimate,0
http://target.com/settings,legitimate,0
https://www.cloudflare.com/,legitimate,0
http://news.ebay.com/contact,legitimate,0
https://docs.notion.so/login,legitimate,0
http://billing.cnn.com/about,legitimate,0
https://billing.hubspot.com/privacy,legitimate,0
https://mail.linkedin.com/index.html,legitimate,0
https://support.stackoverflow.com/download,legitimate,0
http://docs.youtube.com/faq,legitimate,0
http://www.google.com/pricing,legitimate,0
https://www.figma.com/profile,legitimate,0
https://www.cnn.com/feed,legitimate,0
https://tumblr.com/pricing,legitimate,0
http://notion.so/contact,legitimate,0
http://mail.youtube.com/search,legitimate,0
http://github.com/about,legitimate,0
http://paypal.com/login,legitimate,0
https://www.youtube.com/terms,legitimate,0
http://twitter.com/help,legitimate,0
https://zoom.us/download,legitimate,0
https://mail.target.com/docs,legitimate,0
https://news.instagram.com/index.html,legitimate,0
https://www.spotify.com/index.html,legitimate,0
https://www.wikipedia.org/settings,legitimate,0
http://hubspot.com/,legitimate,0
https://www.notion.so/login,legitimate,0
http://docs.salesforce.com/privacy,legitimate,0
https://www.evernote.com/pricing,legitimate,0
https://developer.hubspot.com,legitimate,0
http://www.walmart.com/contact,legitimate,0
https://ebay.com/index.html,legitimate,0
https://paypal.com/download,legitimate,0
http://www.nytimes.com/privacy,legitimate,0
http://linkedin.com/,legitimate,0
https://www.walmart.com/pricing,legitimate,0
http://support.forbes.com/home,legitimate,0
https://www.ebay.com/dashboard,legitimate,0
http://theguardian.com/terms,legitimate,0
https://bbc.com/faq,legitimate,0
https://www.github.com/contact,legitimate,0
https://www.github.com/help,legitimate,0
http://billing.zoom.us/terms,legitimate,0
http://www.figma.com/dashboard,legitimate,0
https://www.facebook.com/help,legitimate,0
https://www.stackoverflow.com/search,legitimate,0
http://medium.com/help,legitimate,0
http://notion.so/about,legitimate,0
https://yahoo.com/feed,legitimate,0
https://netflix.com/settings,legitimate,0
http://docs.walmart.com/feed,legitimate,0
https://github.com/settings,legitimate,0
https://www.apple.com/dashboard,legitimate,0
https://youtube.com/about,legitimate,0
http://hubspot.com/home,legitimate,0
http://www.reddit.com/settings,legitimate,0
http://www.cloudflare.com/about,legitimate,0
http://netflix.com/home,legitimate,0
https://docs.slack.com/feed,legitimate,0
http://www.paypal.com/search,legitimate,0
https://billing.github.com/faq,legitimate,0
http://www.medium.com/,legitimate,0
http://blog.walmart.com/help,legitimate,0
https://www.salesforce.com/privacy,legitimate,0
https://blog.slack.com/download,legitimate,0
http://news.evernote.com/about,legitimate,0
http://developer.mailchimp.com/help,legitimate,0
http://www.walmart.com/explore,legitimate,0
https://github.com/docs,legitimate,0
https://discord.com/pricing,legitimate,0
http://cloudflare.com/profile,legitimate,0
https://twitch.tv/docs,legitimate,0
http://docs.facebook.com/docs,legitimate,0
http://www.evernote.com/pricing,legitimate,0
http://www.spotify.com/profile,legitimate,0
http://trello.com/search,legitimate,0
http://www.amazon.com/settings,legitimate,0
https://twitter.com/login,legitimate,0
https://forbes.com/contact,legitimate,0
http://docs.zoom.us/profile,legitimate,0
http://ebay.com/home,legitimate,0
http://www.twitch.tv/feed,legitimate,0
http://shop.stripe.com,legitimate,0
http://notion.so/search,legitimate,0
https://www.stackoverflow.com/download,legitimate,0
http://www.amazon.com/dashboard,legitimate,0
https://shop.figma.com/contact,legitimate,0
http://news.youtube.com/feed,legitimate,0
https://discord.com,legitimate,0
http://www.stackoverflow.com/pricing,legitimate,0
http://shop.forbes.com/settings,legitimate,0
http://quora.com/,legitimate,0
https://www.quora.com/privacy,legitimate,0
http://notion.so/index.html,legitimate,0
http://www.twitter.com/dashboard,legitimate,0
http://microsoft.com/login,legitimate,0
https://www.ebay.com/help,legitimate,0
https://yahoo.com/explore,legitimate,0
http://twitch.tv/download,legitimate,0
https://cloudflare.com/download,legitimate,0
https://www.figma.com/explore,legitimate,0
https://forbes.com/pricing,legitimate,0
http://www.reddit.com/home,legitimate,0
https://www.salesforce.com/help,legitimate,0
https://billing.discord.com/terms,legitimate,0
https://account.hubspot.com/docs,legitimate,0
http://netflix.com/docs,legitimate,0
https://shop.medium.com/download,legitimate,0
http://www.evernote.com/docs,legitimate,0
https://www.stripe.com/docs,legitimate,0
http://www.target.com/about,legitimate,0
http://target.com/pricing,legitimate,0
http://shop.apple.com/terms,legitimate,0
https://shop.facebook.com/search,legitimate,0
https://support.forbes.com/settings,legitimate,0
https://www.figma.com/faq,legitimate,0
https://twitter.com/download,legitimate,0
http://www.microsoft.com/profile,legitimate,0
https://evernote.com,legitimate,0
https://www.zoom.us/explore,legitimate,0
https://google.com/profile,legitimate,0
https://www.salesforce.com/docs,legitimate,0
http://amazon.com/faq,legitimate,0
https://nytimes.com/profile,legitimate,0
https://ebay.com/login,legitimate,0
https://forbes.com/explore,legitimate,0
https://mail.google.com/profile,legitimate,0
https://www.apple.com/contact,legitimate,0
https://trello.com/,legitimate,0
https://shop.discord.com/docs,legitimate,0
https://wikipedia.org/explore,legitimate,0
https://www.medium.com/contact,legitimate,0
https://www.youtube.com,legitimate,0
http://docs.salesforce.com/index.html,legitimate,0
https://mail.microsoft.com/about,legitimate,0
https://shop.twitter.com/dashboard,legitimate,0
http://account.github.com/privacy,legitimate,0
https://www.canva.com/login,legitimate,0
https://dropbox.com/dashboard,legitimate,0
https://www.stripe.com/dashboard,legitimate,0
https://evernote.com/search,legitimate,0
https://support.target.com/feed,legitimate,0
https://figma.com/settings,legitimate,0
http://mail.forbes.com/terms,legitimate,0
https://ebay.com/dashboard,legitimate,0
http://www.apple.com/dashboard,legitimate,0
http://www.youtube.com/privacy,legitimate,0
http://shop.paypal.com/search,legitimate,0
https://target.com/login,legitimate,0
http://docs.canva.com/search,legitimate,0
https://cloudflare.com/help,legitimate,0
http://slack.com/contact,legitimate,0
https://docs.ebay.com/docs,legitimate,0
http://www.spotify.com/,legitimate,0
http://stackoverflow.com/dashboard,legitimate,0
http://forbes.com/,legitimate,0
https://docs.slack.com/download,legitimate,0
http://www.paypal.com,legitimate,0
https://github.com/,legitimate,0
https://amazon.com/about,legitimate,0
https://docs.amazon.com/pricing,legitimate,0
http://github.com/search,legitimate,0
http://blog.medium.com/settings,legitimate,0
http://www.paypal.com/contact,legitimate,0
http://cloudflare.com/explore,legitimate,0
http://www.trello.com/pricing,legitimate,0
http://www.youtube.com/explore,legitimate,0
http://www.ebay.com/faq,legitimate,0
https://account.apple.com/profile,legitimate,0
http://www.evernote.com/settings,legitimate,0
http://account.nytimes.com/index.html,legitimate,0
http://blog.nytimes.com/contact,legitimate,0
https://google.com/download,legitimate,0
http://www.figma.com/explore,legitimate,0
http://www.discord.com/terms,legitimate,0
https://instagram.com/explore,legitimate,0
https://www.pinterest.com/feed,legitimate,0
http://developer.wikipedia.org/explore,legitimate,0
http://nytimes.com/,legitimate,0
http://www.salesforce.com/home,legitimate,0
http://www.hubspot.com/home,legitimate,0
http://docs.walmart.com/about,legitimate,0
https://stripe.com/explore,legitimate,0
http://theguardian.com/contact,legitimate,0
http://www.pinterest.com/settings,legitimate,0
http://www.figma.com/index.html,legitimate,0
https://www.netflix.com/profile,legitimate,0
https://shop.discord.com,legitimate,0
https://twitter.com/index.html,legitimate,0
http://www.stripe.com/settings,legitimate,0
http://cloudflare.com/about,legitimate,0
https://www.apple.com/download,legitimate,0
https://news.reddit.com/about,legitimate,0
https://www.apple.com/contact,legitimate,0
http://www.paypal.com/privacy,legitimate,0
https://twitch.tv/index.html,legitimate,0
http://www.yahoo.com/dashboard,legitimate,0
https://nytimes.com/help,legitimate,0
https://tumblr.com,legitimate,0
https://theguardian.com,legitimate,0
http://billing.tumblr.com/help,legitimate,0
http://developer.canva.com/dashboard,legitimate,0
http://www.medium.com/feed,legitimate,0
http://shop.wikipedia.org/feed,legitimate,0
http://evernote.com/explore,legitimate,0
https://www.instagram.com/download,legitimate,0
http://www.trello.com/privacy,legitimate,0
http://www.salesforce.com/contact,legitimate,0
https://paypal.com/feed,legitimate,0
https://developer.trello.com/search,legitimate,0
http://shop.target.com/index.html,legitimate,0
http://www.salesforce.com/login,legitimate,0
http://support.github.com/home,legitimate,0
https://www.amazon.com/settings,legitimate,0
http://www.instagram.com/help,legitimate,0
https://microsoft.com/index.html,legitimate,0
https://shop.youtube.com/about,legitimate,0
http://www.stackoverflow.com/profile,legitimate,0
http://mail.linkedin.com/faq,legitimate,0
http://mail.zoom.us/search,legitimate,0
https://www.slack.com/faq,legitimate,0
http://pinterest.com/login,legitimate,0
http://amazon.com/dashboard,legitimate,0
https://mail.cloudflare.com/home,legitimate,0
http://shop.google.com/settings,legitimate,0
https://billing.github.com/explore,legitimate,0
http://www.hubspot.com/home,legitimate,0
https://www.google.com/faq,legitimate,0
http://twitch.tv/search,legitimate,0
http://ebay.com/settings,legitimate,0
https://www.spotify.com/settings,legitimate,0
https://support.quora.com/help,legitimate,0
https://www.slack.com/,legitimate,0
http://blog.reddit.com/search,legitimate,0
https://www.notion.so/settings,legitimate,0
https://www.notion.so/dashboard,legitimate,0
http://www.notion.so/explore,legitimate,0
https://account.twitch.tv/settings,legitimate,0
https://www.twitter.com/home,legitimate,0
http://discord.com/docs,legitimate,0
https://trello.com/help,legitimate,0
http://reddit.com/contact,legitimate,0
https://developer.quora.com/login,legitimate,0
https://www.hubspot.com/about,legitimate,0
https://www.nytimes.com/about,legitimate,0
https://mail.stripe.com/dashboard,legitimate,0
http://blog.notion.so/search,legitimate,0
https://notion.so/help,legitimate,0
http://stripe.com/explore,legitimate,0
https://news.slack.com/profile,legitimate,0
http://instagram.com/login,legitimate,0
https://www.stripe.com/download,legitimate,0
https://www.quora.com/terms,legitimate,0
http://support.twitter.com/terms,legitimate,0
https://www.stripe.com/pricing,legitimate,0
http://twitter.com/dashboard,legitimate,0
https://notion.so,legitimate,0
http://account.theguardian.com/help,legitimate,0
https://account.forbes.com/login,legitimate,0
https://ebay.com/about,legitimate,0
https://www.spotify.com/login,legitimate,0
https://blog.reddit.com/about,legitimate,0
https://www.facebook.com/index.html,legitimate,0
https://www.cloudflare.com/faq,legitimate,0
https://shop.google.com/search,legitimate,0
http://www.twitch.tv/faq,legitimate,0
http://blog.cnn.com/dashboard,legitimate,0
http://billing.bbc.com/contact,legitimate,0
https://facebook.com/contact,legitimate,0
https://linkedin.com/privacy,legitimate,0
https://www.tumblr.com/home,legitimate,0
http://mail.pinterest.com/profile,legitimate,0
http://www.evernote.com/index.html,legitimate,0
http://shop.netflix.com/faq,legitimate,0
https://mail.tumblr.com/contact,legitimate,0
http://billing.stripe.com/download,legitimate,0
https://spotify.com/pricing,legitimate,0
http://www.medium.com/index.html,legitimate,0
http://mail.instagram.com/faq,legitimate,0
http://www.paypal.com/index.html,legitimate,0
http://www.netflix.com/search,legitimate,0
http://slack.com/search,legitimate,0
http://apple.com/download,legitimate,0
http://www.twitter.com/download,legitimate,0
http://www.imdb.com/profile,legitimate,0
https://spotify.com/explore,legitimate,0
https://developer.hubspot.com/faq,legitimate,0
http://news.linkedin.com/profile,legitimate,0
https://account.netflix.com/home,legitimate,0
https://shop.tumblr.com/,legitimate,0
http://docs.ebay.com/pricing,legitimate,0
http://www.dropbox.com/docs,legitimate,0
http://www.theguardian.com/search,legitimate,0
http://www.figma.com/dashboard,legitimate,0
https://medium.com/index.html,legitimate,0
https://amazon.com/settings,legitimate,0
http://www.hubspot.com/download,legitimate,0
https://www.bbc.com/faq,legitimate,0
https://target.com/contact,legitimate,0
https://shop.forbes.com/feed,legitimate,0
https://account.ebay.com/,legitimate,0
http://blog.theguardian.com/search,legitimate,0
https://www.linkedin.com/download,legitimate,0
http://www.cnn.com/explore,legitimate,0
https://zoom.us/search,legitimate,0
https://www.nytimes.com/settings,legitimate,0
http://paypal.com/terms,legitimate,0
http://www.stripe.com/download,legitimate,0
https://news.cnn.com/,legitimate,0
http://www.evernote.com/dashboard,legitimate,0
http://google.com/feed,legitimate,0
https://www.google.com/login,legitimate,0
http://amazon.com/download,legitimate,0
https://cnn.com,legitimate,0
https://nytimes.com/explore,legitimate,0
http://www.canva.com/about,legitimate,0
http://www.salesforce.com/docs,legitimate,0
https://www.canva.com,legitimate,0
http://github.com/settings,legitimate,0
https://www.figma.com/dashboard,legitimate,0
https://blog.github.com/help,legitimate,0
http://www.cnn.com/faq,legitimate,0
http://www.notion.so/download,legitimate,0
http://twitter.com,legitimate,0
https://www.bbc.com,legitimate,0
https://www.zoom.us/pricing,legitimate,0
https://www.twitch.tv/settings,legitimate,0
http://www.medium.com/privacy,legitimate,0
https://medium.com/profile,legitimate,0
https://support.medium.com/pricing,legitimate,0
https://news.twitter.com/download,legitimate,0
https://docs.paypal.com/home,legitimate,0
https://notion.so/,legitimate,0
http://canva.com,legitimate,0
https://slack.com/pricing,legitimate,0
http://zoom.us/pricing,legitimate,0
http://www.canva.com/,legitimate,0
http://www.cloudflare.com/profile,legitimate,0
http://spotify.com/,legitimate,0
https://wikipedia.org/dashboard,legitimate,0
https://www.tumblr.com/privacy,legitimate,0
https://pinterest.com/help,legitimate,0
http://www.instagram.com/login,legitimate,0
https://zoom.us/feed,legitimate,0
http://billing.ebay.com/feed,legitimate,0
https://walmart.com/explore,legitimate,0
https://paypal.com/privacy,legitimate,0
https://www.stripe.com/contact,legitimate,0
https://yahoo.com/faq,legitimate,0
http://support.nytimes.com/contact,legitimate,0
https://github.com/pricing,legitimate,0
http://www.cloudflare.com/docs,legitimate,0
https://nytimes.com/pricing,legitimate,0
https://blog.tumblr.com/home,legitimate,0
http://www.wikipedia.org/contact,legitimate,0
http://news.forbes.com/download,legitimate,0
https://www.bbc.com/explore,legitimate,0
http://shop.tumblr.com/contact,legitimate,0
https://quora.com/contact,legitimate,0
https://www.bbc.com/download,legitimate,0
http://twitch.tv/profile,legitimate,0
https://facebook.com/faq,legitimate,0
https://paypal.com/home,legitimate,0
http://www.wikipedia.org/search,legitimate,0
https://google.com/feed,legitimate,0
http://imdb.com/profile,legitimate,0
https://shop.twitch.tv/dashboard,legitimate,0
https://www.stackoverflow.com/profile,legitimate,0
https://forbes.com/terms,legitimate,0
https://shop.pinterest.com/privacy,legitimate,0
https://spotify.com/profile,legitimate,0
https://billing.notion.so/home,legitimate,0
http://docs.canva.com/feed,legitimate,0
https://cnn.com/about,legitimate,0
http://github.com/terms,legitimate,0
http://blog.twitch.tv,legitimate,0
http://notion.so/privacy,legitimate,0
https://yahoo.com/pricing,legitimate,0
https://news.notion.so/login,legitimate,0
https://www.twitter.com/explore,legitimate,0
http://google.com/,legitimate,0
https://tumblr.com/home,legitimate,0
https://forbes.com/dashboard,legitimate,0
https://nytimes.com/terms,legitimate,0
http://www.zoom.us/help,legitimate,0
https://forbes.com/profile,legitimate,0
https://twitter.com/faq,legitimate,0
http://mail.figma.com/home,legitimate,0
https://stackoverflow.com/pricing,legitimate,0
http://www.stripe.com/settings,legitimate,0
https://shop.instagram.com/help,legitimate,0
https://twitter.com/settings,legitimate,0
http://mail.zoom.us/login,legitimate,0
http://ebay.com/home,legitimate,0
https://shop.zoom.us/privacy,legitimate,0
https://salesforce.com/settings,legitimate,0
http://tumblr.com/help,legitimate,0
http://support.yahoo.com,legitimate,0
https://www.netflix.com/explore,legitimate,0
http://instagram.com/terms,legitimate,0
http://amazon.com/dashboard,legitimate,0
https://www.dropbox.com/dashboard,legitimate,0
http://www.mailchimp.com/pricing,legitimate,0
http://blog.medium.com/explore,legitimate,0
http://www.forbes.com/faq,legitimate,0
http://account.stackoverflow.com/explore,legitimate,0
https://billing.figma.com/download,legitimate,0
https://cloudflare.com,legitimate,0
https://www.imdb.com/help,legitimate,0
https://dropbox.com/feed,legitimate,0
https://www.netflix.com/faq,legitimate,0
http://stackoverflow.com/,legitimate,0
https://mail.netflix.com/explore,legitimate,0
https://www.wikipedia.org/login,legitimate,0
https://news.microsoft.com,legitimate,0
https://amazon.com/search,legitimate,0
https://www.figma.com/home,legitimate,0
https://news.linkedin.com/download,legitimate,0
http://www.zoom.us/docs,legitimate,0
https://netflix.com/,legitimate,0
https://bbc.com/about,legitimate,0
https://www.hubspot.com/docs,legitimate,0
http://billing.discord.com/search,legitimate,0
http://www.amazon.com/download,legitimate,0
http://blog.reddit.com/explore,legitimate,0
https://www.apple.com/faq,legitimate,0
https://www.spotify.com/explore,legitimate,0
http://cloudflare.com/pricing,legitimate,0
https://twitter.com/index.html,legitimate,0
http://www.youtube.com/search,legitimate,0
http://blog.twitter.com/index.html,legitimate,0
https://discord.com/contact,legitimate,0
https://tumblr.com/index.html,legitimate,0
https://www.facebook.com/,legitimate,0
http://www.google.com/feed,legitimate,0
http://shop.github.com/dashboard,legitimate,0
http://mailchimp.com/login,legitimate,0
http://shop.bbc.com/login,legitimate,0
https://www.slack.com/help,legitimate,0
https://netflix.com/docs,legitimate,0
https://mail.stackoverflow.com/contact,legitimate,0
https://blog.theguardian.com/privacy,legitimate,0
http://zoom.us/settings,legitimate,0
http://www.facebook.com/explore,legitimate,0
https://docs.ebay.com/index.html,legitimate,0
https://billing.cnn.com/login,legitimate,0
https://www.imdb.com/index.html,legitimate,0
http://www.spotify.com/about,legitimate,0
http://tumblr.com/terms,legitimate,0
http://yahoo.com/about,legitimate,0
http://www.pinterest.com/docs,legitimate,0
https://mail.cnn.com/,legitimate,0
http://www.figma.com/privacy,legitimate,0
https://www.bbc.com/privacy,legitimate,0
http://hubspot.com/pricing,legitimate,0
http://support.facebook.com/privacy,legitimate,0
https://docs.imdb.com,legitimate,0
https://www.slack.com/about,legitimate,0
http://slack.com/docs,legitimate,0
https://www.evernote.com/faq,legitimate,0
http://apple.com/login,legitimate,0
http://notion.so/dashboard,legitimate,0
https://www.ebay.com/help,legitimate,0
https://tumblr.com/docs,legitimate,0
https://nytimes.com/home,legitimate,0
https://developer.facebook.com/privacy,legitimate,0
http://www.canva.com/help,legitimate,0
https://youtube.com/pricing,legitimate,0
http://support.apple.com/index.html,legitimate,0
https://www.notion.so/index.html,legitimate,0
http://www.theguardian.com/contact,legitimate,0
http://amazon.com/pricing,legitimate,0
http://github.com/feed,legitimate,0
http://www.forbes.com/about,legitimate,0
http://developer.quora.com/explore,legitimate,0
https://account.github.com/index.html,legitimate,0
https://developer.spotify.com,legitimate,0
https://cnn.com/dashboard,legitimate,0
https://www.theguardian.com,legitimate,0
http://blog.trello.com/terms,legitimate,0
https://github.com/pricing,legitimate,0
https://www.reddit.com/feed,legitimate,0
https://docs.quora.com,legitimate,0
http://discord.com/settings,legitimate,0
https://news.evernote.com/pricing,legitimate,0
http://www.forbes.com/pricing,legitimate,0
http://evernote.com/pricing,legitimate,0
http://blog.ebay.com/about,legitimate,0
http://www.salesforce.com/pricing,legitimate,0
http://amazon.com/login,legitimate,0
https://www.figma.com/login,legitimate,0
http://billing.twitter.com/docs,legitimate,0
https://www.reddit.com/search,legitimate,0
http://www.instagram.com/contact,legitimate,0
http://www.evernote.com/pricing,legitimate,0
http://www.stackoverflow.com/download,legitimate,0
http://support.pinterest.com/settings,legitimate,0
http://figma.com/,legitimate,0
https://cloudflare.com/download,legitimate,0
http://quora.com/pricing,legitimate,0
https://www.github.com/privacy,legitimate,0
http://www.canva.com/home,legitimate,0
http://www.spotify.com/download,legitimate,0
https://twitter.com/home,legitimate,0
https://www.paypal.com/profile,legitimate,0
https://amazon.com/index.html,legitimate,0
https://paypal.com/terms,legitimate,0
https://www.forbes.com/index.html,legitimate,0
http://www.linkedin.com/docs,legitimate,0
http://stripe.com/search,legitimate,0
http://docs.medium.com/explore,legitimate,0
http://www.amazon.com/home,legitimate,0
https://instagram.com/docs,legitimate,0
https://twitch.tv/profile,legitimate,0
https://cnn.com/feed,legitimate,0
https://cnn.com,legitimate,0
http://www.paypal.com/index.html,legitimate,0
https://www.spotify.com/docs,legitimate,0
https://www.google.com/about,legitimate,0
https://www.dropbox.com/help,legitimate,0
https://blog.pinterest.com/login,legitimate,0
https://forbes.com,legitimate,0
https://www.instagram.com/contact,legitimate,0
https://stackoverflow.com/index.html,legitimate,0
https://www.nytimes.com/contact,legitimate,0
https://developer.imdb.com/settings,legitimate,0
http://www.bbc.com/explore,legitimate,0
https://github.com/profile,legitimate,0
http://mail.walmart.com/settings,legitimate,0
https://docs.cnn.com/pricing,legitimate,0
http://shop.tumblr.com/dashboard,legitimate,0
https://www.canva.com/contact,legitimate,0
http://developer.yahoo.com/docs,legitimate,0
https://www.pinterest.com/terms,legitimate,0
http://support.stripe.com/download,legitimate,0
http://instagram.com/about,legitimate,0
http://dropbox.com/search,legitimate,0
https://docs.cloudflare.com/feed,legitimate,0
https://google.com/dashboard,legitimate,0
https://evernote.com/terms,legitimate,0
http://docs.yahoo.com/explore,legitimate,0
http://theguardian.com/contact,legitimate,0
https://www.ebay.com/index.html,legitimate,0
http://www.spotify.com/contact,legitimate,0
https://www.cnn.com/,legitimate,0
http://instagram.com/docs,legitimate,0
https://www.walmart.com/explore,legitimate,0
https://twitch.tv,legitimate,0
https://www.linkedin.com/explore,legitimate,0
https://account.facebook.com/dashboard,legitimate,0
https://www.twitter.com/pricing,legitimate,0
http://www.dropbox.com/explore,legitimate,0
https://www.cnn.com/privacy,legitimate,0
https://www.mailchimp.com/docs,legitimate,0
http://www.target.com/login,legitimate,0
https://google.com/home,legitimate,0
https://developer.canva.com/search,legitimate,0
https://cloudflare.com/faq,legitimate,0
https://www.facebook.com/login,legitimate,0
https://pinterest.com/dashboard,legitimate,0
http://support.microsoft.com/home,legitimate,0
http://spotify.com/home,legitimate,0
http://news.instagram.com/download,legitimate,0
https://www.salesforce.com/help,legitimate,0
http://developer.nytimes.com/search,legitimate,0
https://www.amazon.com/feed,legitimate,0
https://docs.yahoo.com/index.html,legitimate,0
http://google.com/contact,legitimate,0
http://cnn.com/login,legitimate,0
http://docs.theguardian.com/download,legitimate,0
http://support.evernote.com/home,legitimate,0
https://cloudflare.com/explore,legitimate,0
http://billing.github.com/explore,legitimate,0
https://www.canva.com/about,legitimate,0
http://billing.twitter.com/home,legitimate,0
http://mail.instagram.com/search,legitimate,0
https://tumblr.com,legitimate,0
http://www.dropbox.com/profile,legitimate,0
https://dropbox.com/pricing,legitimate,0
https://www.bbc.com/pricing,legitimate,0
http://www.tumblr.com/feed,legitimate,0
https://www.slack.com/pricing,legitimate,0
https://notion.so/about,legitimate,0
http://account.cnn.com/download,legitimate,0
http://mail.wikipedia.org/search,legitimate,0
https://wikipedia.org/,legitimate,0
http://forbes.com/login,legitimate,0
http://docs.mailchimp.com/explore,legitimate,0
http://stackoverflow.com/profile,legitimate,0
http://reddit.com/feed,legitimate,0
http://www.google.com/login,legitimate,0
https://account.target.com/help,legitimate,0
http://spotify.com/index.html,legitimate,0
https://www.evernote.com/home,legitimate,0
https://www.zoom.us,legitimate,0
https://microsoft.com,legitimate,0
http://news.google.com/help,legitimate,0
https://facebook.com,legitimate,0
http://docs.bbc.com/about,legitimate,0
https://discord.com/dashboard,legitimate,0
http://news.dropbox.com/faq,legitimate,0
http://www.cloudflare.com/docs,legitimate,0
https://www.zoom.us/download,legitimate,0
http://www.hubspot.com/download,legitimate,0
https://www.stackoverflow.com/home,legitimate,0
http://medium.com/terms,legitimate,0
http://amazon.com/contact,legitimate,0
http://www.paypal.com/faq,legitimate,0
http://pinterest.com/feed,legitimate,0
http://shop.figma.com/profile,legitimate,0
http://walmart.com/download,legitimate,0
http://canva.com/docs,legitimate,0
http://google.com/help,legitimate,0
https://news.netflix.com/download,legitimate,0
http://billing.salesforce.com/about,legitimate,0
http://www.yahoo.com/settings,legitimate,0
https://reddit.com/settings,legitimate,0
https://www.discord.com,legitimate,0
http://developer.google.com/,legitimate,0
http://www.twitch.tv/download,legitimate,0
https://mail.tumblr.com/home,legitimate,0
https://shop.amazon.com/settings,legitimate,0
https://www.dropbox.com/search,legitimate,0
http://www.twitter.com/profile,legitimate,0
http://www.apple.com/terms,legitimate,0
http://developer.linkedin.com/contact,legitimate,0
http://www.imdb.com/contact,legitimate,0
http://discord.com/terms,legitimate,0
http://slack.com/pricing,legitimate,0
https://blog.trello.com/dashboard,legitimate,0
http://www.canva.com/docs,legitimate,0
http://www.youtube.com/faq,legitimate,0
https://linkedin.com/privacy,legitimate,0
http://docs.bbc.com/feed,legitimate,0
https://billing.quora.com/settings,legitimate,0
https://notion.so,legitimate,0
http://www.wikipedia.org/index.html,legitimate,0
https://support.twitter.com/dashboard,legitimate,0
https://support.nytimes.com/dashboard,legitimate,0
https://mail.walmart.com/download,legitimate,0
https://docs.netflix.com/faq,legitimate,0
http://hubspot.com/home,legitimate,0
http://support.google.com/help,legitimate,0
https://google.com/home,legitimate,0
https://medium.com/contact,legitimate,0
https://bbc.com/docs,legitimate,0
http://discord.com/explore,legitimate,0
http://forbes.com/profile,legitimate,0
http://canva.com/home,legitimate,0
https://salesforce.com/search,legitimate,0
https://account.mailchimp.com/faq,legitimate,0
https://www.twitch.tv/settings,legitimate,0
https://www.cloudflare.com/profile,legitimate,0
http://shop.twitter.com/docs,legitimate,0
http://youtube.com/settings,legitimate,0
http://mail.slack.com,legitimate,0
http://www.stripe.com/privacy,legitimate,0
http://www.linkedin.com/docs,legitimate,0
http://microsoft.com/feed,legitimate,0
https://developer.theguardian.com/explore,legitimate,0
https://blog.netflix.com/feed,legitimate,0
http://news.linkedin.com/profile,legitimate,0
http://stripe.com/help,legitimate,0
http://news.salesforce.com/about,legitimate,0
http://blog.spotify.com/terms,legitimate,0
http://billing.notion.so/index.html,legitimate,0
https://www.microsoft.com/search,legitimate,0
https://www.hubspot.com/help,legitimate,0
http://docs.medium.com/login,legitimate,0
https://www.yahoo.com/,legitimate,0
http://yahoo.com/docs,legitimate,0
http://billing.youtube.com/about,legitimate,0
http://mail.trello.com/explore,legitimate,0
https://billing.github.com/contact,legitimate,0
http://www.hubspot.com/settings,legitimate,0
https://docs.microsoft.com/pricing,legitimate,0
https://mail.youtube.com/login,legitimate,0
https://google.com/feed,legitimate,0
http://billing.yahoo.com/dashboard,legitimate,0
https://www.github.com/contact,legitimate,0
http://www.dropbox.com/privacy,legitimate,0
https://www.canva.com/explore,legitimate,0
https://linkedin.com/download,legitimate,0
http://cnn.com/search,legitimate,0
https://billing.zoom.us,legitimate,0
https://www.slack.com/feed,legitimate,0
https://www.yahoo.com/faq,legitimate,0
https://account.bbc.com/settings,legitimate,0
http://forbes.com/login,legitimate,0
http://support.youtube.com/,legitimate,0
http://www.github.com/dashboard,legitimate,0
https://imdb.com/dashboard,legitimate,0
https://www.yahoo.com/terms,legitimate,0
https://figma.com/privacy,legitimate,0
https://www.linkedin.com/profile,legitimate,0
https://cnn.com/download,legitimate,0
https://www.nytimes.com/settings,legitimate,0
https://youtube.com/contact,legitimate,0
http://www.nytimes.com/,legitimate,0
http://shop.linkedin.com/pricing,legitimate,0
http://instagram.com/docs,legitimate,0
https://www.dropbox.com/contact,legitimate,0
http://medium.com/search,legitimate,0
https://stackoverflow.com/pricing,legitimate,0
https://www.medium.com/,legitimate,0
https://trello.com/about,legitimate,0
http://www.dropbox.com/privacy,legitimate,0
https://ebay.com/explore,legitimate,0
http://mail.yahoo.com/index.html,legitimate,0
http://cnn.com/feed,legitimate,0
https://news.discord.com/feed,legitimate,0
http://docs.tumblr.com/dashboard,legitimate,0
https://www.figma.com/privacy,legitimate,0
http://reddit.com/home,legitimate,0
https://support.imdb.com/contact,legitimate,0
https://developer.netflix.com/,legitimate,0
https://news.evernote.com/login,legitimate,0
https://tumblr.com/profile,legitimate,0
http://wikipedia.org/profile,legitimate,0
http://slack.com/explore,legitimate,0
http://reddit.com/explore,legitimate,0
https://shop.wikipedia.org/settings,legitimate,0
https://www.youtube.com/privacy,legitimate,0
http://support.reddit.com,legitimate,0
http://www.canva.com/,legitimate,0
https://www.hubspot.com/settings,legitimate,0
http://shop.quora.com/download,legitimate,0
http://www.evernote.com/search,legitimate,0
https://www.hubspot.com/profile,legitimate,0
https://docs.twitch.tv/dashboard,legitimate,0
http://www.tumblr.com/feed,legitimate,0
http://support.ebay.com,legitimate,0
https://support.salesforce.com/dashboard,legitimate,0
http://www.evernote.com,legitimate,0
http://www.facebook.com/feed,legitimate,0
http://figma.com/,legitimate,0
https://support.imdb.com/dashboard,legitimate,0
https://pinterest.com/profile,legitimate,0
http://stackoverflow.com/about,legitimate,0
https://billing.wikipedia.org/search,legitimate,0
https://hubspot.com/download,legitimate,0
http://www.facebook.com/faq,legitimate,0
https://www.pinterest.com/profile,legitimate,0
https://developer.facebook.com/privacy,legitimate,0
https://yahoo.com/download,legitimate,0
http://mail.yahoo.com/search,legitimate,0
https://developer.cloudflare.com/pricing,legitimate,0
https://www.netflix.com,legitimate,0
http://www.zoom.us/pricing,legitimate,0
http://www.target.com,legitimate,0
https://twitch.tv/home,legitimate,0
https://mail.reddit.com/dashboard,legitimate,0
http://www.walmart.com/,legitimate,0
https://shop.amazon.com/index.html,legitimate,0
https://billing.quora.com/faq,legitimate,0
http://account.instagram.com/download,legitimate,0
https://www.salesforce.com/download,legitimate,0
http://www.github.com/terms,legitimate,0
http://www.medium.com/feed,legitimate,0
https://www.instagram.com/search,legitimate,0
http://www.amazon.com/feed,legitimate,0
https://developer.nytimes.com/privacy,legitimate,0
https://www.stackoverflow.com/terms,legitimate,0
https://figma.com/terms,legitimate,0
https://www.twitch.tv/dashboard,legitimate,0
http://figma.com/pricing,legitimate,0
https://www.paypal.com/contact,legitimate,0
https://microsoft.com/login,legitimate,0
http://support.nytimes.com/login,legitimate,0
https://www.youtube.com/about,legitimate,0
https://blog.theguardian.com/explore,legitimate,0
http://notion.so/faq,legitimate,0
https://zoom.us/dashboard,legitimate,0
https://dropbox.com/docs,legitimate,0
http://news.canva.com/settings,legitimate,0
http://blog.apple.com/terms,legitimate,0
https://walmart.com/terms,legitimate,0
http://www.spotify.com/docs,legitimate,0
https://account.walmart.com/profile,legitimate,0
https://www.cnn.com/dashboard,legitimate,0
https://billing.theguardian.com/terms,legitimate,0
http://www.slack.com/dashboard,legitimate,0
https://reddit.com/pricing,legitimate,0
http://billing.spotify.com/login,legitimate,0
http://instagram.com/settings,legitimate,0
http://www.stackoverflow.com/about,legitimate,0
http://support.twitter.com/search,legitimate,0
http://reddit.com/faq,legitimate,0
https://www.facebook.com/faq,legitimate,0
https://www.youtube.com/feed,legitimate,0
https://support.canva.com/docs,legitimate,0
https://www.instagram.com/login,legitimate,0
http://www.pinterest.com/index.html,legitimate,0
https://support.salesforce.com/login,legitimate,0
http://mail.stackoverflow.com/index.html,legitimate,0
http://blog.zoom.us/profile,legitimate,0
http://account.yahoo.com/dashboard,legitimate,0
https://theguardian.com/dashboard,legitimate,0
https://account.paypal.com/,legitimate,0
https://walmart.com/explore,legitimate,0
https://www.nytimes.com/home,legitimate,0
http://blog.cnn.com/settings,legitimate,0
https://docs.amazon.com/download,legitimate,0
https://www.yahoo.com/help,legitimate,0
https://figma.com/profile,legitimate,0
http://paypal.com/feed,legitimate,0
http://account.apple.com/settings,legitimate,0
https://support.cnn.com/help,legitimate,0
http://www.forbes.com/help,legitimate,0
http://instagram.com/settings,legitimate,0
http://www.medium.com/pricing,legitimate,0
https://www.spotify.com/login,legitimate,0
http://shop.linkedin.com/help,legitimate,0
http://www.hubspot.com/search,legitimate,0
https://www.bbc.com/contact,legitimate,0
http://www.spotify.com/profile,legitimate,0
http://www.trello.com/pricing,legitimate,0
http://tumblr.com/help,legitimate,0
https://developer.facebook.com/settings,legitimate,0
http://quora.com/about,legitimate,0
https://mail.target.com/dashboard,legitimate,0
https://billing.youtube.com,legitimate,0
http://mail.zoom.us/feed,legitimate,0
https://www.reddit.com/feed,legitimate,0
https://blog.notion.so/search,legitimate,0
http://www.zoom.us/pricing,legitimate,0
https://account.medium.com,legitimate,0
https://www.twitter.com/download,legitimate,0
http://microsoft.com/settings,legitimate,0
http://paypal.com/search,legitimate,0
https://support.instagram.com/explore,legitimate,0
http://blog.tumblr.com/index.html,legitimate,0
https://mail.figma.com,legitimate,0
https://account.netflix.com/login,legitimate,0
http://docs.discord.com/dashboard,legitimate,0
http://account.youtube.com/settings,legitimate,0
http://twitter.com/profile,legitimate,0
http://www.canva.com/index.html,legitimate,0
https://shop.tumblr.com/help,legitimate,0
http://account.medium.com/explore,legitimate,0
https://news.notion.so/feed,legitimate,0
https://quora.com,legitimate,0
http://www.cloudflare.com/help,legitimate,0
https://www.netflix.com/index.html,legitimate,0
https://reddit.com/help,legitimate,0
https://notion.so/privacy,legitimate,0
http://account.quora.com/search,legitimate,0
https://www.figma.com/settings,legitimate,0
http://spotify.com/terms,legitimate,0
http://www.mailchimp.com/contact,legitimate,0
http://www.spotify.com/search,legitimate,0
http://news.nytimes.com/download,legitimate,0
https://www.mailchimp.com/index.html,legitimate,0
http://microsoft.com/download,legitimate,0
https://trello.com/login,legitimate,0
https://www.microsoft.com/download,legitimate,0
http://blog.imdb.com/pricing,legitimate,0
http://www.instagram.com/pricing,legitimate,0
http://support.spotify.com/privacy,legitimate,0
http://billing.microsoft.com/home,legitimate,0
http://account.reddit.com/privacy,legitimate,0
http://account.pinterest.com/help,legitimate,0
http://www.linkedin.com/about,legitimate,0
http://www.figma.com/about,legitimate,0
https://google.com/settings,legitimate,0
https://docs.twitter.com/faq,legitimate,0
http://wikipedia.org/privacy,legitimate,0
http://yahoo.com/feed,legitimate,0
https://developer.google.com/contact,legitimate,0
http://www.walmart.com/settings,legitimate,0
http://www.pinterest.com/faq,legitimate,0
https://mail.netflix.com/login,legitimate,0
https://pinterest.com/terms,legitimate,0
https://blog.walmart.com/explore,legitimate,0
http://billing.ebay.com/profile,legitimate,0
http://google.com/search,legitimate,0
https://mail.netflix.com/home,legitimate,0
https://spotify.com/index.html,legitimate,0
https://blog.trello.com/pricing,legitimate,0
http://www.bbc.com/login,legitimate,0
https://www.slack.com/explore,legitimate,0
http://www.theguardian.com/dashboard,legitimate,0
https://microsoft.com/profile,legitimate,0
https://shop.trello.com/help,legitimate,0
http://mail.canva.com/feed,legitimate,0
https://www.evernote.com/feed,legitimate,0
http://docs.imdb.com/contact,legitimate,0
http://google.com/contact,legitimate,0
http://developer.github.com,legitimate,0
http://cloudflare.com/profile,legitimate,0
https://www.facebook.com/profile,legitimate,0
http://mailchimp.com/profile,legitimate,0
http://www.youtube.com/help,legitimate,0
http://nytimes.com/faq,legitimate,0
https://www.youtube.com/privacy,legitimate,0
https://amazon.com/pricing,legitimate,0
https://www.paypal.com/,legitimate,0
http://mail.tumblr.com/contact,legitimate,0
https://developer.spotify.com/about,legitimate,0
http://salesforce.com/explore,legitimate,0
http://github.com/download,legitimate,0
https://apple.com/docs,legitimate,0
https://support.github.com/download,legitimate,0
http://blog.google.com/settings,legitimate,0
http://www.instagram.com/dashboard,legitimate,0
http://billing.amazon.com/terms,legitimate,0
http://amazon.com/about,legitimate,0
https://www.walmart.com,legitimate,0
https://paypal.com/feed,legitimate,0
http://mail.medium.com/settings,legitimate,0
https://www.wikipedia.org/explore,legitimate,0
http://www.linkedin.com/terms,legitimate,0
http://github.com/profile,legitimate,0
https://www.pinterest.com/docs,legitimate,0
http://www.dropbox.com/terms,legitimate,0
http://developer.theguardian.com/docs,legitimate,0
https://www.slack.com/home,legitimate,0
https://www.stripe.com/settings,legitimate,0
https://developer.bbc.com/faq,legitimate,0
http://mail.reddit.com/profile,legitimate,0
https://www.facebook.com/login,legitimate,0
https://evernote.com/terms,legitimate,0
http://developer.slack.com/terms,legitimate,0
https://developer.twitter.com/feed,legitimate,0
https://www.nytimes.com/dashboard,legitimate,0
http://dropbox.com/settings,legitimate,0
https://news.apple.com,legitimate,0
http://www.walmart.com/terms,legitimate,0
http://www.medium.com/profile,legitimate,0
http://www.nytimes.com/explore,legitimate,0
http://bbc.com/login,legitimate,0
http://www.quora.com/explore,legitimate,0
https://blog.microsoft.com/settings,legitimate,0
https://linkedin.com/dashboard,legitimate,0
https://www.netflix.com/feed,legitimate,0
http://evernote.com,legitimate,0
https://discord.com/settings,legitimate,0
https://reddit.com/pricing,legitimate,0
https://hubspot.com/faq,legitimate,0
http://www.microsoft.com/feed,legitimate,0
https://news.hubspot.com/explore,legitimate,0
https://news.slack.com/docs,legitimate,0
https://www.linkedin.com/dashboard,legitimate,0
https://www.twitch.tv/pricing,legitimate,0
http://dropbox.com/help,legitimate,0
https://docs.apple.com/search,legitimate,0
http://www.bbc.com,legitimate,0
http://mail.stackoverflow.com/home,legitimate,0
http://reddit.com/settings,legitimate,0
http://www.slack.com/about,legitimate,0
http://www.discord.com/explore,legitimate,0
http://www.figma.com/about,legitimate,0
https://shop.theguardian.com/login,legitimate,0
http://www.hubspot.com/login,legitimate,0
http://spotify.com/home,legitimate,0
http://cnn.com/explore,legitimate,0
http://www.canva.com/profile,legitimate,0
https://www.bbc.com/feed,legitimate,0
http://developer.cloudflare.com/login,legitimate,0
https://shop.slack.com/index.html,legitimate,0
https://www.walmart.com/profile,legitimate,0
https://account.evernote.com/pricing,legitimate,0
https://www.facebook.com/login,legitimate,0
http://www.wikipedia.org/privacy,legitimate,0
http://www.zoom.us/settings,legitimate,0
https://www.apple.com/settings,legitimate,0
http://trello.com/dashboard,legitimate,0
http://www.instagram.com/feed,legitimate,0
https://account.notion.so/search,legitimate,0
https://mail.twitter.com/home,legitimate,0
https://www.tumblr.com/feed,legitimate,0
http://theguardian.com/terms,legitimate,0
http://spotify.com/feed,legitimate,0
https://blog.paypal.com/login,legitimate,0
http://account.amazon.com/dashboard,legitimate,0
http://www.youtube.com/about,legitimate,0
http://www.instagram.com/contact,legitimate,0
http://support.bbc.com/faq,legitimate,0
https://www.quora.com/help,legitimate,0
https://www.mailchimp.com/about,legitimate,0
http://account.facebook.com/privacy,legitimate,0
http://blog.twitch.tv/profile,legitimate,0
https://youtube.com/pricing,legitimate,0
https://www.evernote.com/privacy,legitimate,0
http://stackoverflow.com,legitimate,0
http://target.com/settings,legitimate,0
http://www.paypal.com/privacy,legitimate,0
http://www.nytimes.com/faq,legitimate,0
https://www.spotify.com/feed,legitimate,0
http://www.cnn.com/contact,legitimate,0
https://www.notion.so/,legitimate,0
https://news.dropbox.com/index.html,legitimate,0
https://www.discord.com/settings,legitimate,0
http://news.evernote.com,legitimate,0
https://billing.microsoft.com/privacy,legitimate,0
http://www.figma.com,legitimate,0
http://account.cnn.com/search,legitimate,0
http://slack.com/privacy,legitimate,0
https://www.reddit.com/contact,legitimate,0
https://www.apple.com/about,legitimate,0
http://www.dropbox.com/contact,legitimate,0
http://www.spotify.com/feed,legitimate,0
https://developer.forbes.com/faq,legitimate,0
http://www.cnn.com/docs,legitimate,0
http://apple.com/explore,legitimate,0
http://www.zoom.us/docs,legitimate,0
https://www.walmart.com/pricing,legitimate,0
http://paypal.com,legitimate,0
https://blog.target.com/download,legitimate,0
https://billing.figma.com,legitimate,0
http://microsoft.com/terms,legitimate,0
http://www.youtube.com/privacy,legitimate,0
http://account.github.com/about,legitimate,0
http://developer.medium.com/about,legitimate,0
http://www.linkedin.com/settings,legitimate,0
https://quora.com/docs,legitimate,0
http://docs.ebay.com/docs,legitimate,0
https://www.bbc.com/login,legitimate,0
http://evernote.com/index.html,legitimate,0
https://www.hubspot.com/pricing,legitimate,0
http://figma.com/profile,legitimate,0
https://billing.forbes.com,legitimate,0
http://news.wikipedia.org/settings,legitimate,0
http://www.notion.so/download,legitimate,0
http://twitter.com/home,legitimate,0
http://microsoft.com/feed,legitimate,0
http://medium.com/help,legitimate,0
https://zoom.us/index.html,legitimate,0
http://pinterest.com/dashboard,legitimate,0
http://www.trello.com/profile,legitimate,0
http://linkedin.com/home,legitimate,0
http://cloudflare.com/terms,legitimate,0
http://www.microsoft.com/terms,legitimate,0
http://news.trello.com/settings,legitimate,0
https://ebay.com/settings,legitimate,0
http://support.stackoverflow.com,legitimate,0
https://www.netflix.com/terms,legitimate,0
https://www.bbc.com/download,legitimate,0
http://news.microsoft.com/feed,legitimate,0
https://billing.spotify.com/download,legitimate,0
http://www.stripe.com/about,legitimate,0
http://www.slack.com,legitimate,0
https://discord.com/contact,legitimate,0
https://www.ebay.com/login,legitimate,0
https://www.evernote.com/terms,legitimate,0
https://github.com/feed,legitimate,0
https://shop.twitter.com/dashboard,legitimate,0
https://support.forbes.com/faq,legitimate,0
https://www.quora.com/download,legitimate,0
https://www.apple.com/search,legitimate,0
https://facebook.com/privacy,legitimate,0
http://www.amazon.com/contact,legitimate,0
https://blog.discord.com/,legitimate,0
https://walmart.com/terms,legitimate,0
http://forbes.com/,legitimate,0
http://nytimes.com/login,legitimate,0
http://www.github.com/login,legitimate,0
https://www.discord.com/terms,legitimate,0
https://www.instagram.com/docs,legitimate,0
https://billing.target.com/docs,legitimate,0
https://www.ebay.com/profile,legitimate,0
http://www.bbc.com/help,legitimate,0
http://www.forbes.com/search,legitimate,0
http://support.imdb.com/download,legitimate,0
http://apple.com/help,legitimate,0
https://developer.nytimes.com/help,legitimate,0
https://canva.com/settings,legitimate,0
https://www.paypal.com/faq,legitimate,0
https://stackoverflow.com/contact,legitimate,0
http://www.spotify.com/download,legitimate,0
http://mail.discord.com/privacy,legitimate,0
https://billing.netflix.com/dashboard,legitimate,0
https://www.microsoft.com/about,legitimate,0
https://developer.nytimes.com/privacy,legitimate,0
http://pinterest.com/help,legitimate,0
http://discord.com/dashboard,legitimate,0
http://www.discord.com/pricing,legitimate,0
http://notion.so/,legitimate,0
http://developer.linkedin.com/docs,legitimate,0
http://www.github.com/contact,legitimate,0
http://www.youtube.com/dashboard,legitimate,0
http://www.imdb.com/faq,legitimate,0
https://docs.bbc.com/docs,legitimate,0
http://medium.com/about,legitimate,0
http://news.walmart.com/help,legitimate,0
https://shop.cnn.com/search,legitimate,0
http://billing.slack.com/,legitimate,0
https://www.zoom.us/profile,legitimate,0
http://www.instagram.com/help,legitimate,0
https://www.figma.com/home,legitimate,0
https://www.quora.com/contact,legitimate,0
https://spotify.com/terms,legitimate,0
http://account.twitch.tv,legitimate,0
https://mail.spotify.com/feed,legitimate,0
http://spotify.com/docs,legitimate,0
https://www.zoom.us/contact,legitimate,0
http://support.youtube.com/home,legitimate,0
https://www.notion.so/help,legitimate,0
https://bbc.com/feed,legitimate,0
https://www.facebook.com/download,legitimate,0
http://www.twitch.tv/terms,legitimate,0
http://mail.yahoo.com/terms,legitimate,0
https://forbes.com/about,legitimate,0
https://www.target.com/contact,legitimate,0
https://www.evernote.com/docs,legitimate,0
https://apple.com/terms,legitimate,0
http://news.mailchimp.com/pricing,legitimate,0
https://shop.twitch.tv,legitimate,0
http://stackoverflow.com/dashboard,legitimate,0
http://www.stackoverflow.com/terms,legitimate,0
http://www.stripe.com/contact,legitimate,0
http://github.com/home,legitimate,0
https://twitter.com,legitimate,0
https://blog.dropbox.com/index.html,legitimate,0
http://salesforce.com/contact,legitimate,0
https://canva.com/profile,legitimate,0
https://www.youtube.com/home,legitimate,0
http://www.youtube.com/docs,legitimate,0
https://trello.com/docs,legitimate,0
http://slack.com/terms,legitimate,0
https://bbc.com/terms,legitimate,0
https://instagram.com/help,legitimate,0
http://www.github.com/contact,legitimate,0
https://www.nytimes.com/profile,legitimate,0
https://google.com/explore,legitimate,0
http://dropbox.com/feed,legitimate,0
http://www.stripe.com/settings,legitimate,0
https://mail.stripe.com/explore,legitimate,0
http://www.stripe.com/dashboard,legitimate,0
https://apple.com/terms,legitimate,0
https://blog.netflix.com/home,legitimate,0
http://ebay.com/contact,legitimate,0
http://developer.figma.com/about,legitimate,0
http://theguardian.com/home,legitimate,0
https://microsoft.com,legitimate,0
http://www.notion.so/feed,legitimate,0
http://www.youtube.com,legitimate,0
http://www.facebook.com/home,legitimate,0
http://www.slack.com/privacy,legitimate,0
https://google.com/feed,legitimate,0
https://www.yahoo.com/login,legitimate,0
http://www.forbes.com/docs,legitimate,0
https://billing.google.com/settings,legitimate,0
http://www.linkedin.com/dashboard,legitimate,0
http://billing.twitter.com/help,legitimate,0
http://linkedin.com/search,legitimate,0
https://salesforce.com/index.html,legitimate,0
https://www.target.com/login,legitimate,0
https://www.apple.com/settings,legitimate,0
http://news.walmart.com/download,legitimate,0
http://www.canva.com/feed,legitimate,0
https://billing.facebook.com/explore,legitimate,0
https://google.com/home,legitimate,0
https://notion.so/dashboard,legitimate,0
https://www.nytimes.com/feed,legitimate,0
https://www.trello.com/contact,legitimate,0
http://www.forbes.com/docs,legitimate,0
https://support.bbc.com/dashboard,legitimate,0
http://www.zoom.us/help,legitimate,0
http://mail.zoom.us/download,legitimate,0
http://www.canva.com,legitimate,0
https://evernote.com/login,legitimate,0
https://account.twitch.tv/home,legitimate,0
http://www.canva.com/faq,legitimate,0
https://notion.so/download,legitimate,0
https://blog.stackoverflow.com,legitimate,0
https://developer.ebay.com/home,legitimate,0
https://www.forbes.com/search,legitimate,0
https://twitter.com/about,legitimate,0
https://blog.target.com/pricing,legitimate,0
https://notion.so/settings,legitimate,0
http://www.nytimes.com/docs,legitimate,0
http://blog.discord.com,legitimate,0
https://support.imdb.com/settings,legitimate,0
https://billing.yahoo.com/,legitimate,0
http://nytimes.com/about,legitimate,0
https://stripe.com/pricing,legitimate,0
http://medium.com/feed,legitimate,0
https://www.linkedin.com/explore,legitimate,0
https://billing.netflix.com/contact,legitimate,0
http://blog.tumblr.com/dashboard,legitimate,0
https://mail.discord.com/download,legitimate,0
https://www.stackoverflow.com/docs,legitimate,0
http://mail.target.com/docs,legitimate,0
https://mail.zoom.us/profile,legitimate,0
https://www.instagram.com/docs,legitimate,0
http://mailchimp.com/help,legitimate,0
http://docs.twitter.com/index.html,legitimate,0
http://docs.cnn.com/pricing,legitimate,0
